productID,shopID,name,price
1,1927,Jacket Puma,12000
2,512,Cap Gucci,75000
3,1138,Handbag Gucci,90000
4,1749,Jacket Adidas,85000
5,1249,Jacket Zara,38000
6,1519,Jeans Uniqlo,34000
7,1469,Jacket Adidas,85000
8,747,Backpack Adidas,17000
9,963,Cap Puma,57000
10,806,Backpack Uniqlo,36000
11,1776,Hoodie LouisVuitton,41000
12,1405,Hoodie LouisVuitton,19000
13,1046,TShirt Adidas,68000
14,1332,TShirt Gucci,13000
15,1013,Handbag Zara,84000
16,331,Sneakers Gucci,94000
17,1330,Jeans Gucci,12000
18,1994,Jeans Uniqlo,74000
19,306,Backpack Puma,70000
20,1542,Jacket Gucci,43000
21,1119,Sneakers Puma,91000
22,1977,Handbag Nike,91000
23,1938,Sneakers Puma,36000
24,1453,Hoodie Nike,45000
25,1558,Jeans Puma,39000
26,497,Sneakers LouisVuitton,25000
27,1147,TShirt Gucci,14000
28,722,Jeans Uniqlo,25000
29,1873,Backpack H&M,39000
30,1107,Hoodie H&M,35000
31,1336,Backpack LouisVuitton,89000
32,53,Jeans LouisVuitton,13000
33,1142,TShirt Uniqlo,97000
34,335,Handbag Gucci,94000
35,864,Backpack Puma,67000
36,1062,Jeans Puma,21000
37,446,Handbag Adidas,53000
38,1781,Cap Uniqlo,62000
39,1707,Handbag Uniqlo,97000
40,566,Backpack Zara,61000
41,1459,Jeans Nike,88000
42,327,Jacket LouisVuitton,80000
43,1411,Sneakers Uniqlo,69000
44,1798,Jeans Zara,46000
45,12,Cap H&M,73000
46,1397,Handbag H&M,56000
47,896,TShirt Uniqlo,42000
48,1190,Hoodie Adidas,53000
49,1379,Jacket Zara,84000
50,1630,Hoodie Adidas,65000
51,1498,TShirt Gucci,88000
52,70,Hoodie Adidas,77000
53,895,Backpack Gucci,61000
54,1397,Jeans LouisVuitton,79000
55,570,Sneakers Adidas,57000
56,1031,Sneakers Adidas,54000
57,985,TShirt Nike,64000
58,952,Sneakers Puma,10000
59,361,Sneakers Puma,67000
60,361,Hoodie LouisVuitton,68000
61,601,TShirt Nike,80000
62,1690,Handbag Puma,10000
63,1806,Sneakers Gucci,98000
64,1309,Jeans H&M,77000
65,441,Jeans H&M,88000
66,1161,Backpack H&M,82000
67,834,Jeans Zara,29000
68,564,Jacket LouisVuitton,78000
69,1440,Jacket Uniqlo,96000
70,904,Sneakers Adidas,41000
71,398,TShirt LouisVuitton,75000
72,318,Backpack Uniqlo,69000
73,520,TShirt LouisVuitton,36000
74,1701,Backpack H&M,86000
75,1899,Sneakers H&M,33000
76,1291,Sneakers Gucci,16000
77,1416,Backpack Nike,29000
78,1122,Backpack Nike,18000
79,448,Hoodie Nike,69000
80,668,Cap Adidas,35000
81,1785,Sneakers LouisVuitton,64000
82,159,Handbag Uniqlo,36000
83,519,Handbag LouisVuitton,97000
84,1218,Jacket H&M,21000
85,1875,Handbag Puma,96000
86,797,Handbag H&M,51000
87,1671,Jacket Zara,50000
88,301,Sneakers LouisVuitton,65000
89,512,Cap Uniqlo,15000
90,1517,Backpack Gucci,92000
91,1066,Jacket LouisVuitton,22000
92,508,Jeans LouisVuitton,14000
93,551,Backpack Nike,81000
94,973,Jacket Nike,10000
95,872,Jacket LouisVuitton,60000
96,1890,Handbag Uniqlo,17000
97,81,Backpack H&M,33000
98,209,TShirt Uniqlo,62000
99,873,TShirt H&M,33000
100,607,Handbag Zara,49000
101,535,TShirt LouisVuitton,24000
102,870,Hoodie Adidas,49000
103,1494,TShirt Uniqlo,53000
104,498,TShirt Zara,40000
105,1217,Hoodie LouisVuitton,48000
106,1391,Jacket Uniqlo,85000
107,663,Handbag Uniqlo,46000
108,717,Hoodie Uniqlo,90000
109,1591,Sneakers Zara,69000
110,1356,Handbag LouisVuitton,56000
111,1445,Hoodie Uniqlo,40000
112,1728,Jeans LouisVuitton,29000
113,419,Jeans Zara,43000
114,429,TShirt LouisVuitton,69000
115,392,Jeans LouisVuitton,45000
116,875,Cap Uniqlo,70000
117,1276,Sneakers Adidas,41000
118,1426,Jacket LouisVuitton,40000
119,889,Cap Nike,93000
120,1535,Jacket H&M,67000
121,1819,TShirt Gucci,82000
122,301,Backpack H&M,88000
123,1392,Hoodie Nike,90000
124,1116,Hoodie Adidas,62000
125,521,Backpack Adidas,43000
126,350,Sneakers Adidas,54000
127,70,Sneakers LouisVuitton,68000
128,324,Backpack LouisVuitton,77000
129,1470,Sneakers Uniqlo,77000
130,868,Backpack Nike,87000
131,628,TShirt Gucci,85000
132,902,Handbag Gucci,37000
133,1842,Sneakers Zara,28000
134,338,Hoodie H&M,71000
135,641,Hoodie Adidas,40000
136,563,Hoodie Zara,49000
137,1054,Jeans Zara,71000
138,1590,Jeans Puma,97000
139,311,Jeans Gucci,71000
140,379,Cap Zara,64000
141,603,Jeans Zara,18000
142,290,Hoodie Adidas,44000
143,781,Backpack Zara,53000
144,1631,Handbag Puma,65000
145,33,Sneakers Nike,98000
146,1399,Sneakers LouisVuitton,47000
147,221,Hoodie Nike,29000
148,624,Hoodie Gucci,73000
149,553,Hoodie Adidas,33000
150,1844,TShirt Puma,65000
151,175,Hoodie H&M,68000
152,190,Hoodie Nike,24000
153,507,Cap Puma,42000
154,490,Handbag Adidas,14000
155,203,Hoodie Adidas,57000
156,1481,TShirt Zara,89000
157,175,Sneakers Zara,35000
158,1898,Handbag Gucci,80000
159,1370,Cap Uniqlo,49000
160,1314,Hoodie Uniqlo,20000
161,622,Jeans Zara,36000
162,1044,Handbag Uniqlo,46000
163,196,Jacket Uniqlo,33000
164,729,TShirt Nike,29000
165,1553,Jacket Puma,85000
166,969,Hoodie Puma,57000
167,754,Jacket H&M,62000
168,1728,TShirt Adidas,33000
169,1296,Backpack Nike,54000
170,89,Backpack Zara,92000
171,796,Hoodie Adidas,55000
172,502,Backpack Gucci,79000
173,404,Sneakers Puma,98000
174,741,Sneakers Gucci,28000
175,1803,TShirt Adidas,85000
176,635,TShirt Puma,79000
177,1477,Sneakers Zara,28000
178,1293,Jacket Zara,60000
179,167,Sneakers Uniqlo,29000
180,1970,Jeans Puma,48000
181,1323,Jacket H&M,77000
182,610,Jeans Nike,83000
183,1001,Hoodie Gucci,54000
184,297,Jacket H&M,55000
185,1311,Sneakers Gucci,54000
186,1620,Backpack H&M,19000
187,666,TShirt Uniqlo,96000
188,1986,Cap Uniqlo,26000
189,1850,Sneakers Gucci,29000
190,1075,Handbag Puma,28000
191,737,Backpack Nike,18000
192,428,Jacket Puma,54000
193,1732,Jeans H&M,81000
194,897,Hoodie Gucci,52000
195,520,Jacket LouisVuitton,32000
196,1513,Handbag Zara,56000
197,1749,Sneakers Zara,71000
198,1070,Handbag LouisVuitton,88000
199,518,Jeans Nike,94000
200,953,TShirt Adidas,95000
201,71,Jacket Nike,81000
202,841,Cap Zara,63000
203,277,Jeans Gucci,93000
204,1917,Cap Adidas,51000
205,753,TShirt Puma,68000
206,245,Cap Uniqlo,11000
207,1405,Handbag LouisVuitton,68000
208,1972,Sneakers LouisVuitton,58000
209,1500,TShirt LouisVuitton,92000
210,176,Hoodie Adidas,48000
211,1494,Sneakers H&M,52000
212,1136,Cap Zara,31000
213,1521,Cap Uniqlo,33000
214,973,Backpack Adidas,65000
215,1225,TShirt Zara,70000
216,209,Jeans Zara,90000
217,1320,TShirt Puma,59000
218,970,Handbag LouisVuitton,13000
219,414,Jeans Zara,10000
220,1847,Jeans H&M,78000
221,1769,Hoodie LouisVuitton,21000
222,1641,Handbag H&M,61000
223,654,Handbag Adidas,84000
224,1379,Backpack H&M,88000
225,1326,Sneakers Uniqlo,98000
226,826,Jeans Uniqlo,68000
227,1073,Backpack Zara,68000
228,1158,Sneakers Gucci,86000
229,1614,Jeans Puma,32000
230,30,Backpack Zara,52000
231,912,Backpack Nike,78000
232,687,Jacket LouisVuitton,24000
233,882,Cap Puma,76000
234,182,Handbag Uniqlo,30000
235,339,TShirt LouisVuitton,60000
236,752,Jacket Puma,21000
237,1379,Handbag Gucci,10000
238,689,Jacket Uniqlo,67000
239,1603,Handbag Nike,29000
240,297,Cap LouisVuitton,33000
241,1033,Backpack H&M,29000
242,1104,Handbag Nike,26000
243,601,Backpack Adidas,75000
244,1403,Sneakers Nike,69000
245,268,Jeans Gucci,44000
246,964,Jeans Uniqlo,62000
247,300,Handbag Uniqlo,37000
248,1877,Backpack Gucci,12000
249,373,Jacket Nike,48000
250,1309,Jeans Uniqlo,51000
251,1462,Sneakers Zara,68000
252,41,Hoodie H&M,53000
253,205,Cap Zara,22000
254,1163,Backpack Uniqlo,98000
255,270,Hoodie Zara,47000
256,823,Jeans Puma,67000
257,1244,TShirt Adidas,46000
258,864,Sneakers Puma,91000
259,254,TShirt LouisVuitton,67000
260,1903,Cap LouisVuitton,75000
261,1947,Sneakers H&M,75000
262,1612,Jacket H&M,98000
263,1118,TShirt Nike,91000
264,1202,Jeans Zara,21000
265,882,Jacket Uniqlo,68000
266,927,Jeans Adidas,85000
267,1558,Backpack Uniqlo,18000
268,1473,Handbag Puma,81000
269,1545,TShirt Zara,99000
270,409,Handbag Puma,54000
271,1694,Sneakers Puma,33000
272,1675,Handbag Nike,49000
273,1929,Jacket Nike,80000
274,108,Jacket Nike,88000
275,1072,Hoodie LouisVuitton,41000
276,1794,TShirt LouisVuitton,26000
277,1435,Sneakers H&M,96000
278,327,TShirt Adidas,39000
279,388,Hoodie Uniqlo,48000
280,950,Jeans Adidas,28000
281,1799,Jacket H&M,78000
282,1820,Backpack Puma,17000
283,1666,Jacket Nike,40000
284,1751,Sneakers Gucci,51000
285,102,Sneakers Uniqlo,19000
286,1594,Cap Zara,26000
287,1683,TShirt Uniqlo,67000
288,1991,Handbag Gucci,24000
289,1983,Jacket Gucci,37000
290,306,Hoodie Zara,20000
291,1312,Handbag Uniqlo,26000
292,196,Jeans H&M,68000
293,381,Hoodie Puma,37000
294,1094,Cap Puma,70000
295,1984,TShirt Gucci,61000
296,577,Cap LouisVuitton,24000
297,1030,Cap LouisVuitton,99000
298,4,Hoodie Uniqlo,97000
299,1900,TShirt Nike,27000
300,1213,TShirt LouisVuitton,38000
301,1508,Cap Uniqlo,11000
302,1582,Backpack Puma,65000
303,1822,Cap H&M,35000
304,617,Jacket LouisVuitton,19000
305,1951,TShirt Puma,94000
306,1828,Backpack Gucci,92000
307,300,Hoodie Adidas,20000
308,470,Jeans Nike,26000
309,159,Backpack Zara,20000
310,615,Cap Gucci,55000
311,1681,Sneakers Gucci,22000
312,755,Handbag Adidas,57000
313,1758,Jeans Uniqlo,91000
314,903,Cap Zara,61000
315,1348,Handbag Uniqlo,51000
316,1650,Jacket Uniqlo,67000
317,1827,Jacket Adidas,93000
318,69,Sneakers Nike,81000
319,1741,Jacket H&M,81000
320,83,Backpack Gucci,55000
321,1431,Cap Zara,50000
322,1217,Jacket Zara,33000
323,262,Hoodie LouisVuitton,80000
324,438,Backpack Adidas,71000
325,595,Jacket LouisVuitton,63000
326,1852,Handbag Zara,89000
327,295,Sneakers H&M,49000
328,1149,Backpack Gucci,93000
329,1310,TShirt LouisVuitton,49000
330,1254,Backpack Adidas,83000
331,760,Handbag Adidas,98000
332,1174,Jacket Zara,84000
333,1843,Sneakers Puma,14000
334,95,Sneakers Gucci,57000
335,546,Handbag H&M,79000
336,420,Handbag Nike,88000
337,1272,Handbag Uniqlo,52000
338,313,Jacket H&M,99000
339,1997,Jacket H&M,97000
340,710,Sneakers H&M,56000
341,1351,Cap H&M,60000
342,1876,Hoodie Zara,97000
343,1858,Jacket Puma,25000
344,45,Hoodie Gucci,35000
345,216,Jeans Adidas,44000
346,159,Jeans Gucci,42000
347,41,Jeans Puma,75000
348,1402,TShirt Puma,84000
349,1796,TShirt Uniqlo,82000
350,541,Handbag LouisVuitton,94000
351,1611,Hoodie Zara,13000
352,956,TShirt Gucci,91000
353,563,Cap Gucci,91000
354,652,Jacket H&M,86000
355,289,Backpack Adidas,12000
356,1077,Backpack Uniqlo,20000
357,477,Jacket Uniqlo,95000
358,751,Jacket Puma,87000
359,930,Backpack Uniqlo,73000
360,1845,TShirt Gucci,85000
361,892,Handbag Nike,89000
362,1060,Backpack Nike,70000
363,1352,Sneakers Uniqlo,18000
364,1308,Hoodie LouisVuitton,23000
365,1494,TShirt Zara,39000
366,109,Cap Zara,69000
367,1242,Hoodie Zara,93000
368,1611,Jacket H&M,79000
369,1590,Jacket LouisVuitton,59000
370,1003,Jeans Uniqlo,11000
371,354,Sneakers Gucci,40000
372,1011,Jacket Uniqlo,35000
373,1268,TShirt Zara,37000
374,45,Backpack Gucci,56000
375,1303,Hoodie Zara,47000
376,979,TShirt Nike,33000
377,1112,Sneakers Adidas,51000
378,1076,Cap H&M,12000
379,1475,TShirt Nike,27000
380,1182,Cap Puma,21000
381,1930,TShirt Adidas,54000
382,465,Backpack Puma,43000
383,590,TShirt Uniqlo,11000
384,514,Hoodie Nike,48000
385,67,Jacket Puma,77000
386,756,Hoodie Uniqlo,52000
387,1072,TShirt H&M,65000
388,1536,Sneakers Zara,92000
389,988,Cap Gucci,71000
390,238,TShirt H&M,53000
391,82,Jacket LouisVuitton,58000
392,521,Cap Zara,86000
393,1341,Jacket LouisVuitton,94000
394,1391,TShirt Gucci,81000
395,1692,Jacket Adidas,42000
396,1006,Jacket Gucci,12000
397,1103,TShirt Nike,80000
398,632,Hoodie Nike,46000
399,1783,Backpack Uniqlo,50000
400,527,Backpack Puma,61000
401,1801,Handbag Adidas,44000
402,1769,Jacket Puma,35000
403,1963,Jacket Puma,18000
404,12,Backpack LouisVuitton,94000
405,1317,Cap Zara,31000
406,226,Handbag Adidas,59000
407,1265,Hoodie Gucci,25000
408,1222,Handbag Uniqlo,27000
409,1564,Handbag H&M,77000
410,421,Hoodie H&M,71000
411,1026,Backpack LouisVuitton,37000
412,1886,TShirt H&M,69000
413,1572,Jacket LouisVuitton,98000
414,1602,TShirt LouisVuitton,95000
415,725,Hoodie Adidas,12000
416,339,Jeans Adidas,11000
417,856,Sneakers LouisVuitton,40000
418,1096,TShirt Gucci,88000
419,1892,Cap Nike,30000
420,1015,Handbag Zara,20000
421,80,TShirt Zara,44000
422,682,Handbag Uniqlo,87000
423,710,Hoodie Nike,39000
424,1354,Handbag Gucci,62000
425,195,Backpack Adidas,25000
426,1782,TShirt Zara,73000
427,997,TShirt Puma,73000
428,1549,Jeans Puma,77000
429,107,Handbag Gucci,51000
430,911,Cap Puma,91000
431,344,Jacket Uniqlo,18000
432,111,Sneakers Uniqlo,13000
433,400,Jacket Adidas,88000
434,1603,Backpack Nike,93000
435,1625,Hoodie LouisVuitton,12000
436,2,Cap LouisVuitton,63000
437,1979,Cap LouisVuitton,99000
438,1140,Backpack Adidas,89000
439,480,Backpack LouisVuitton,32000
440,1574,Cap Zara,16000
441,36,Handbag Zara,51000
442,931,Hoodie Uniqlo,18000
443,1285,TShirt Adidas,36000
444,1355,Hoodie Nike,85000
445,3,Jeans Adidas,25000
446,1535,Backpack H&M,49000
447,1921,Cap Nike,21000
448,1794,Jacket Adidas,42000
449,930,TShirt Puma,77000
450,761,Handbag LouisVuitton,49000
451,252,Backpack Adidas,81000
452,1771,Cap LouisVuitton,35000
453,504,Cap Zara,21000
454,1650,Hoodie Adidas,92000
455,575,Backpack Uniqlo,11000
456,1880,Cap Zara,74000
457,414,Jacket Nike,34000
458,1194,Jacket Adidas,65000
459,1010,Jacket Puma,36000
460,1624,Sneakers Zara,16000
461,668,Handbag Uniqlo,91000
462,1826,Handbag Uniqlo,22000
463,862,Hoodie LouisVuitton,89000
464,252,Sneakers Zara,36000
465,1756,Hoodie Puma,72000
466,954,Jacket Adidas,30000
467,620,TShirt Gucci,35000
468,1844,Hoodie H&M,15000
469,1669,Cap H&M,58000
470,1811,Jacket LouisVuitton,19000
471,1923,Cap Puma,39000
472,1361,Handbag Adidas,71000
473,257,Handbag H&M,52000
474,1997,Cap Nike,15000
475,573,Sneakers Puma,68000
476,468,Handbag LouisVuitton,98000
477,1655,Hoodie Adidas,54000
478,585,Cap H&M,50000
479,1505,Jacket Nike,79000
480,701,Sneakers Adidas,52000
481,592,TShirt Adidas,70000
482,1638,Handbag Uniqlo,11000
483,633,Sneakers Puma,86000
484,860,Hoodie Adidas,56000
485,324,Jacket H&M,11000
486,1063,Cap Puma,56000
487,1228,Jacket Adidas,94000
488,978,TShirt Uniqlo,81000
489,1357,TShirt LouisVuitton,44000
490,475,Cap Adidas,76000
491,1108,Hoodie Uniqlo,82000
492,1536,Backpack LouisVuitton,56000
493,1474,Cap Gucci,24000
494,226,Backpack Zara,41000
495,713,Jacket LouisVuitton,46000
496,1765,TShirt Adidas,89000
497,268,TShirt Uniqlo,43000
498,174,Jeans LouisVuitton,62000
499,1811,TShirt Nike,41000
500,371,Jeans Adidas,70000
501,1252,Backpack Adidas,75000
502,1550,TShirt Uniqlo,94000
503,1083,Backpack Puma,87000
504,1130,Jeans Gucci,55000
505,1026,Jeans Adidas,71000
506,707,Jacket H&M,68000
507,153,Backpack Adidas,42000
508,1834,Jeans H&M,49000
509,1215,Hoodie Adidas,22000
510,975,Handbag LouisVuitton,70000
511,1798,Jacket Nike,39000
512,1684,Jacket Puma,97000
513,1554,Jeans Puma,86000
514,512,Jeans LouisVuitton,88000
515,1114,TShirt Adidas,62000
516,473,Jacket Adidas,12000
517,1893,Jeans Nike,95000
518,1176,Cap Uniqlo,66000
519,1694,Handbag Gucci,33000
520,617,Sneakers LouisVuitton,50000
521,832,Handbag Adidas,91000
522,1271,Handbag H&M,21000
523,571,Cap LouisVuitton,52000
524,836,Cap Uniqlo,41000
525,716,Handbag Zara,29000
526,1614,TShirt H&M,83000
527,760,Handbag H&M,87000
528,843,Handbag H&M,73000
529,1937,TShirt Adidas,56000
530,1150,Sneakers Uniqlo,31000
531,270,Backpack Uniqlo,40000
532,1422,Jeans Nike,11000
533,1847,Sneakers Gucci,42000
534,1702,Cap LouisVuitton,65000
535,823,TShirt Puma,29000
536,31,Hoodie H&M,60000
537,1432,Cap Nike,59000
538,1239,Sneakers Adidas,66000
539,393,Handbag LouisVuitton,86000
540,828,Jeans H&M,27000
541,11,Sneakers Zara,12000
542,689,Jacket Zara,91000
543,271,Jeans Uniqlo,74000
544,1208,TShirt Uniqlo,70000
545,969,Jeans Puma,65000
546,1046,Backpack Uniqlo,59000
547,1536,Cap Puma,31000
548,35,Jeans Puma,37000
549,603,Cap H&M,34000
550,918,TShirt Zara,41000
551,628,Jacket Gucci,50000
552,892,Hoodie Nike,12000
553,777,Cap Zara,32000
554,609,Handbag Uniqlo,75000
555,1333,Handbag Adidas,94000
556,308,Hoodie Gucci,90000
557,139,Jacket Nike,90000
558,1543,Jacket Zara,24000
559,683,Sneakers Uniqlo,42000
560,685,Sneakers H&M,73000
561,874,Jacket Nike,76000
562,698,Cap H&M,42000
563,1086,TShirt Uniqlo,93000
564,534,TShirt Adidas,45000
565,159,Jeans Adidas,10000
566,1626,TShirt Zara,69000
567,1543,Jeans LouisVuitton,72000
568,512,TShirt Puma,23000
569,770,Handbag Puma,36000
570,486,Jacket Uniqlo,43000
571,1039,Handbag Puma,81000
572,635,TShirt LouisVuitton,85000
573,1004,TShirt H&M,85000
574,1697,Cap Uniqlo,70000
575,1357,Sneakers LouisVuitton,18000
576,1321,Backpack LouisVuitton,11000
577,1125,Handbag Zara,16000
578,1177,Jacket H&M,15000
579,362,Hoodie Zara,29000
580,777,TShirt Zara,82000
581,1749,Jeans H&M,25000
582,1280,Hoodie Nike,64000
583,831,TShirt Puma,32000
584,1659,Hoodie Gucci,86000
585,5,Jeans Gucci,62000
586,631,Backpack Uniqlo,92000
587,21,Hoodie Puma,42000
588,417,Backpack Uniqlo,83000
589,14,Backpack Uniqlo,46000
590,301,Handbag Gucci,68000
591,1731,Backpack Puma,22000
592,540,Jacket Adidas,92000
593,1816,Backpack H&M,90000
594,195,Jeans Uniqlo,93000
595,579,Handbag LouisVuitton,86000
596,1978,Cap Uniqlo,69000
597,1228,Hoodie Nike,89000
598,1146,Sneakers H&M,33000
599,44,TShirt Nike,69000
600,302,Sneakers H&M,46000
601,1297,Cap H&M,83000
602,162,Jacket Puma,99000
603,1960,Sneakers H&M,49000
604,583,Cap Puma,92000
605,465,TShirt Nike,22000
606,1100,Hoodie LouisVuitton,89000
607,127,Handbag Puma,35000
608,582,Backpack Gucci,31000
609,421,Handbag Puma,83000
610,152,TShirt Adidas,33000
611,1545,Cap Puma,15000
612,1595,Backpack H&M,87000
613,1859,Hoodie Uniqlo,49000
614,711,Cap Nike,11000
615,1759,Jacket Gucci,99000
616,1335,Hoodie Gucci,71000
617,838,Jacket Nike,30000
618,585,Jacket Puma,68000
619,345,Cap Adidas,57000
620,939,Sneakers Puma,63000
621,1654,Cap Adidas,68000
622,303,Backpack LouisVuitton,60000
623,1344,Backpack Uniqlo,57000
624,1447,Handbag Nike,85000
625,1690,TShirt Adidas,23000
626,729,Sneakers Gucci,72000
627,460,TShirt Zara,43000
628,1099,Cap LouisVuitton,19000
629,1996,Jacket LouisVuitton,10000
630,1127,Jacket Adidas,80000
631,1446,TShirt Puma,37000
632,504,Cap Puma,68000
633,1909,Backpack Zara,58000
634,427,Jacket H&M,65000
635,838,Handbag Uniqlo,23000
636,479,Hoodie Uniqlo,51000
637,1787,Hoodie Zara,98000
638,772,Jeans Zara,12000
639,1989,Cap Adidas,36000
640,1215,Handbag LouisVuitton,30000
641,1177,Cap LouisVuitton,45000
642,868,Backpack Adidas,56000
643,1740,TShirt Puma,32000
644,1274,Hoodie Uniqlo,95000
645,38,Jeans Zara,35000
646,746,Backpack Uniqlo,95000
647,1794,TShirt Gucci,62000
648,1120,TShirt H&M,86000
649,556,TShirt Adidas,85000
650,1272,Backpack Puma,58000
651,1969,Backpack H&M,76000
652,353,Sneakers LouisVuitton,40000
653,1218,Hoodie Zara,69000
654,1725,TShirt Adidas,25000
655,609,Jacket Adidas,53000
656,1519,Sneakers Zara,81000
657,1425,Jeans LouisVuitton,30000
658,379,Cap Uniqlo,26000
659,1753,TShirt Adidas,13000
660,408,TShirt Nike,79000
661,530,Backpack H&M,53000
662,977,Sneakers Nike,47000
663,1348,Cap Puma,89000
664,287,TShirt Gucci,76000
665,1484,TShirt H&M,90000
666,336,Backpack Puma,73000
667,1209,TShirt Uniqlo,37000
668,1059,Jacket Uniqlo,89000
669,1642,Cap Uniqlo,28000
670,393,Cap Zara,38000
671,369,Handbag Zara,79000
672,389,Jeans Zara,29000
673,1554,Cap Puma,98000
674,556,Jacket Uniqlo,65000
675,820,Sneakers H&M,59000
676,582,Cap Uniqlo,73000
677,350,Backpack Nike,84000
678,1754,TShirt Nike,78000
679,1707,Jacket Gucci,71000
680,853,TShirt LouisVuitton,61000
681,262,Backpack Nike,58000
682,323,Hoodie Puma,14000
683,782,Sneakers Uniqlo,94000
684,1236,Sneakers Gucci,57000
685,339,Cap Adidas,39000
686,600,Cap Zara,40000
687,182,Backpack Zara,23000
688,1091,Sneakers LouisVuitton,66000
689,924,Handbag Zara,24000
690,905,Backpack Zara,69000
691,11,Backpack H&M,41000
692,1570,Backpack Gucci,44000
693,875,Hoodie Nike,98000
694,1223,Jeans Puma,71000
695,1991,Jeans LouisVuitton,80000
696,866,Sneakers H&M,89000
697,1625,Sneakers Gucci,44000
698,1474,Jacket H&M,54000
699,736,Sneakers Zara,14000
700,324,Jeans Gucci,83000
701,253,Hoodie Nike,72000
702,842,Jacket Adidas,58000
703,1808,Handbag Gucci,32000
704,1608,Jeans Uniqlo,35000
705,655,Backpack Nike,85000
706,1233,Hoodie H&M,63000
707,1088,Hoodie Zara,45000
708,1662,Sneakers Uniqlo,68000
709,1162,Jacket H&M,93000
710,1974,Backpack Adidas,95000
711,215,Sneakers Gucci,87000
712,1591,Sneakers Nike,70000
713,1861,Hoodie LouisVuitton,55000
714,299,Backpack H&M,62000
715,1759,Sneakers Gucci,62000
716,1891,Jacket Adidas,26000
717,520,Backpack LouisVuitton,43000
718,447,Sneakers Puma,29000
719,800,Sneakers Adidas,40000
720,1299,Jacket H&M,44000
721,1116,TShirt Zara,86000
722,196,Jeans Puma,74000
723,418,Hoodie Adidas,32000
724,1736,Backpack Adidas,64000
725,874,Backpack H&M,94000
726,1609,TShirt Adidas,31000
727,526,Backpack Adidas,27000
728,898,Sneakers Adidas,75000
729,346,Jeans Uniqlo,85000
730,1696,TShirt LouisVuitton,72000
731,780,Hoodie Gucci,56000
732,1169,Hoodie LouisVuitton,76000
733,1908,TShirt Puma,38000
734,1832,Cap Uniqlo,57000
735,837,Backpack Nike,48000
736,102,Backpack Uniqlo,75000
737,1505,Backpack Uniqlo,40000
738,274,Jacket Puma,67000
739,1089,Sneakers Nike,31000
740,962,Sneakers Zara,65000
741,1883,TShirt Gucci,93000
742,1503,Sneakers Uniqlo,54000
743,505,Cap Adidas,10000
744,53,TShirt Zara,58000
745,1752,TShirt Puma,99000
746,1967,Jeans Puma,13000
747,69,Jacket LouisVuitton,59000
748,447,Backpack Puma,36000
749,1169,Jacket LouisVuitton,35000
750,723,Hoodie Puma,76000
751,1438,Jacket Zara,41000
752,177,TShirt Puma,10000
753,1280,Jeans Puma,83000
754,844,Sneakers H&M,25000
755,61,Sneakers Puma,16000
756,1643,Sneakers Zara,45000
757,780,Sneakers Nike,85000
758,136,Jeans Adidas,68000
759,1177,TShirt Zara,63000
760,222,Jeans Zara,69000
761,703,Sneakers LouisVuitton,38000
762,762,Handbag Zara,68000
763,1852,Backpack Nike,62000
764,187,Backpack Zara,93000
765,768,Backpack LouisVuitton,45000
766,354,Jeans H&M,21000
767,1885,TShirt H&M,34000
768,818,TShirt Uniqlo,71000
769,504,Cap Nike,96000
770,1216,Sneakers Adidas,40000
771,934,Backpack H&M,41000
772,739,Handbag Adidas,29000
773,1952,TShirt Puma,68000
774,37,Handbag Nike,58000
775,143,Jeans Adidas,65000
776,1551,Hoodie Gucci,17000
777,159,Handbag Nike,40000
778,1808,TShirt Nike,94000
779,1344,Hoodie Zara,16000
780,1191,Cap Adidas,71000
781,2000,Jeans Puma,84000
782,452,Cap Nike,96000
783,289,Jeans Puma,12000
784,1338,TShirt Adidas,91000
785,153,Sneakers Zara,12000
786,944,Jacket H&M,55000
787,92,Jacket Adidas,64000
788,1594,Backpack Zara,14000
789,1668,Handbag Uniqlo,45000
790,692,Handbag Adidas,55000
791,457,Cap Adidas,61000
792,791,Jacket Adidas,61000
793,1305,Cap Gucci,94000
794,433,Backpack Zara,95000
795,832,Cap Uniqlo,79000
796,946,TShirt H&M,31000
797,1488,Cap Puma,19000
798,665,Jeans H&M,31000
799,1450,Jeans H&M,31000
800,1450,Hoodie Uniqlo,86000
801,643,Handbag Uniqlo,63000
802,1386,Hoodie Nike,77000
803,1648,Backpack LouisVuitton,95000
804,1633,Hoodie Uniqlo,82000
805,1225,Jeans Puma,56000
806,1206,Handbag H&M,61000
807,185,Jeans Uniqlo,34000
808,1494,Jacket Uniqlo,97000
809,1643,Hoodie H&M,79000
810,1534,TShirt Puma,52000
811,542,Hoodie Uniqlo,44000
812,907,Jacket Adidas,34000
813,242,Jeans Uniqlo,32000
814,1969,Sneakers Nike,25000
815,457,TShirt Gucci,90000
816,673,Sneakers Nike,84000
817,198,Cap H&M,44000
818,784,Cap Zara,32000
819,1648,Backpack Gucci,28000
820,1206,Backpack H&M,56000
821,1808,Backpack Adidas,13000
822,1148,Cap Puma,51000
823,622,Hoodie Puma,24000
824,173,Handbag Puma,20000
825,471,Handbag Uniqlo,95000
826,1157,Jeans Nike,30000
827,890,Backpack Zara,92000
828,1380,Jeans LouisVuitton,53000
829,1973,Cap Nike,24000
830,972,Backpack LouisVuitton,29000
831,1308,Sneakers Zara,94000
832,190,Backpack H&M,66000
833,370,Cap Puma,94000
834,1,Jeans Nike,91000
835,1902,Jeans Puma,62000
836,1115,Cap Uniqlo,42000
837,1671,Sneakers Nike,44000
838,325,TShirt Adidas,58000
839,1800,Sneakers Uniqlo,92000
840,314,Cap Puma,91000
841,204,TShirt Nike,19000
842,296,Sneakers Adidas,40000
843,466,Sneakers Zara,72000
844,973,Cap Puma,99000
845,1273,TShirt Gucci,31000
846,554,TShirt Zara,87000
847,1989,Backpack Adidas,61000
848,1731,Jacket LouisVuitton,65000
849,1768,Backpack Adidas,96000
850,477,TShirt Adidas,64000
851,1657,TShirt Nike,87000
852,1038,TShirt H&M,78000
853,16,Jacket Nike,41000
854,48,Jeans Nike,93000
855,647,Jeans Zara,83000
856,1070,Hoodie Puma,23000
857,506,Sneakers Gucci,52000
858,53,TShirt Zara,83000
859,583,TShirt H&M,15000
860,1892,Sneakers Zara,42000
861,703,Sneakers H&M,29000
862,1532,Backpack Gucci,30000
863,1026,Handbag Nike,14000
864,1359,Jeans Uniqlo,44000
865,806,Sneakers Uniqlo,73000
866,1796,Backpack Uniqlo,65000
867,1009,Jeans Uniqlo,18000
868,1473,Hoodie LouisVuitton,98000
869,698,Cap Uniqlo,98000
870,1311,Backpack Zara,77000
871,1723,Jeans H&M,48000
872,154,Cap Zara,72000
873,257,Jacket Gucci,27000
874,910,TShirt Uniqlo,53000
875,618,Handbag Gucci,29000
876,1338,Hoodie Uniqlo,81000
877,661,Backpack Adidas,60000
878,528,Handbag Adidas,71000
879,981,Sneakers Gucci,16000
880,66,Jacket Adidas,84000
881,1614,Hoodie Uniqlo,41000
882,54,Cap Puma,14000
883,1702,Hoodie Puma,98000
884,339,Sneakers Gucci,10000
885,981,Jacket Nike,82000
886,1298,Handbag Nike,58000
887,388,Handbag Gucci,63000
888,1885,Hoodie Nike,27000
889,1505,Hoodie H&M,45000
890,1362,Backpack Nike,35000
891,489,Backpack LouisVuitton,39000
892,1920,Jeans Puma,71000
893,1836,Handbag Uniqlo,55000
894,1224,Jeans Zara,91000
895,829,Jeans Gucci,98000
896,1149,Hoodie Uniqlo,56000
897,255,Handbag Gucci,39000
898,1716,Handbag H&M,98000
899,1656,Hoodie H&M,33000
900,852,Backpack Puma,94000
901,1313,Sneakers Uniqlo,36000
902,1847,Sneakers Zara,75000
903,1827,TShirt LouisVuitton,67000
904,1671,Hoodie Nike,91000
905,1499,Jacket LouisVuitton,66000
906,657,Sneakers Zara,70000
907,774,Handbag Adidas,74000
908,1220,Backpack Gucci,78000
909,1845,Jacket Nike,63000
910,291,Jacket Puma,20000
911,1738,Backpack Puma,48000
912,270,TShirt Gucci,54000
913,809,TShirt LouisVuitton,66000
914,1452,Jeans LouisVuitton,72000
915,1943,Cap Nike,90000
916,788,Jacket LouisVuitton,47000
917,366,Handbag Uniqlo,76000
918,495,Jeans Puma,85000
919,390,Cap Nike,21000
920,936,TShirt Adidas,98000
921,221,Jeans Zara,93000
922,1019,Backpack LouisVuitton,26000
923,1008,Jeans H&M,54000
924,392,Sneakers Puma,89000
925,1727,Jacket Uniqlo,83000
926,1760,Cap Uniqlo,59000
927,1164,Handbag Zara,19000
928,1959,Sneakers Gucci,89000
929,1068,Jacket Nike,82000
930,64,Backpack Puma,13000
931,1252,Sneakers Uniqlo,84000
932,292,TShirt Puma,38000
933,1932,Handbag Zara,21000
934,1003,TShirt Gucci,68000
935,687,Sneakers Zara,39000
936,1312,Handbag Zara,43000
937,1305,Jeans Uniqlo,41000
938,560,Backpack Nike,30000
939,87,Jeans Adidas,10000
940,1195,Backpack H&M,21000
941,1242,Sneakers Puma,40000
942,1249,Backpack Nike,61000
943,803,Backpack H&M,80000
944,310,Cap Nike,28000
945,200,Hoodie Adidas,72000
946,255,Hoodie Puma,94000
947,925,Jeans Adidas,21000
948,722,Cap Zara,69000
949,1084,Jacket Uniqlo,42000
950,681,Sneakers Puma,15000
951,157,TShirt H&M,82000
952,1503,Cap Adidas,79000
953,1629,Jeans Zara,91000
954,513,Jeans Gucci,87000
955,1579,Sneakers H&M,97000
956,413,Hoodie Gucci,83000
957,1894,Cap Gucci,42000
958,502,Backpack Zara,45000
959,864,Cap Gucci,47000
960,141,Jeans Nike,41000
961,861,Cap Adidas,37000
962,377,Jacket Uniqlo,18000
963,1252,TShirt LouisVuitton,98000
964,1120,Sneakers Adidas,25000
965,652,Hoodie H&M,82000
966,635,Backpack Adidas,27000
967,688,Sneakers Uniqlo,69000
968,5,Sneakers Puma,23000
969,411,Jeans Nike,12000
970,1132,Jeans Puma,61000
971,1708,Backpack H&M,50000
972,478,Cap Adidas,64000
973,1459,Hoodie Uniqlo,66000
974,1325,Handbag Nike,97000
975,1601,Jeans Gucci,22000
976,1627,Handbag Puma,89000
977,1036,Handbag Adidas,56000
978,30,Handbag LouisVuitton,51000
979,440,Hoodie Nike,56000
980,636,Jacket Puma,81000
981,1806,Sneakers H&M,83000
982,672,Handbag Puma,41000
983,1960,Backpack Zara,15000
984,979,Cap Zara,66000
985,738,Hoodie LouisVuitton,30000
986,755,TShirt Nike,47000
987,1547,Sneakers LouisVuitton,86000
988,1950,Backpack Adidas,58000
989,129,TShirt Gucci,29000
990,1367,Sneakers Gucci,92000
991,8,Handbag Gucci,18000
992,1632,TShirt Puma,81000
993,1027,Hoodie Adidas,10000
994,574,Hoodie Puma,91000
995,1321,Jacket Nike,36000
996,1880,Cap Nike,16000
997,1761,Backpack LouisVuitton,82000
998,1368,Backpack Nike,22000
999,645,Jeans Puma,55000
1000,1255,Jeans Zara,98000
1001,722,Handbag Adidas,40000
1002,1764,Handbag Zara,47000
1003,6,Sneakers Adidas,27000
1004,1022,Sneakers Uniqlo,68000
1005,865,TShirt LouisVuitton,27000
1006,1877,Handbag Nike,91000
1007,1172,Jeans H&M,33000
1008,1468,Backpack Zara,52000
1009,420,Handbag Adidas,65000
1010,1017,Sneakers LouisVuitton,27000
1011,1799,Backpack Nike,73000
1012,819,TShirt Zara,22000
1013,1477,Jacket H&M,72000
1014,99,TShirt Puma,86000
1015,1112,Cap Puma,30000
1016,739,Backpack LouisVuitton,90000
1017,1212,Cap Puma,47000
1018,881,Sneakers Zara,13000
1019,671,Hoodie Gucci,54000
1020,172,Jeans H&M,71000
1021,65,Handbag Puma,79000
1022,357,Jeans LouisVuitton,34000
1023,1493,Jeans Puma,53000
1024,48,Cap LouisVuitton,64000
1025,1950,Sneakers Puma,10000
1026,592,TShirt Zara,77000
1027,1490,Handbag Zara,17000
1028,189,Hoodie Gucci,36000
1029,1898,Jeans Puma,58000
1030,337,Jeans LouisVuitton,84000
1031,1263,Cap H&M,88000
1032,1126,Jeans Uniqlo,99000
1033,1822,TShirt H&M,17000
1034,361,Jeans Uniqlo,67000
1035,1317,Backpack Gucci,32000
1036,1850,Sneakers LouisVuitton,15000
1037,1395,Sneakers Puma,76000
1038,1449,Jacket Puma,17000
1039,571,Jeans Nike,91000
1040,874,Handbag Adidas,46000
1041,881,Handbag Adidas,52000
1042,1521,Cap Gucci,95000
1043,1290,Backpack Adidas,87000
1044,38,Sneakers Nike,97000
1045,176,Backpack LouisVuitton,69000
1046,802,Backpack Puma,41000
1047,1068,Handbag LouisVuitton,75000
1048,592,Jeans Uniqlo,24000
1049,121,Jeans Zara,57000
1050,1292,Cap Puma,31000
1051,1047,Sneakers Adidas,93000
1052,1895,Sneakers Adidas,21000
1053,1334,Handbag Adidas,35000
1054,1056,Jacket Nike,74000
1055,1190,Hoodie Gucci,20000
1056,316,Cap Zara,39000
1057,813,Cap Puma,87000
1058,1774,Jeans Gucci,45000
1059,432,Backpack LouisVuitton,42000
1060,959,Handbag Uniqlo,94000
1061,1975,TShirt Uniqlo,89000
1062,583,Jeans LouisVuitton,71000
1063,1405,Handbag Gucci,50000
1064,1633,Cap Adidas,13000
1065,1838,Jacket Adidas,80000
1066,731,Hoodie H&M,43000
1067,215,TShirt Adidas,98000
1068,451,TShirt H&M,94000
1069,473,Cap Nike,65000
1070,458,TShirt H&M,40000
1071,86,Jeans Zara,61000
1072,420,Backpack Gucci,12000
1073,530,TShirt Nike,20000
1074,950,Hoodie H&M,83000
1075,690,Jeans Puma,79000
1076,1990,Jeans Adidas,22000
1077,1984,Jeans LouisVuitton,77000
1078,462,Jacket Gucci,29000
1079,996,Handbag Nike,35000
1080,873,Backpack H&M,37000
1081,220,Hoodie Gucci,46000
1082,580,Jacket Puma,20000
1083,917,Jacket H&M,48000
1084,510,TShirt Uniqlo,77000
1085,1838,Sneakers Uniqlo,28000
1086,1559,Handbag H&M,66000
1087,812,Backpack Gucci,79000
1088,772,Cap Uniqlo,24000
1089,576,Sneakers Zara,26000
1090,1913,Handbag Uniqlo,34000
1091,562,Handbag Zara,65000
1092,493,TShirt H&M,31000
1093,1337,Hoodie Nike,58000
1094,1625,Jacket Adidas,98000
1095,256,Handbag Nike,56000
1096,1433,Jeans Adidas,55000
1097,1363,Jacket H&M,48000
1098,680,Cap H&M,93000
1099,735,Jeans Uniqlo,56000
1100,56,Jeans Adidas,15000
1101,821,Handbag Adidas,91000
1102,1880,Backpack H&M,78000
1103,1862,Cap Gucci,32000
1104,1963,Handbag Adidas,77000
1105,1336,Cap Adidas,34000
1106,1799,Sneakers H&M,94000
1107,239,Sneakers H&M,92000
1108,1874,Cap H&M,43000
1109,900,Handbag Zara,14000
1110,1047,Cap Adidas,41000
1111,1697,Cap H&M,91000
1112,1615,Backpack LouisVuitton,13000
1113,803,Sneakers Puma,59000
1114,328,Sneakers Uniqlo,54000
1115,1174,Jeans Nike,23000
1116,433,Hoodie Gucci,98000
1117,1212,Handbag Nike,49000
1118,571,Backpack Adidas,45000
1119,1478,Sneakers Zara,57000
1120,1145,Cap LouisVuitton,82000
1121,1080,TShirt Adidas,67000
1122,880,TShirt Puma,78000
1123,665,Jacket Adidas,16000
1124,1527,Backpack Zara,75000
1125,624,Hoodie Zara,70000
1126,1320,Hoodie Puma,85000
1127,1480,TShirt H&M,66000
1128,1805,Cap Nike,93000
1129,1612,Backpack Uniqlo,88000
1130,243,Handbag LouisVuitton,56000
1131,171,Backpack Adidas,91000
1132,1497,Jeans Uniqlo,33000
1133,372,Backpack Puma,65000
1134,289,Jeans Puma,10000
1135,1947,Jeans Uniqlo,69000
1136,1566,Handbag Zara,52000
1137,226,Handbag Uniqlo,19000
1138,1044,Jacket Adidas,64000
1139,1392,Sneakers Gucci,88000
1140,843,Sneakers H&M,39000
1141,301,Jacket H&M,75000
1142,1740,Cap Gucci,44000
1143,1411,Cap Nike,52000
1144,161,Backpack Zara,29000
1145,1518,TShirt Nike,48000
1146,1449,Backpack Puma,68000
1147,348,Hoodie Nike,57000
1148,385,Jeans Puma,99000
1149,734,Backpack Uniqlo,45000
1150,1387,Handbag Gucci,44000
1151,1876,Jeans Uniqlo,97000
1152,1946,TShirt H&M,25000
1153,1909,TShirt Puma,21000
1154,1780,TShirt LouisVuitton,95000
1155,1700,Sneakers Puma,70000
1156,1566,Sneakers Gucci,26000
1157,1339,TShirt Adidas,76000
1158,787,Cap Uniqlo,83000
1159,1139,Cap Zara,19000
1160,1101,Jacket H&M,89000
1161,233,Hoodie Zara,77000
1162,826,Cap Zara,81000
1163,1003,Jeans Gucci,34000
1164,728,TShirt Nike,64000
1165,440,Hoodie Gucci,54000
1166,904,Backpack Puma,11000
1167,1972,Backpack Gucci,90000
1168,1246,Sneakers Adidas,14000
1169,1360,Handbag Nike,66000
1170,1182,Cap Adidas,21000
1171,389,Backpack Uniqlo,50000
1172,1985,Sneakers Nike,90000
1173,154,Handbag Zara,54000
1174,1741,Jeans Zara,29000
1175,329,Backpack Uniqlo,51000
1176,1280,TShirt Nike,87000
1177,638,Handbag Zara,54000
1178,166,Hoodie Gucci,41000
1179,647,Cap Zara,34000
1180,189,Jacket Gucci,69000
1181,788,TShirt LouisVuitton,69000
1182,1640,TShirt Zara,84000
1183,1832,Jeans Gucci,10000
1184,1160,TShirt Gucci,20000
1185,662,Backpack H&M,14000
1186,1172,Sneakers Puma,72000
1187,20,Backpack Uniqlo,11000
1188,1570,Backpack H&M,15000
1189,10,Handbag Adidas,69000
1190,1099,Handbag LouisVuitton,78000
1191,564,Jacket Nike,61000
1192,1082,Hoodie Puma,78000
1193,635,Jacket Zara,60000
1194,1197,Jeans Uniqlo,39000
1195,1056,TShirt LouisVuitton,46000
1196,1618,Jeans Zara,17000
1197,577,Jacket Puma,20000
1198,619,Jacket Gucci,12000
1199,1905,Sneakers Puma,58000
1200,714,Sneakers Gucci,98000
1201,644,Cap Adidas,50000
1202,917,Handbag Puma,92000
1203,175,Backpack Uniqlo,90000
1204,770,Cap Adidas,30000
1205,940,Jeans Nike,38000
1206,252,TShirt Gucci,67000
1207,164,Jeans Gucci,19000
1208,428,TShirt Gucci,90000
1209,866,Jacket Puma,12000
1210,815,Jeans Puma,44000
1211,1286,Jacket Uniqlo,59000
1212,54,TShirt Nike,53000
1213,1487,Jacket Adidas,53000
1214,1985,Handbag Nike,85000
1215,111,Hoodie Puma,41000
1216,931,Jeans H&M,23000
1217,763,Jeans Zara,63000
1218,225,Jeans Nike,40000
1219,232,Sneakers H&M,13000
1220,1346,Cap Zara,64000
1221,1406,Backpack Zara,82000
1222,79,Hoodie Nike,95000
1223,856,Cap Adidas,31000
1224,900,Sneakers Puma,64000
1225,386,Cap LouisVuitton,51000
1226,877,Jeans Adidas,11000
1227,9,Jeans Adidas,24000
1228,1001,Cap Zara,56000
1229,846,Jeans Adidas,40000
1230,1994,Cap Zara,12000
1231,1971,Cap Gucci,57000
1232,659,Handbag Zara,13000
1233,1883,TShirt Nike,64000
1234,1848,Backpack H&M,71000
1235,1150,Sneakers LouisVuitton,87000
1236,1985,TShirt Uniqlo,30000
1237,754,Hoodie Adidas,71000
1238,1510,TShirt Uniqlo,49000
1239,1715,Jacket H&M,68000
1240,1267,Cap Uniqlo,43000
1241,555,Handbag Nike,37000
1242,422,TShirt H&M,91000
1243,298,Backpack Uniqlo,32000
1244,668,Jeans LouisVuitton,18000
1245,830,Handbag Adidas,53000
1246,87,Jacket Uniqlo,83000
1247,700,Cap Puma,27000
1248,954,Handbag H&M,67000
1249,1973,TShirt LouisVuitton,28000
1250,346,Hoodie Puma,60000
1251,1713,Jacket Uniqlo,99000
1252,1294,Jeans H&M,35000
1253,695,TShirt Adidas,14000
1254,1232,TShirt Uniqlo,34000
1255,1410,Jacket Puma,95000
1256,842,Jacket Uniqlo,27000
1257,189,Jeans Adidas,83000
1258,473,Jeans Zara,98000
1259,375,TShirt Zara,57000
1260,1005,Jacket Adidas,98000
1261,1872,Handbag LouisVuitton,92000
1262,998,TShirt Adidas,74000
1263,1513,Backpack Nike,76000
1264,840,Handbag Zara,80000
1265,360,Cap Nike,79000
1266,215,Jacket Zara,80000
1267,1793,Handbag LouisVuitton,98000
1268,1115,Handbag Puma,61000
1269,1581,Hoodie Adidas,14000
1270,781,Jeans Uniqlo,26000
1271,1622,Sneakers LouisVuitton,12000
1272,472,Hoodie H&M,47000
1273,1272,Backpack LouisVuitton,10000
1274,1144,Hoodie Nike,35000
1275,690,Jacket LouisVuitton,14000
1276,477,Handbag Adidas,81000
1277,1218,Handbag Zara,26000
1278,361,Handbag Puma,95000
1279,252,Handbag Adidas,50000
1280,813,Cap Gucci,90000
1281,307,Cap Nike,36000
1282,576,Handbag Zara,71000
1283,174,Cap H&M,18000
1284,631,Hoodie Puma,65000
1285,68,Jacket Uniqlo,75000
1286,1133,Hoodie Nike,82000
1287,1472,Jeans H&M,14000
1288,1373,Backpack Zara,52000
1289,637,Cap Puma,80000
1290,18,Backpack Gucci,19000
1291,842,Jacket LouisVuitton,36000
1292,685,Sneakers LouisVuitton,18000
1293,518,TShirt LouisVuitton,25000
1294,1343,Backpack Nike,48000
1295,1508,Backpack Puma,10000
1296,426,Handbag Gucci,80000
1297,392,Hoodie Uniqlo,28000
1298,1827,Backpack Adidas,94000
1299,1528,Hoodie Uniqlo,94000
1300,451,Sneakers LouisVuitton,18000
1301,508,Cap Nike,90000
1302,1153,Handbag Adidas,49000
1303,1694,Cap Nike,48000
1304,1353,Jacket H&M,92000
1305,906,Cap LouisVuitton,48000
1306,967,TShirt H&M,44000
1307,1070,Handbag Puma,67000
1308,844,TShirt Zara,11000
1309,315,Cap H&M,46000
1310,663,Jacket LouisVuitton,47000
1311,17,Handbag Nike,12000
1312,669,Jeans Adidas,53000
1313,550,Jeans Nike,97000
1314,1218,Sneakers Puma,70000
1315,1824,Sneakers Gucci,91000
1316,1245,Jacket Zara,23000
1317,1846,Sneakers H&M,81000
1318,823,Jeans Zara,43000
1319,658,Sneakers Nike,15000
1320,1116,Backpack Adidas,90000
1321,1185,Hoodie Puma,73000
1322,1415,Jeans Zara,95000
1323,1008,Backpack Nike,96000
1324,1882,Sneakers Nike,89000
1325,1697,Jacket H&M,78000
1326,1524,TShirt Adidas,46000
1327,1428,Handbag Uniqlo,46000
1328,1384,Jeans Puma,60000
1329,94,Hoodie Zara,82000
1330,1916,Sneakers LouisVuitton,19000
1331,180,Cap Puma,69000
1332,358,Handbag LouisVuitton,73000
1333,480,Backpack Uniqlo,82000
1334,817,Handbag H&M,87000
1335,11,Jacket H&M,79000
1336,310,TShirt Adidas,81000
1337,289,Hoodie Zara,35000
1338,35,Cap Nike,61000
1339,752,Handbag Zara,90000
1340,263,Backpack Uniqlo,63000
1341,616,Handbag Nike,39000
1342,1683,Jeans LouisVuitton,79000
1343,699,Cap Adidas,42000
1344,1706,Hoodie Nike,85000
1345,766,Jacket Adidas,36000
1346,1345,Backpack Nike,26000
1347,1286,Cap Adidas,95000
1348,623,Handbag Uniqlo,30000
1349,1340,Handbag Gucci,13000
1350,493,Hoodie H&M,20000
1351,169,Handbag Zara,77000
1352,951,Jeans Puma,44000
1353,1609,Handbag Gucci,67000
1354,425,TShirt Adidas,61000
1355,1084,Handbag Uniqlo,98000
1356,1443,Cap H&M,69000
1357,176,Jeans LouisVuitton,82000
1358,565,Sneakers Nike,65000
1359,456,Jeans H&M,20000
1360,115,Hoodie LouisVuitton,43000
1361,343,Jeans Puma,80000
1362,305,Hoodie LouisVuitton,24000
1363,1893,Handbag Gucci,59000
1364,1735,Backpack Zara,83000
1365,1272,TShirt Puma,44000
1366,1757,TShirt LouisVuitton,33000
1367,492,Jacket LouisVuitton,96000
1368,1408,TShirt Puma,40000
1369,59,Sneakers Uniqlo,88000
1370,1691,Hoodie H&M,39000
1371,1669,Backpack Adidas,42000
1372,1518,Sneakers Gucci,96000
1373,1961,Sneakers Zara,70000
1374,922,Handbag Zara,14000
1375,265,Jeans Puma,62000
1376,707,Handbag Zara,95000
1377,1866,Hoodie Puma,13000
1378,1020,Jacket Uniqlo,28000
1379,1057,Sneakers Gucci,85000
1380,1245,Backpack Adidas,95000
1381,1830,Handbag Puma,22000
1382,1824,Jacket LouisVuitton,47000
1383,596,Cap H&M,44000
1384,1295,Jacket Nike,57000
1385,1223,Sneakers H&M,73000
1386,648,Jacket H&M,74000
1387,508,TShirt Puma,47000
1388,969,Backpack Adidas,87000
1389,1555,TShirt H&M,51000
1390,1651,Sneakers LouisVuitton,87000
1391,352,Hoodie Adidas,25000
1392,250,Hoodie Zara,77000
1393,1302,Jeans LouisVuitton,13000
1394,322,Hoodie Puma,83000
1395,346,Jeans Nike,67000
1396,579,Jeans LouisVuitton,66000
1397,1301,Sneakers H&M,85000
1398,550,Cap Nike,86000
1399,1761,Sneakers LouisVuitton,56000
1400,230,TShirt Uniqlo,80000
1401,1771,Backpack Adidas,21000
1402,1520,Jeans Puma,17000
1403,1247,Backpack Adidas,64000
1404,1666,Cap H&M,81000
1405,399,Cap H&M,50000
1406,1039,Handbag Gucci,65000
1407,1868,Jacket Uniqlo,14000
1408,504,Hoodie Uniqlo,83000
1409,1066,Jeans H&M,75000
1410,1044,Backpack Zara,37000
1411,1072,Backpack Puma,35000
1412,328,Hoodie Nike,19000
1413,965,TShirt LouisVuitton,79000
1414,1728,Cap Gucci,23000
1415,900,Handbag Uniqlo,49000
1416,900,Jeans LouisVuitton,58000
1417,1736,Handbag Adidas,24000
1418,323,Handbag Gucci,56000
1419,816,Sneakers LouisVuitton,11000
1420,1851,TShirt Nike,43000
1421,1372,Cap Puma,18000
1422,461,Backpack Gucci,86000
1423,317,TShirt Gucci,75000
1424,1933,Handbag Adidas,68000
1425,1512,Handbag Adidas,28000
1426,1968,TShirt Adidas,65000
1427,915,Hoodie LouisVuitton,31000
1428,1149,Backpack LouisVuitton,97000
1429,1542,Backpack Nike,95000
1430,940,Handbag Uniqlo,23000
1431,1659,Jeans Puma,18000
1432,1401,Sneakers Adidas,34000
1433,511,Jacket H&M,11000
1434,385,Backpack Uniqlo,43000
1435,910,Backpack Nike,76000
1436,18,Cap Uniqlo,33000
1437,1993,Handbag Adidas,14000
1438,991,Jacket Adidas,57000
1439,355,Hoodie Gucci,13000
1440,1962,Hoodie Nike,26000
1441,863,Cap Uniqlo,48000
1442,344,Jeans Uniqlo,48000
1443,276,Handbag Zara,11000
1444,400,Jeans H&M,46000
1445,1033,Hoodie Puma,56000
1446,683,Sneakers Adidas,32000
1447,1160,Sneakers Nike,82000
1448,1781,Cap Zara,12000
1449,1182,Jacket Zara,67000
1450,1610,Backpack Uniqlo,91000
1451,1801,Backpack Gucci,32000
1452,313,Cap Zara,58000
1453,1368,Cap Gucci,73000
1454,676,Jeans Gucci,67000
1455,798,TShirt Gucci,41000
1456,862,Handbag Gucci,57000
1457,1583,Sneakers LouisVuitton,40000
1458,1419,Jacket Zara,16000
1459,1185,Backpack Nike,37000
1460,642,Handbag H&M,17000
1461,636,Backpack Uniqlo,83000
1462,638,Backpack Adidas,83000
1463,1162,TShirt Adidas,73000
1464,792,Cap Nike,43000
1465,1063,Cap LouisVuitton,71000
1466,1118,Sneakers Uniqlo,88000
1467,945,Handbag H&M,31000
1468,943,Sneakers Gucci,17000
1469,504,Hoodie Nike,27000
1470,972,Backpack Adidas,64000
1471,1487,Handbag LouisVuitton,90000
1472,72,Jeans Adidas,56000
1473,137,Sneakers Gucci,69000
1474,1017,Hoodie Zara,80000
1475,76,Cap LouisVuitton,44000
1476,1508,Cap H&M,28000
1477,1121,TShirt LouisVuitton,95000
1478,724,Jacket H&M,77000
1479,145,Backpack Adidas,92000
1480,1667,Handbag Nike,72000
1481,313,Cap Puma,66000
1482,686,Backpack Gucci,62000
1483,374,Cap H&M,41000
1484,1748,TShirt LouisVuitton,50000
1485,601,Jacket LouisVuitton,43000
1486,200,Cap Gucci,97000
1487,468,Backpack Zara,78000
1488,378,Hoodie Gucci,29000
1489,235,Jeans LouisVuitton,20000
1490,658,Backpack Uniqlo,30000
1491,868,TShirt Adidas,36000
1492,1781,Handbag LouisVuitton,35000
1493,1862,Sneakers Gucci,50000
1494,252,Jeans Adidas,73000
1495,1837,TShirt Gucci,16000
1496,1748,Jeans Nike,75000
1497,1124,Handbag Uniqlo,80000
1498,1208,TShirt Nike,44000
1499,1721,Cap LouisVuitton,71000
1500,793,Cap Puma,66000
1501,1436,Handbag Gucci,74000
1502,1798,Handbag Nike,53000
1503,95,Backpack H&M,90000
1504,1939,TShirt Zara,76000
1505,71,Hoodie Adidas,84000
1506,1958,Sneakers Gucci,10000
1507,617,Backpack Puma,18000
1508,741,Jeans Puma,90000
1509,1037,Hoodie Puma,79000
1510,936,Backpack Puma,54000
1511,526,Backpack Adidas,11000
1512,1981,Handbag Zara,66000
1513,280,Hoodie Adidas,92000
1514,670,TShirt H&M,25000
1515,136,Handbag Nike,33000
1516,1756,Hoodie Uniqlo,14000
1517,415,TShirt Zara,98000
1518,1256,Jacket Adidas,59000
1519,975,Handbag Gucci,21000
1520,404,Handbag H&M,57000
1521,1979,Sneakers Gucci,29000
1522,869,Backpack LouisVuitton,76000
1523,667,Jacket Puma,47000
1524,1011,Jeans LouisVuitton,35000
1525,1893,Backpack Puma,77000
1526,1735,Backpack H&M,68000
1527,1413,TShirt LouisVuitton,62000
1528,1180,TShirt LouisVuitton,81000
1529,1813,Jacket Nike,51000
1530,1135,Hoodie Puma,84000
1531,197,Cap H&M,37000
1532,1999,Hoodie LouisVuitton,97000
1533,1604,Cap H&M,80000
1534,1596,TShirt Adidas,66000
1535,1300,TShirt H&M,72000
1536,763,Jacket Uniqlo,32000
1537,1961,Sneakers LouisVuitton,44000
1538,608,Jeans LouisVuitton,37000
1539,586,Backpack Zara,83000
1540,82,Hoodie Adidas,90000
1541,414,Jeans Gucci,67000
1542,1338,Jeans Puma,50000
1543,1744,Jacket Puma,92000
1544,1235,Jacket Uniqlo,28000
1545,1388,Jacket Puma,21000
1546,1483,Jacket Adidas,26000
1547,1887,Sneakers Uniqlo,49000
1548,1184,Jacket LouisVuitton,42000
1549,1193,Jacket Gucci,53000
1550,1076,Hoodie Gucci,12000
1551,1566,Cap Gucci,78000
1552,233,Jeans Zara,58000
1553,1168,TShirt H&M,70000
1554,421,Jacket Adidas,68000
1555,86,Handbag Adidas,73000
1556,383,Sneakers Zara,31000
1557,1417,Jeans H&M,46000
1558,1423,Sneakers Zara,23000
1559,1345,Jacket Puma,30000
1560,257,Sneakers H&M,63000
1561,539,TShirt H&M,43000
1562,1522,Jacket Nike,49000
1563,437,Hoodie Gucci,51000
1564,113,Sneakers Adidas,60000
1565,1056,TShirt Puma,60000
1566,1551,Cap H&M,78000
1567,1725,Hoodie H&M,27000
1568,991,Handbag Gucci,69000
1569,1488,Backpack H&M,71000
1570,1990,Jeans LouisVuitton,76000
1571,432,Handbag Puma,42000
1572,283,Hoodie Puma,56000
1573,1684,Jeans Zara,68000
1574,24,Hoodie Adidas,71000
1575,518,Backpack Puma,33000
1576,1014,Jeans Adidas,87000
1577,1716,Backpack Adidas,90000
1578,1716,Sneakers Nike,86000
1579,137,Backpack Gucci,52000
1580,1169,Jacket Nike,39000
1581,1688,Jeans Uniqlo,82000
1582,941,Cap Adidas,25000
1583,193,Sneakers LouisVuitton,78000
1584,523,Handbag Uniqlo,75000
1585,969,Sneakers Uniqlo,32000
1586,1314,Jeans Gucci,52000
1587,294,Hoodie Uniqlo,58000
1588,342,Cap Gucci,18000
1589,944,TShirt LouisVuitton,12000
1590,963,Backpack Adidas,47000
1591,1569,Handbag H&M,55000
1592,1442,Jacket Uniqlo,74000
1593,1861,Jacket Nike,32000
1594,1362,Jeans Adidas,50000
1595,235,Handbag LouisVuitton,30000
1596,1088,Sneakers Nike,91000
1597,1233,TShirt H&M,73000
1598,1534,TShirt LouisVuitton,74000
1599,363,Sneakers Puma,32000
1600,1247,Jeans Adidas,79000
1601,876,Jacket Gucci,58000
1602,1049,Cap Adidas,83000
1603,1578,Sneakers H&M,62000
1604,1073,TShirt Adidas,53000
1605,1534,Cap Adidas,39000
1606,1746,Sneakers Nike,94000
1607,65,Jacket Uniqlo,11000
1608,1718,Hoodie Puma,31000
1609,576,Sneakers Gucci,12000
1610,1434,Jeans LouisVuitton,98000
1611,681,TShirt Nike,41000
1612,1822,Handbag Uniqlo,81000
1613,1067,TShirt Zara,48000
1614,866,Hoodie Zara,90000
1615,137,Cap Uniqlo,17000
1616,1978,TShirt Puma,10000
1617,1527,Handbag Adidas,44000
1618,459,Jacket Nike,49000
1619,1451,Handbag LouisVuitton,83000
1620,1723,Jeans Puma,58000
1621,733,Hoodie Uniqlo,89000
1622,116,Backpack Uniqlo,53000
1623,534,Hoodie Puma,60000
1624,1184,Hoodie Puma,49000
1625,1412,Jeans Zara,92000
1626,1758,Cap Zara,97000
1627,1860,Jeans LouisVuitton,42000
1628,427,Cap Uniqlo,45000
1629,1830,Backpack Uniqlo,12000
1630,1850,Hoodie Uniqlo,91000
1631,381,Hoodie LouisVuitton,72000
1632,1724,Cap Nike,75000
1633,700,Jeans Adidas,85000
1634,1336,Hoodie Puma,18000
1635,1289,TShirt H&M,66000
1636,324,Jacket LouisVuitton,80000
1637,1772,Hoodie Adidas,67000
1638,1769,Sneakers Uniqlo,21000
1639,609,Backpack Puma,48000
1640,1954,Sneakers Uniqlo,30000
1641,1377,Jacket Nike,54000
1642,509,Hoodie LouisVuitton,63000
1643,1101,Cap Nike,93000
1644,568,Hoodie Zara,31000
1645,243,Cap Puma,80000
1646,1588,Cap Adidas,18000
1647,166,Cap H&M,64000
1648,389,Jacket Puma,71000
1649,825,Jacket Zara,83000
1650,1424,Handbag H&M,71000
1651,1700,Jeans LouisVuitton,34000
1652,1484,Hoodie Gucci,59000
1653,589,Cap Gucci,50000
1654,1441,Jacket Zara,84000
1655,896,Handbag Puma,80000
1656,955,Handbag Uniqlo,41000
1657,1000,Handbag Gucci,40000
1658,1318,Jacket Zara,89000
1659,1634,Handbag Nike,52000
1660,467,Sneakers Uniqlo,47000
1661,1312,Jacket Zara,21000
1662,1922,Jacket Puma,86000
1663,1748,Sneakers LouisVuitton,67000
1664,1926,Sneakers Zara,13000
1665,1216,TShirt Adidas,47000
1666,1460,Cap Zara,84000
1667,828,TShirt Nike,47000
1668,259,Hoodie Puma,36000
1669,1247,TShirt Uniqlo,21000
1670,444,Hoodie H&M,49000
1671,244,TShirt Puma,37000
1672,1466,Backpack LouisVuitton,49000
1673,247,Backpack Puma,24000
1674,1307,Handbag Nike,20000
1675,1285,Backpack LouisVuitton,27000
1676,1886,Backpack Adidas,19000
1677,975,Jacket LouisVuitton,11000
1678,1715,Jeans Adidas,19000
1679,695,Cap Adidas,98000
1680,1677,Backpack Nike,23000
1681,1200,Backpack Puma,72000
1682,1474,TShirt Puma,93000
1683,1201,Handbag Zara,78000
1684,1641,Hoodie Uniqlo,18000
1685,387,Jeans Gucci,37000
1686,1578,TShirt Nike,53000
1687,494,Jacket Gucci,14000
1688,1937,TShirt Gucci,52000
1689,527,Cap Puma,72000
1690,1548,Hoodie Gucci,82000
1691,197,Backpack Zara,64000
1692,712,Cap Nike,82000
1693,831,Jacket H&M,58000
1694,631,Jacket Nike,96000
1695,335,Hoodie Uniqlo,87000
1696,300,Backpack H&M,52000
1697,1113,Cap Nike,90000
1698,1660,Jacket Adidas,56000
1699,676,Hoodie H&M,90000
1700,1086,TShirt Zara,38000
1701,7,TShirt Uniqlo,56000
1702,252,Cap Puma,66000
1703,509,Handbag Puma,82000
1704,1936,Sneakers Zara,69000
1705,433,TShirt Puma,84000
1706,1383,Backpack Uniqlo,54000
1707,1346,Backpack Zara,25000
1708,1648,Jeans Adidas,92000
1709,496,Cap Uniqlo,73000
1710,302,Jeans H&M,96000
1711,1708,Sneakers Adidas,66000
1712,577,Jacket H&M,23000
1713,1259,Jacket Uniqlo,28000
1714,1201,Jacket H&M,31000
1715,291,Cap Puma,42000
1716,1123,TShirt Nike,90000
1717,1036,Hoodie LouisVuitton,23000
1718,400,Sneakers Puma,69000
1719,161,Cap LouisVuitton,19000
1720,1013,Handbag Adidas,33000
1721,1212,Jeans Uniqlo,62000
1722,1069,Cap Adidas,19000
1723,556,Jacket Gucci,47000
1724,984,Hoodie H&M,21000
1725,1682,Handbag Puma,70000
1726,760,Cap Zara,69000
1727,1838,Jacket H&M,53000
1728,1630,Hoodie Zara,88000
1729,1079,TShirt Uniqlo,31000
1730,609,Jeans Zara,55000
1731,96,TShirt Adidas,42000
1732,278,Jacket H&M,79000
1733,1459,TShirt Zara,99000
1734,1544,Sneakers Gucci,77000
1735,538,Sneakers Uniqlo,46000
1736,961,Sneakers Gucci,59000
1737,1632,Jeans LouisVuitton,49000
1738,1215,Cap Gucci,98000
1739,1075,Sneakers H&M,73000
1740,160,Handbag H&M,36000
1741,613,Sneakers Gucci,33000
1742,597,Handbag Puma,38000
1743,918,Jacket Adidas,40000
1744,34,Cap Gucci,98000
1745,987,Jeans Zara,84000
1746,1324,Cap Uniqlo,12000
1747,586,Cap H&M,39000
1748,1993,Cap H&M,58000
1749,1595,Backpack Gucci,54000
1750,1587,Jeans H&M,73000
1751,1992,Jacket Uniqlo,78000
1752,1909,Jacket Adidas,94000
1753,1037,Jacket Puma,65000
1754,187,Handbag Puma,82000
1755,1768,TShirt H&M,87000
1756,358,Cap Adidas,73000
1757,1929,Hoodie Adidas,68000
1758,1573,Hoodie Uniqlo,82000
1759,995,Backpack Puma,37000
1760,1725,Jeans Gucci,76000
1761,1016,Cap Uniqlo,20000
1762,690,Hoodie H&M,85000
1763,1297,Jacket H&M,88000
1764,75,Jeans H&M,63000
1765,996,Handbag Adidas,69000
1766,1585,Backpack LouisVuitton,79000
1767,1931,Hoodie H&M,14000
1768,1455,Jacket Zara,70000
1769,739,Jeans Uniqlo,39000
1770,195,Handbag LouisVuitton,55000
1771,217,Jeans LouisVuitton,52000
1772,1547,Backpack Nike,96000
1773,1630,Hoodie Zara,97000
1774,1785,Cap Uniqlo,46000
1775,1684,Handbag Zara,74000
1776,1535,Hoodie LouisVuitton,65000
1777,1071,Handbag Gucci,69000
1778,1971,Jeans Zara,54000
1779,661,Hoodie Nike,51000
1780,1548,Jacket Gucci,84000
1781,1773,Handbag Nike,19000
1782,1778,Sneakers LouisVuitton,12000
1783,1747,Jacket Puma,34000
1784,481,Cap Nike,40000
1785,1730,Jeans Gucci,56000
1786,758,Jacket Nike,87000
1787,392,Hoodie Puma,91000
1788,896,Handbag Nike,25000
1789,1157,Backpack Uniqlo,65000
1790,1264,Jacket Uniqlo,11000
1791,1387,Hoodie Adidas,87000
1792,1512,Jeans Gucci,75000
1793,207,TShirt Puma,50000
1794,799,Cap Zara,88000
1795,1590,Handbag Adidas,36000
1796,1468,Handbag Adidas,27000
1797,1801,Handbag Zara,56000
1798,534,Cap Zara,95000
1799,321,Sneakers H&M,25000
1800,922,Jacket Nike,27000
1801,1770,Sneakers Adidas,14000
1802,1668,Hoodie H&M,37000
1803,276,Handbag Gucci,69000
1804,1043,Hoodie Uniqlo,78000
1805,861,Handbag Gucci,64000
1806,265,Sneakers Puma,69000
1807,471,Backpack Nike,47000
1808,1449,Hoodie LouisVuitton,47000
1809,1304,Hoodie Adidas,70000
1810,423,TShirt H&M,23000
1811,452,TShirt Gucci,21000
1812,1003,Sneakers H&M,75000
1813,565,Jeans Uniqlo,53000
1814,1853,Backpack Zara,39000
1815,179,Cap Gucci,48000
1816,698,Sneakers H&M,78000
1817,1516,Jacket Uniqlo,64000
1818,637,Handbag LouisVuitton,45000
1819,1356,Cap Puma,23000
1820,1990,Jeans H&M,82000
1821,1797,Jeans Nike,89000
1822,1638,Hoodie H&M,57000
1823,664,Cap Zara,24000
1824,1968,Cap Adidas,74000
1825,874,Cap Uniqlo,33000
1826,1274,Jeans Adidas,39000
1827,720,Sneakers H&M,35000
1828,1481,Hoodie Nike,39000
1829,1010,Sneakers LouisVuitton,90000
1830,488,Sneakers Puma,11000
1831,1531,TShirt Puma,33000
1832,961,Backpack Puma,79000
1833,1078,Jacket Zara,15000
1834,673,Sneakers H&M,74000
1835,1730,Jeans Nike,13000
1836,136,Hoodie Zara,83000
1837,1839,Backpack Gucci,41000
1838,1398,TShirt Puma,32000
1839,415,Backpack LouisVuitton,45000
1840,1471,Sneakers Adidas,51000
1841,1557,Handbag Uniqlo,40000
1842,744,Cap Adidas,70000
1843,1528,Jeans Puma,23000
1844,535,Handbag Adidas,35000
1845,1697,Sneakers Nike,81000
1846,1621,Jeans Adidas,19000
1847,840,Backpack Zara,51000
1848,495,Jacket Zara,87000
1849,1386,Hoodie Uniqlo,67000
1850,1665,Hoodie H&M,44000
1851,1174,Sneakers H&M,20000
1852,1401,Backpack Nike,93000
1853,1882,TShirt H&M,84000
1854,809,Backpack H&M,13000
1855,106,TShirt Adidas,57000
1856,1861,Sneakers Nike,51000
1857,1049,Jeans Nike,72000
1858,1280,Sneakers Zara,39000
1859,558,Jeans Gucci,49000
1860,323,TShirt Nike,18000
1861,1984,Sneakers Puma,32000
1862,518,Hoodie LouisVuitton,16000
1863,442,TShirt LouisVuitton,51000
1864,1844,TShirt Zara,59000
1865,1511,Jeans Zara,83000
1866,1227,Sneakers H&M,79000
1867,1606,Jacket Gucci,51000
1868,1145,Hoodie Uniqlo,31000
1869,486,Jeans Nike,51000
1870,544,Backpack Adidas,85000
1871,891,Jacket Nike,96000
1872,258,Jacket Puma,44000
1873,535,Sneakers Gucci,76000
1874,1285,Hoodie LouisVuitton,39000
1875,1953,Sneakers H&M,18000
1876,1263,Hoodie Adidas,23000
1877,1553,Hoodie Uniqlo,83000
1878,618,Hoodie Gucci,89000
1879,593,Backpack Adidas,64000
1880,945,Jacket LouisVuitton,93000
1881,1261,TShirt Nike,83000
1882,1761,Jacket Nike,76000
1883,803,Sneakers LouisVuitton,18000
1884,1000,Sneakers Uniqlo,41000
1885,612,Hoodie Gucci,55000
1886,1881,Jacket LouisVuitton,78000
1887,432,TShirt Nike,13000
1888,1142,Sneakers LouisVuitton,35000
1889,381,Handbag H&M,25000
1890,1620,Jacket Puma,27000
1891,433,Jeans Nike,25000
1892,1018,Hoodie Zara,43000
1893,819,Cap Puma,53000
1894,1713,Sneakers Adidas,84000
1895,909,Jeans Nike,85000
1896,965,Handbag Adidas,89000
1897,1628,Jacket H&M,97000
1898,769,Hoodie H&M,45000
1899,1278,Hoodie Uniqlo,84000
1900,23,Backpack Nike,21000
1901,674,Handbag LouisVuitton,56000
1902,1046,Hoodie Gucci,26000
1903,619,Handbag Adidas,21000
1904,1761,Sneakers Gucci,19000
1905,749,Jacket Zara,65000
1906,1854,Sneakers Zara,94000
1907,446,Jacket Nike,33000
1908,52,TShirt Zara,94000
1909,630,Jacket Uniqlo,92000
1910,331,Hoodie Zara,22000
1911,1534,Jacket Adidas,58000
1912,463,Hoodie Gucci,89000
1913,1556,Jeans Adidas,33000
1914,205,Jeans LouisVuitton,76000
1915,517,Jacket H&M,86000
1916,52,Jacket LouisVuitton,21000
1917,1570,Backpack Nike,21000
1918,1989,Hoodie Puma,44000
1919,1723,Jeans Gucci,45000
1920,1283,Jacket Adidas,80000
1921,758,Backpack Nike,99000
1922,243,TShirt Zara,96000
1923,1640,Hoodie Zara,74000
1924,797,TShirt Zara,73000
1925,506,Jeans Puma,18000
1926,568,Backpack Zara,40000
1927,869,Handbag Gucci,36000
1928,465,Hoodie Adidas,17000
1929,214,Hoodie Adidas,11000
1930,500,Hoodie Gucci,19000
1931,42,Hoodie Zara,21000
1932,1985,Hoodie Uniqlo,63000
1933,1794,TShirt Puma,87000
1934,1032,Backpack Adidas,14000
1935,288,Handbag Uniqlo,26000
1936,733,Sneakers Gucci,99000
1937,1976,Jacket H&M,66000
1938,628,Jacket Uniqlo,50000
1939,1599,Sneakers H&M,35000
1940,85,Sneakers Zara,77000
1941,159,Hoodie Puma,90000
1942,1353,Hoodie Zara,20000
1943,800,Jeans Uniqlo,18000
1944,1738,Cap Puma,51000
1945,992,Backpack Nike,31000
1946,1734,Handbag Adidas,56000
1947,412,Sneakers Adidas,33000
1948,1309,Cap Zara,30000
1949,1940,Cap Adidas,23000
1950,990,Jacket Uniqlo,43000
1951,1226,Jeans Gucci,94000
1952,317,Sneakers Adidas,23000
1953,1411,Jeans H&M,12000
1954,1760,Handbag Gucci,91000
1955,196,Handbag Gucci,47000
1956,1436,Jeans Gucci,99000
1957,853,Jeans Adidas,51000
1958,1916,Backpack Nike,78000
1959,961,TShirt Gucci,18000
1960,986,Cap Gucci,82000
1961,1844,Jacket Zara,89000
1962,1012,Jeans H&M,29000
1963,1275,Hoodie Zara,59000
1964,904,Jeans Gucci,16000
1965,1159,Cap H&M,26000
1966,1639,Cap Puma,67000
1967,1065,Jacket Uniqlo,61000
1968,1893,Jacket H&M,35000
1969,823,Cap Nike,70000
1970,1318,Cap Nike,15000
1971,741,Hoodie LouisVuitton,86000
1972,1315,Sneakers Puma,42000
1973,861,Jeans Nike,62000
1974,1715,Handbag Zara,73000
1975,135,Handbag Nike,62000
1976,417,Cap Nike,42000
1977,512,Jacket Uniqlo,95000
1978,1580,Sneakers LouisVuitton,39000
1979,327,Jacket LouisVuitton,84000
1980,50,Jeans Puma,24000
1981,315,Jeans Puma,40000
1982,1203,Hoodie LouisVuitton,52000
1983,1278,Jeans LouisVuitton,30000
1984,1172,Hoodie Adidas,12000
1985,1188,Hoodie Uniqlo,61000
1986,1064,TShirt Adidas,73000
1987,516,Hoodie Adidas,91000
1988,296,Jacket Zara,58000
1989,1941,Jeans Nike,32000
1990,428,Backpack Adidas,65000
1991,1986,TShirt Gucci,90000
1992,352,TShirt Adidas,20000
1993,1398,Cap Nike,86000
1994,1440,Handbag LouisVuitton,77000
1995,2000,TShirt Gucci,61000
1996,347,Jeans Zara,50000
1997,1328,TShirt Uniqlo,86000
1998,1810,TShirt Nike,79000
1999,407,Jacket Uniqlo,33000
2000,490,Jeans Gucci,96000
2001,891,Handbag H&M,88000
2002,1029,Sneakers Gucci,68000
2003,1152,Jeans Zara,33000
2004,445,Handbag Puma,83000
2005,271,Jacket Gucci,62000
2006,169,Cap Puma,94000
2007,50,Sneakers Nike,94000
2008,1909,Backpack Zara,67000
2009,149,Cap Nike,82000
2010,398,Handbag Uniqlo,19000
2011,599,TShirt Nike,13000
2012,1011,Backpack Puma,21000
2013,1910,Sneakers Zara,63000
2014,1397,Backpack Uniqlo,53000
2015,1814,Jeans Nike,75000
2016,1063,Handbag LouisVuitton,84000
2017,362,Handbag Nike,84000
2018,1086,Backpack Puma,39000
2019,1577,Cap LouisVuitton,41000
2020,1361,Hoodie Adidas,76000
2021,1098,Cap LouisVuitton,58000
2022,1193,TShirt Uniqlo,97000
2023,1527,TShirt Nike,52000
2024,1554,Sneakers Puma,51000
2025,1869,Jeans Nike,70000
2026,744,TShirt Uniqlo,62000
2027,1754,Jacket LouisVuitton,98000
2028,1562,Sneakers Uniqlo,40000
2029,270,Jacket LouisVuitton,49000
2030,634,Handbag Zara,95000
2031,330,Hoodie Nike,36000
2032,523,Jacket Zara,27000
2033,1043,Jacket LouisVuitton,25000
2034,481,Handbag LouisVuitton,19000
2035,575,Jacket Uniqlo,38000
2036,1028,Handbag Gucci,93000
2037,198,Sneakers Uniqlo,46000
2038,988,Cap Adidas,12000
2039,450,Handbag Adidas,83000
2040,1606,Backpack Uniqlo,15000
2041,479,Backpack Uniqlo,33000
2042,125,Jeans H&M,55000
2043,91,Backpack Uniqlo,65000
2044,241,Sneakers Puma,96000
2045,1782,Cap Adidas,73000
2046,1123,Jeans Gucci,50000
2047,531,Backpack Zara,78000
2048,1238,Hoodie Uniqlo,59000
2049,549,Jacket Nike,64000
2050,767,Sneakers Gucci,50000
2051,1666,Sneakers Nike,70000
2052,982,Handbag Adidas,55000
2053,1651,Cap Puma,16000
2054,162,Hoodie H&M,83000
2055,705,Backpack Adidas,77000
2056,1552,TShirt Puma,46000
2057,1689,TShirt Puma,57000
2058,749,TShirt H&M,23000
2059,1449,Sneakers Zara,91000
2060,1575,Cap H&M,98000
2061,1520,Handbag Nike,11000
2062,31,Jeans Nike,68000
2063,865,Jacket Uniqlo,34000
2064,489,TShirt Zara,91000
2065,160,Jeans Puma,28000
2066,1513,Hoodie Nike,39000
2067,1730,Cap Adidas,54000
2068,391,Cap Puma,20000
2069,529,Jeans Puma,37000
2070,300,TShirt Uniqlo,68000
2071,1030,Sneakers Uniqlo,86000
2072,738,TShirt Puma,16000
2073,1597,Cap Uniqlo,75000
2074,1848,Jeans Gucci,14000
2075,1539,Sneakers LouisVuitton,84000
2076,1323,Jacket H&M,72000
2077,1691,Jacket Gucci,77000
2078,1166,TShirt Zara,34000
2079,452,Cap Puma,85000
2080,1554,Jeans H&M,70000
2081,164,Cap Uniqlo,39000
2082,814,Sneakers Uniqlo,89000
2083,416,Backpack Puma,39000
2084,103,Handbag Zara,30000
2085,496,Hoodie Gucci,15000
2086,1784,Jeans Nike,35000
2087,447,Jeans Adidas,67000
2088,204,Cap Puma,80000
2089,1129,Jeans Zara,86000
2090,238,Jacket Gucci,53000
2091,1531,Handbag Uniqlo,17000
2092,1167,Cap Adidas,47000
2093,1750,TShirt H&M,31000
2094,144,Handbag LouisVuitton,63000
2095,684,Handbag LouisVuitton,96000
2096,419,Backpack LouisVuitton,93000
2097,113,Sneakers Zara,10000
2098,365,Backpack H&M,94000
2099,586,Jacket Uniqlo,38000
2100,791,Handbag Gucci,26000
2101,1265,Handbag H&M,29000
2102,776,Cap H&M,31000
2103,1550,TShirt Zara,96000
2104,1900,Jeans LouisVuitton,19000
2105,1871,Sneakers Uniqlo,60000
2106,1311,TShirt Uniqlo,59000
2107,1233,Jeans Uniqlo,41000
2108,1826,TShirt H&M,32000
2109,963,Cap Puma,62000
2110,1525,Handbag Adidas,56000
2111,1498,Hoodie LouisVuitton,12000
2112,1627,Jacket LouisVuitton,26000
2113,1399,Sneakers Gucci,38000
2114,968,Jacket LouisVuitton,79000
2115,1554,Cap Gucci,32000
2116,821,Jeans Puma,55000
2117,370,TShirt H&M,82000
2118,1803,Backpack H&M,16000
2119,354,Cap LouisVuitton,11000
2120,355,Cap Nike,34000
2121,926,TShirt Adidas,62000
2122,1180,TShirt Gucci,39000
2123,1555,Hoodie LouisVuitton,87000
2124,1924,TShirt Adidas,86000
2125,1986,Handbag H&M,71000
2126,973,Backpack Puma,81000
2127,204,Handbag Uniqlo,79000
2128,569,Backpack Zara,38000
2129,1927,Backpack Adidas,50000
2130,14,Jacket Uniqlo,72000
2131,759,Handbag Adidas,61000
2132,1987,Sneakers LouisVuitton,28000
2133,1861,Handbag Zara,34000
2134,1968,Jacket LouisVuitton,62000
2135,1051,Hoodie Nike,80000
2136,1602,Backpack Gucci,88000
2137,566,TShirt Adidas,64000
2138,1492,Jeans Puma,98000
2139,466,Jacket H&M,20000
2140,1286,Hoodie Adidas,29000
2141,1009,Cap H&M,93000
2142,456,TShirt Adidas,27000
2143,1588,Jeans Puma,44000
2144,815,TShirt LouisVuitton,20000
2145,623,Hoodie Nike,19000
2146,816,Backpack Uniqlo,83000
2147,121,TShirt Puma,85000
2148,1552,Hoodie Gucci,96000
2149,1897,Backpack H&M,44000
2150,1129,Jacket Zara,34000
2151,154,Handbag Adidas,31000
2152,1479,Sneakers H&M,59000
2153,1735,Backpack Uniqlo,16000
2154,1286,Cap Gucci,40000
2155,1039,Jeans Nike,98000
2156,1974,Backpack H&M,36000
2157,1409,Jacket Nike,67000
2158,1175,Backpack H&M,69000
2159,1857,Jeans Gucci,86000
2160,813,Cap H&M,14000
2161,1585,Handbag Uniqlo,73000
2162,1324,Jacket LouisVuitton,74000
2163,1544,Hoodie Adidas,23000
2164,396,Sneakers Adidas,61000
2165,558,Cap Puma,33000
2166,757,Backpack LouisVuitton,44000
2167,1661,Cap H&M,21000
2168,1444,Cap Puma,18000
2169,1,TShirt Nike,88000
2170,1044,Jeans H&M,82000
2171,1464,Jacket Gucci,44000
2172,1301,Cap Uniqlo,44000
2173,1827,Handbag Gucci,24000
2174,457,Backpack LouisVuitton,61000
2175,915,Sneakers Zara,66000
2176,209,Jeans Puma,38000
2177,1004,Jacket Nike,89000
2178,467,Cap Puma,94000
2179,388,Jacket Adidas,53000
2180,1239,Cap H&M,44000
2181,1620,Cap Gucci,86000
2182,1349,Hoodie Puma,46000
2183,1029,Jeans Adidas,44000
2184,824,Handbag Uniqlo,50000
2185,52,Hoodie Uniqlo,76000
2186,1181,Jeans LouisVuitton,51000
2187,1983,Hoodie Zara,29000
2188,916,Backpack Uniqlo,99000
2189,933,Jacket Zara,82000
2190,1693,Backpack Uniqlo,13000
2191,1546,Sneakers LouisVuitton,59000
2192,620,Sneakers Adidas,63000
2193,304,Jacket Zara,80000
2194,918,TShirt Puma,20000
2195,1613,Handbag Adidas,24000
2196,17,Cap H&M,56000
2197,539,Jacket Puma,80000
2198,1927,Hoodie LouisVuitton,10000
2199,515,Backpack H&M,55000
2200,1971,Cap H&M,80000
2201,417,Backpack Uniqlo,36000
2202,1345,TShirt Gucci,93000
2203,483,Backpack Uniqlo,71000
2204,818,Jeans LouisVuitton,94000
2205,633,Jacket Nike,23000
2206,1061,TShirt Uniqlo,81000
2207,454,Jacket Zara,67000
2208,1775,Jeans Zara,35000
2209,1373,Cap Zara,92000
2210,1492,Jacket Puma,79000
2211,1668,Cap Uniqlo,44000
2212,1226,Hoodie H&M,72000
2213,403,Sneakers H&M,89000
2214,1404,Cap Adidas,88000
2215,22,Jacket Puma,22000
2216,1637,Handbag H&M,20000
2217,1079,TShirt LouisVuitton,78000
2218,1905,Handbag Zara,87000
2219,436,Jacket Nike,89000
2220,975,Sneakers Adidas,20000
2221,414,TShirt Gucci,50000
2222,1744,Cap Uniqlo,18000
2223,1623,Hoodie Adidas,75000
2224,809,Cap Zara,98000
2225,691,Sneakers Gucci,88000
2226,1036,TShirt H&M,30000
2227,695,Backpack Puma,13000
2228,179,Hoodie Puma,89000
2229,93,Handbag LouisVuitton,72000
2230,1669,Jeans H&M,75000
2231,1918,Handbag Gucci,96000
2232,1598,Sneakers Nike,35000
2233,485,Handbag Adidas,42000
2234,1419,TShirt Zara,50000
2235,82,Handbag Uniqlo,58000
2236,219,Jacket Puma,34000
2237,964,TShirt Nike,17000
2238,1423,TShirt Zara,49000
2239,829,Cap Uniqlo,48000
2240,233,Cap Zara,51000
2241,1682,Hoodie Gucci,19000
2242,64,Jacket Puma,38000
2243,824,Backpack Zara,54000
2244,762,Cap Adidas,61000
2245,1704,Backpack Puma,78000
2246,177,Jeans Nike,43000
2247,1003,Jeans Nike,65000
2248,1614,Sneakers Zara,72000
2249,877,TShirt Uniqlo,15000
2250,544,TShirt LouisVuitton,76000
2251,1949,Jeans Uniqlo,81000
2252,278,Backpack Adidas,55000
2253,107,Cap LouisVuitton,72000
2254,320,Hoodie Adidas,60000
2255,937,Cap LouisVuitton,76000
2256,817,Handbag Adidas,10000
2257,314,Backpack Zara,76000
2258,111,TShirt Puma,87000
2259,678,Jacket Puma,74000
2260,577,Jacket Gucci,97000
2261,531,TShirt Zara,71000
2262,160,TShirt H&M,82000
2263,205,Cap Puma,91000
2264,1414,Cap Zara,69000
2265,878,Backpack Gucci,49000
2266,1089,TShirt Zara,58000
2267,342,Hoodie Nike,31000
2268,960,Jeans H&M,91000
2269,1540,Cap H&M,98000
2270,1812,Handbag Uniqlo,46000
2271,1178,TShirt Uniqlo,24000
2272,912,Cap Adidas,59000
2273,1628,Sneakers Adidas,40000
2274,250,Hoodie Gucci,29000
2275,545,Jacket LouisVuitton,56000
2276,1927,Jacket Nike,88000
2277,1728,Jacket Nike,44000
2278,338,TShirt Nike,79000
2279,1428,Handbag Puma,78000
2280,1236,Handbag Uniqlo,18000
2281,1944,Handbag Adidas,17000
2282,1981,Jacket LouisVuitton,66000
2283,1851,Hoodie Adidas,76000
2284,250,Cap Nike,99000
2285,1293,Handbag H&M,18000
2286,412,Backpack LouisVuitton,14000
2287,511,Cap Puma,37000
2288,214,TShirt H&M,54000
2289,1511,Cap Nike,91000
2290,1215,TShirt LouisVuitton,39000
2291,473,Backpack Uniqlo,37000
2292,316,Sneakers Nike,98000
2293,702,Hoodie Puma,18000
2294,1655,Cap H&M,36000
2295,1312,TShirt Zara,15000
2296,1050,Handbag LouisVuitton,49000
2297,779,Backpack Adidas,36000
2298,260,Sneakers Zara,34000
2299,670,Sneakers Adidas,97000
2300,18,Backpack Nike,50000
2301,1239,Handbag H&M,30000
2302,1494,Jeans Puma,27000
2303,1306,Hoodie Zara,36000
2304,676,Hoodie H&M,15000
2305,1754,Sneakers Uniqlo,38000
2306,447,Jacket Uniqlo,47000
2307,1502,TShirt LouisVuitton,33000
2308,1728,TShirt LouisVuitton,66000
2309,653,Backpack Uniqlo,98000
2310,575,Jacket Gucci,19000
2311,962,Hoodie Uniqlo,29000
2312,1511,TShirt H&M,24000
2313,1016,Sneakers Gucci,14000
2314,518,Backpack Zara,52000
2315,462,Backpack H&M,51000
2316,650,Backpack Nike,30000
2317,435,Cap Gucci,97000
2318,1460,Jacket Gucci,31000
2319,1002,Cap Uniqlo,71000
2320,1624,Hoodie Adidas,38000
2321,951,Handbag Nike,80000
2322,1691,Jacket Gucci,59000
2323,288,Backpack Uniqlo,53000
2324,1891,Hoodie Adidas,35000
2325,1149,Jacket Nike,50000
2326,1882,Jacket LouisVuitton,30000
2327,584,Hoodie Uniqlo,31000
2328,1595,Cap Uniqlo,93000
2329,749,Jeans Puma,86000
2330,659,Jacket Zara,70000
2331,666,Hoodie LouisVuitton,18000
2332,224,Backpack Puma,44000
2333,1152,Handbag H&M,48000
2334,581,Backpack LouisVuitton,53000
2335,1967,Backpack LouisVuitton,53000
2336,964,Handbag Puma,56000
2337,429,Sneakers H&M,87000
2338,1617,Sneakers LouisVuitton,11000
2339,512,Handbag Puma,38000
2340,1733,Jacket Adidas,81000
2341,1487,Jacket Nike,75000
2342,1097,Handbag Gucci,25000
2343,1636,Jacket Puma,24000
2344,902,Jacket Nike,49000
2345,1692,Cap LouisVuitton,33000
2346,1627,Hoodie Puma,70000
2347,1492,Backpack Gucci,85000
2348,614,Sneakers Zara,59000
2349,1342,Jacket Nike,80000
2350,1689,Hoodie Zara,32000
2351,506,Jeans LouisVuitton,15000
2352,1414,TShirt Uniqlo,82000
2353,1213,Sneakers LouisVuitton,86000
2354,899,TShirt H&M,35000
2355,732,Jeans Nike,29000
2356,231,Sneakers Nike,39000
2357,737,TShirt Puma,82000
2358,618,Jeans H&M,77000
2359,693,Jacket Gucci,60000
2360,56,Hoodie Zara,16000
2361,1588,Jacket Adidas,91000
2362,878,TShirt Nike,87000
2363,44,Jeans Zara,75000
2364,251,Sneakers Nike,86000
2365,1197,Hoodie Adidas,77000
2366,256,Jacket Adidas,50000
2367,1369,TShirt Puma,19000
2368,1536,Sneakers Zara,72000
2369,245,Handbag Puma,90000
2370,192,Jacket Gucci,60000
2371,1158,Hoodie Nike,30000
2372,871,Hoodie Nike,93000
2373,933,Cap H&M,73000
2374,207,Handbag LouisVuitton,86000
2375,1067,Sneakers H&M,20000
2376,482,Jeans Puma,63000
2377,1540,Sneakers Zara,33000
2378,637,Jeans Gucci,62000
2379,432,Handbag Gucci,35000
2380,639,Hoodie Adidas,22000
2381,1085,Jacket Nike,54000
2382,1146,Jeans LouisVuitton,48000
2383,590,Sneakers LouisVuitton,65000
2384,145,Hoodie H&M,35000
2385,1526,Sneakers Uniqlo,90000
2386,552,TShirt Nike,30000
2387,1437,Jacket Gucci,56000
2388,791,TShirt Uniqlo,13000
2389,697,Sneakers Adidas,82000
2390,1543,Jacket LouisVuitton,74000
2391,150,Backpack Puma,35000
2392,274,Hoodie Adidas,61000
2393,1550,Cap Puma,85000
2394,1654,Hoodie Zara,51000
2395,785,Jeans Uniqlo,92000
2396,3,Handbag Nike,63000
2397,990,Jacket Gucci,24000
2398,1928,Backpack Uniqlo,22000
2399,279,Hoodie Nike,10000
2400,1161,TShirt Zara,42000
2401,1697,Backpack Puma,15000
2402,539,Handbag Zara,24000
2403,897,Jacket Uniqlo,14000
2404,710,Hoodie H&M,99000
2405,1903,Hoodie Puma,28000
2406,1698,Hoodie LouisVuitton,26000
2407,614,TShirt Zara,47000
2408,1210,Backpack LouisVuitton,40000
2409,370,Hoodie H&M,97000
2410,475,TShirt H&M,59000
2411,1888,Jacket H&M,30000
2412,1973,Cap Gucci,80000
2413,865,Cap Gucci,81000
2414,392,Hoodie Gucci,88000
2415,1286,Jeans LouisVuitton,82000
2416,200,TShirt LouisVuitton,78000
2417,757,Jacket Uniqlo,83000
2418,106,Cap Gucci,90000
2419,162,Sneakers Nike,72000
2420,1188,TShirt Adidas,61000
2421,1366,Cap Gucci,59000
2422,816,Hoodie Uniqlo,70000
2423,171,Sneakers Adidas,59000
2424,793,Jacket Puma,17000
2425,1214,Jeans Nike,31000
2426,1371,TShirt Gucci,91000
2427,1659,Backpack LouisVuitton,16000
2428,359,Jeans Adidas,40000
2429,4,Sneakers Adidas,16000
2430,1804,TShirt Uniqlo,76000
2431,58,Cap Puma,59000
2432,1247,TShirt Adidas,36000
2433,881,Handbag Zara,63000
2434,1523,Handbag Puma,51000
2435,272,Jacket Adidas,32000
2436,1793,Handbag Zara,47000
2437,1086,Sneakers LouisVuitton,83000
2438,1649,TShirt Zara,62000
2439,950,Hoodie Uniqlo,12000
2440,30,Hoodie Zara,25000
2441,387,Sneakers Gucci,73000
2442,246,Jeans Puma,98000
2443,1620,Cap Gucci,81000
2444,359,Handbag Uniqlo,97000
2445,1817,Jeans Zara,24000
2446,1539,Sneakers LouisVuitton,14000
2447,1827,Handbag Gucci,52000
2448,476,Handbag Uniqlo,36000
2449,1207,Handbag Adidas,84000
2450,1096,Hoodie H&M,63000
2451,1419,Jeans Gucci,96000
2452,1885,TShirt Adidas,39000
2453,1175,Hoodie Nike,49000
2454,1173,Sneakers Gucci,40000
2455,485,Jeans Adidas,81000
2456,1659,Handbag Zara,40000
2457,930,Sneakers Puma,21000
2458,636,Sneakers Adidas,66000
2459,490,TShirt Puma,83000
2460,807,Backpack H&M,60000
2461,430,Jacket Puma,48000
2462,749,Sneakers Adidas,76000
2463,353,Handbag LouisVuitton,20000
2464,993,TShirt Adidas,26000
2465,1526,Backpack Nike,48000
2466,375,Sneakers Adidas,78000
2467,1540,Handbag Gucci,86000
2468,1145,Cap Uniqlo,75000
2469,1458,Cap H&M,36000
2470,301,TShirt Gucci,20000
2471,570,Jacket Nike,39000
2472,1151,Cap H&M,99000
2473,713,Sneakers Uniqlo,55000
2474,733,Jacket Zara,50000
2475,589,Jeans Adidas,35000
2476,966,Handbag Gucci,28000
2477,933,Jacket Uniqlo,35000
2478,938,Handbag Zara,20000
2479,1989,TShirt Gucci,12000
2480,828,Cap Puma,80000
2481,190,Handbag Uniqlo,60000
2482,882,Jeans LouisVuitton,70000
2483,1929,Sneakers Gucci,48000
2484,291,TShirt Puma,12000
2485,1981,TShirt Zara,13000
2486,263,Handbag H&M,73000
2487,660,Handbag H&M,68000
2488,59,Jacket Nike,75000
2489,506,Handbag H&M,25000
2490,1674,Hoodie Puma,49000
2491,909,Cap Gucci,48000
2492,836,Handbag Nike,88000
2493,749,Hoodie Adidas,65000
2494,1450,Sneakers Uniqlo,62000
2495,781,Sneakers Zara,27000
2496,1615,Jacket LouisVuitton,31000
2497,1392,Backpack Gucci,81000
2498,200,Handbag Uniqlo,18000
2499,716,Backpack Zara,95000
2500,141,Jacket Zara,60000
2501,442,TShirt Zara,97000
2502,1205,TShirt Adidas,31000
2503,659,Handbag LouisVuitton,17000
2504,493,Sneakers Adidas,53000
2505,1300,Jacket Uniqlo,38000
2506,1329,Jeans Gucci,76000
2507,282,Handbag Gucci,62000
2508,1185,Handbag LouisVuitton,63000
2509,1222,Sneakers Puma,41000
2510,1869,Jeans Nike,71000
2511,1418,Handbag Adidas,27000
2512,1353,Hoodie LouisVuitton,91000
2513,186,Hoodie Puma,86000
2514,1929,Sneakers Gucci,97000
2515,188,Backpack Zara,49000
2516,1093,Hoodie Puma,46000
2517,1223,Jacket Nike,83000
2518,1686,Hoodie Uniqlo,56000
2519,503,Handbag Gucci,27000
2520,1703,Jacket Puma,90000
2521,903,TShirt H&M,96000
2522,420,TShirt Gucci,74000
2523,1333,Cap LouisVuitton,48000
2524,1325,Sneakers LouisVuitton,57000
2525,593,Jeans Gucci,50000
2526,980,TShirt Puma,21000
2527,621,Sneakers Puma,65000
2528,1850,Jeans LouisVuitton,27000
2529,894,Jeans LouisVuitton,20000
2530,901,Backpack Puma,50000
2531,553,Sneakers Puma,59000
2532,1661,Cap Uniqlo,55000
2533,886,Handbag Nike,75000
2534,858,TShirt Adidas,79000
2535,656,Jacket LouisVuitton,78000
2536,1671,Jacket H&M,12000
2537,739,Handbag Adidas,76000
2538,130,Handbag Gucci,71000
2539,1820,Cap Nike,88000
2540,617,Backpack Zara,35000
2541,1276,Cap Puma,27000
2542,637,TShirt LouisVuitton,55000
2543,1445,Jeans Nike,32000
2544,1426,Jacket Puma,92000
2545,1706,Hoodie H&M,67000
2546,605,Hoodie LouisVuitton,92000
2547,1683,Sneakers Gucci,94000
2548,244,Handbag Puma,49000
2549,438,Hoodie Gucci,76000
2550,33,TShirt Nike,85000
2551,1983,TShirt Adidas,87000
2552,1871,Handbag Gucci,24000
2553,1560,Backpack Puma,47000
2554,1451,Sneakers Uniqlo,60000
2555,417,TShirt Gucci,88000
2556,1827,Backpack Nike,54000
2557,905,Hoodie H&M,54000
2558,666,Sneakers Gucci,88000
2559,1554,Hoodie Uniqlo,63000
2560,177,TShirt Zara,44000
2561,560,TShirt Uniqlo,60000
2562,1279,Jacket H&M,73000
2563,698,Jeans Adidas,92000
2564,1722,Hoodie Zara,85000
2565,759,Hoodie H&M,59000
2566,91,Jeans Puma,15000
2567,66,Jacket Adidas,41000
2568,1390,TShirt LouisVuitton,71000
2569,1831,Backpack LouisVuitton,13000
2570,271,TShirt Puma,16000
2571,227,Sneakers Puma,98000
2572,1757,Cap Adidas,14000
2573,1430,TShirt Zara,28000
2574,1850,Handbag Nike,88000
2575,644,Jacket Adidas,17000
2576,1448,Cap LouisVuitton,48000
2577,1215,Backpack H&M,86000
2578,813,Hoodie Adidas,44000
2579,350,Hoodie Puma,20000
2580,1055,Jeans Uniqlo,66000
2581,1178,TShirt Adidas,44000
2582,1577,Cap Gucci,50000
2583,1147,Cap Nike,99000
2584,452,Jeans Nike,20000
2585,206,TShirt Zara,73000
2586,1134,Handbag Puma,93000
2587,977,Jacket Uniqlo,80000
2588,70,Cap Puma,58000
2589,805,Hoodie Nike,24000
2590,1244,Jeans Nike,24000
2591,651,Handbag LouisVuitton,76000
2592,1973,Handbag Gucci,63000
2593,1303,Cap LouisVuitton,27000
2594,661,TShirt Uniqlo,34000
2595,1264,Jeans LouisVuitton,13000
2596,164,Hoodie Nike,57000
2597,1181,Sneakers LouisVuitton,36000
2598,1465,Hoodie Adidas,75000
2599,24,Handbag LouisVuitton,22000
2600,1777,TShirt Uniqlo,67000
2601,447,Hoodie Adidas,16000
2602,968,Sneakers Zara,24000
2603,1533,Handbag Uniqlo,51000
2604,1741,Sneakers Nike,85000
2605,37,Cap Zara,72000
2606,1810,Handbag Puma,37000
2607,647,Handbag Uniqlo,53000
2608,1178,Hoodie Nike,18000
2609,936,Sneakers Gucci,70000
2610,329,Jacket Zara,19000
2611,1198,Cap Zara,45000
2612,887,Cap Gucci,92000
2613,817,Jacket Gucci,58000
2614,957,Jeans LouisVuitton,32000
2615,523,Backpack Adidas,36000
2616,1925,Backpack Adidas,79000
2617,1720,Jacket Puma,16000
2618,557,Handbag Nike,28000
2619,1799,Hoodie Uniqlo,39000
2620,1476,Hoodie Puma,26000
2621,1158,Backpack Puma,55000
2622,492,Backpack Uniqlo,89000
2623,409,Handbag LouisVuitton,89000
2624,1494,Cap Puma,60000
2625,1875,Handbag Nike,34000
2626,1352,Hoodie Uniqlo,92000
2627,1578,TShirt Uniqlo,29000
2628,1098,Jacket LouisVuitton,72000
2629,1175,Cap Zara,31000
2630,1251,Hoodie Puma,70000
2631,163,Jeans LouisVuitton,10000
2632,1424,Backpack Nike,29000
2633,43,Backpack LouisVuitton,36000
2634,1502,Handbag LouisVuitton,66000
2635,1405,Jacket Adidas,32000
2636,1627,Backpack Gucci,70000
2637,1512,Jeans LouisVuitton,44000
2638,264,Sneakers Uniqlo,15000
2639,1359,Sneakers LouisVuitton,46000
2640,777,Hoodie Uniqlo,41000
2641,1718,Jeans Gucci,58000
2642,1954,Jeans LouisVuitton,70000
2643,115,TShirt Zara,84000
2644,1483,Backpack Puma,16000
2645,1070,Sneakers Nike,81000
2646,221,Handbag H&M,96000
2647,448,TShirt Uniqlo,19000
2648,403,Handbag Uniqlo,85000
2649,1351,Jeans LouisVuitton,72000
2650,921,Jacket Uniqlo,70000
2651,848,Jacket Nike,41000
2652,1024,Sneakers LouisVuitton,25000
2653,1787,Handbag LouisVuitton,38000
2654,1559,Hoodie Puma,65000
2655,203,Handbag Gucci,99000
2656,1859,Handbag Nike,68000
2657,1139,Hoodie LouisVuitton,97000
2658,615,Jeans Gucci,70000
2659,1865,Jeans LouisVuitton,65000
2660,1836,Backpack H&M,10000
2661,1589,Jeans Puma,95000
2662,1770,Handbag LouisVuitton,14000
2663,771,Backpack Uniqlo,19000
2664,780,Hoodie Adidas,63000
2665,172,Sneakers Puma,38000
2666,368,Backpack Puma,41000
2667,1297,Handbag Gucci,62000
2668,1188,Handbag Nike,30000
2669,1072,TShirt Zara,32000
2670,26,Backpack H&M,93000
2671,1580,Jacket LouisVuitton,85000
2672,1140,Handbag Adidas,60000
2673,600,Backpack H&M,41000
2674,440,TShirt H&M,11000
2675,1084,Hoodie Uniqlo,37000
2676,1660,Cap H&M,64000
2677,1310,Jeans Nike,70000
2678,1866,Cap Nike,91000
2679,170,Handbag Nike,49000
2680,77,Sneakers Zara,89000
2681,1227,Hoodie Adidas,14000
2682,930,Jacket Uniqlo,92000
2683,1198,Jacket Puma,73000
2684,1224,Hoodie Zara,76000
2685,229,Hoodie Uniqlo,11000
2686,1423,Backpack Puma,45000
2687,98,Cap Nike,76000
2688,204,Jeans Puma,89000
2689,1175,Sneakers Nike,85000
2690,659,Backpack Zara,79000
2691,700,Cap Uniqlo,26000
2692,635,TShirt Uniqlo,22000
2693,1960,Handbag Puma,89000
2694,189,TShirt Zara,62000
2695,1062,Handbag Puma,90000
2696,485,Jacket Puma,45000
2697,1458,Jacket Zara,82000
2698,1855,Sneakers Gucci,81000
2699,1321,Jeans Uniqlo,84000
2700,554,Handbag Gucci,97000
2701,1724,Backpack Adidas,21000
2702,24,Cap Gucci,62000
2703,701,Jacket Adidas,49000
2704,1644,Cap Puma,26000
2705,1679,Handbag Puma,84000
2706,1178,Hoodie Puma,19000
2707,1049,Sneakers H&M,61000
2708,1049,Hoodie H&M,89000
2709,1924,TShirt Zara,81000
2710,228,Jeans Zara,82000
2711,120,TShirt Adidas,57000
2712,1796,TShirt Gucci,41000
2713,1570,Jacket Uniqlo,70000
2714,1127,Hoodie Puma,22000
2715,481,Cap Zara,19000
2716,1404,Jeans Zara,68000
2717,1412,Cap Gucci,96000
2718,1220,Cap Puma,95000
2719,173,Jeans LouisVuitton,12000
2720,1554,Sneakers Nike,28000
2721,608,Handbag Gucci,42000
2722,1787,TShirt Gucci,40000
2723,1172,Sneakers Uniqlo,37000
2724,439,Cap Adidas,68000
2725,320,Jeans Zara,56000
2726,1805,Backpack Uniqlo,62000
2727,1935,Hoodie H&M,87000
2728,1706,Handbag Adidas,82000
2729,940,TShirt Uniqlo,28000
2730,1082,Jeans Uniqlo,76000
2731,758,Sneakers Adidas,43000
2732,1245,Sneakers Gucci,24000
2733,301,Jeans Gucci,73000
2734,1747,TShirt LouisVuitton,97000
2735,386,Handbag Adidas,51000
2736,480,Hoodie Puma,64000
2737,1562,Sneakers Adidas,24000
2738,648,Handbag H&M,82000
2739,427,Jeans LouisVuitton,11000
2740,1139,Hoodie Puma,75000
2741,333,Handbag Zara,39000
2742,762,Jeans Zara,98000
2743,1371,Cap LouisVuitton,76000
2744,1863,Hoodie H&M,74000
2745,1215,Sneakers Uniqlo,70000
2746,1641,Jacket LouisVuitton,13000
2747,456,Backpack Uniqlo,88000
2748,861,Hoodie Nike,90000
2749,759,TShirt H&M,58000
2750,229,Jeans H&M,63000
2751,1276,Handbag Uniqlo,20000
2752,677,Sneakers Gucci,83000
2753,1006,TShirt Puma,95000
2754,976,Hoodie Gucci,86000
2755,1504,Hoodie Nike,50000
2756,159,Handbag LouisVuitton,21000
2757,1468,TShirt Zara,29000
2758,1786,Sneakers Nike,19000
2759,1644,Sneakers Adidas,97000
2760,940,Backpack Uniqlo,16000
2761,107,Backpack Gucci,19000
2762,1154,TShirt Gucci,93000
2763,1975,Sneakers Gucci,14000
2764,1564,Cap LouisVuitton,11000
2765,210,Sneakers Uniqlo,93000
2766,171,TShirt Uniqlo,16000
2767,1676,Sneakers Puma,45000
2768,1345,Sneakers Nike,79000
2769,698,Hoodie Gucci,46000
2770,1699,Sneakers Gucci,88000
2771,322,Hoodie Puma,66000
2772,553,Handbag Nike,85000
2773,1756,Backpack Adidas,84000
2774,1788,TShirt Uniqlo,28000
2775,1906,Handbag Gucci,31000
2776,1319,Cap Uniqlo,13000
2777,1168,Hoodie Gucci,11000
2778,1815,Hoodie Puma,67000
2779,1172,Handbag LouisVuitton,52000
2780,490,Cap Adidas,61000
2781,1406,Handbag LouisVuitton,71000
2782,1619,Jeans LouisVuitton,98000
2783,1649,Jeans H&M,80000
2784,660,Sneakers Nike,63000
2785,800,Backpack Uniqlo,46000
2786,321,TShirt Puma,70000
2787,513,Handbag Uniqlo,75000
2788,419,Sneakers LouisVuitton,90000
2789,1133,TShirt Uniqlo,33000
2790,1506,Handbag Zara,93000
2791,1853,Cap Nike,17000
2792,938,Sneakers H&M,13000
2793,350,Hoodie Gucci,15000
2794,679,Jacket H&M,20000
2795,237,Handbag Zara,89000
2796,936,Hoodie Adidas,51000
2797,1003,Sneakers Puma,41000
2798,798,Backpack Adidas,52000
2799,906,TShirt Zara,46000
2800,830,Jacket LouisVuitton,46000
2801,1774,TShirt Adidas,31000
2802,1995,Hoodie Puma,78000
2803,1741,Jacket Uniqlo,56000
2804,1148,Handbag Nike,84000
2805,1119,Hoodie H&M,57000
2806,587,Jacket Adidas,47000
2807,429,TShirt Adidas,39000
2808,387,Jeans Zara,23000
2809,69,TShirt Nike,42000
2810,1601,Cap Zara,63000
2811,1588,Sneakers Nike,72000
2812,1828,Sneakers Uniqlo,38000
2813,1066,Hoodie Nike,97000
2814,1485,Hoodie Puma,65000
2815,1673,TShirt H&M,34000
2816,655,Cap Nike,96000
2817,1558,Handbag Puma,56000
2818,1023,Sneakers H&M,85000
2819,1174,Jacket LouisVuitton,85000
2820,244,Cap Zara,66000
2821,482,Hoodie Puma,59000
2822,1240,Jacket Zara,49000
2823,611,TShirt H&M,72000
2824,1748,Sneakers Puma,48000
2825,1829,Handbag H&M,34000
2826,1975,Jacket Gucci,61000
2827,1272,Sneakers LouisVuitton,12000
2828,592,Backpack Uniqlo,42000
2829,298,Jacket Gucci,34000
2830,111,Sneakers Adidas,41000
2831,221,Jacket Zara,50000
2832,1111,Backpack Adidas,46000
2833,695,Backpack H&M,66000
2834,1647,Cap Zara,94000
2835,108,Handbag Zara,42000
2836,1403,Sneakers LouisVuitton,39000
2837,1926,TShirt Uniqlo,45000
2838,327,Jeans Adidas,38000
2839,1933,Cap H&M,23000
2840,1756,Hoodie Uniqlo,80000
2841,1167,Jacket H&M,20000
2842,601,Jeans Uniqlo,30000
2843,1976,TShirt Gucci,30000
2844,91,Backpack Zara,78000
2845,890,Handbag H&M,93000
2846,484,Cap H&M,55000
2847,1206,Jeans Adidas,23000
2848,1975,Backpack LouisVuitton,23000
2849,33,Jeans Nike,62000
2850,425,Backpack Puma,62000
2851,784,Sneakers LouisVuitton,28000
2852,802,TShirt Zara,76000
2853,43,Backpack H&M,66000
2854,1897,Backpack LouisVuitton,93000
2855,1805,Handbag H&M,80000
2856,811,Sneakers LouisVuitton,26000
2857,1393,TShirt LouisVuitton,61000
2858,1301,Hoodie Gucci,95000
2859,1078,Cap Nike,14000
2860,21,TShirt Zara,61000
2861,876,Handbag Zara,99000
2862,1548,TShirt LouisVuitton,94000
2863,85,Jacket Gucci,22000
2864,638,Cap H&M,13000
2865,1332,Backpack Puma,28000
2866,255,Backpack Gucci,20000
2867,1776,Hoodie Puma,22000
2868,1703,Jacket Zara,78000
2869,770,TShirt H&M,67000
2870,1807,Backpack H&M,42000
2871,210,Jacket Adidas,22000
2872,674,Jacket Nike,23000
2873,1069,Jacket Zara,83000
2874,1452,Sneakers Uniqlo,29000
2875,1602,Sneakers Uniqlo,33000
2876,1566,Hoodie Zara,54000
2877,1039,Handbag LouisVuitton,92000
2878,279,Sneakers H&M,46000
2879,1976,Handbag Uniqlo,36000
2880,1963,Jeans Uniqlo,35000
2881,1136,Jeans Uniqlo,67000
2882,1760,Cap H&M,57000
2883,1230,Handbag LouisVuitton,36000
2884,1980,Hoodie Gucci,75000
2885,1865,Backpack Uniqlo,70000
2886,1368,Cap Puma,38000
2887,1436,Jacket Adidas,84000
2888,943,TShirt Nike,76000
2889,978,Handbag Gucci,77000
2890,943,Cap Gucci,71000
2891,554,Sneakers Gucci,92000
2892,838,Handbag Adidas,82000
2893,259,Jeans Zara,51000
2894,789,Handbag LouisVuitton,70000
2895,849,Handbag Puma,81000
2896,1168,Jeans Zara,73000
2897,502,Cap Nike,14000
2898,1948,Jacket LouisVuitton,97000
2899,889,Backpack Zara,89000
2900,431,Sneakers Nike,93000
2901,194,Cap Nike,55000
2902,500,TShirt Puma,54000
2903,715,Cap H&M,61000
2904,1635,TShirt H&M,44000
2905,368,Sneakers LouisVuitton,63000
2906,1468,Hoodie Uniqlo,66000
2907,415,Handbag Puma,77000
2908,893,Sneakers Nike,99000
2909,841,Cap Zara,45000
2910,1879,Handbag H&M,73000
2911,910,Cap Uniqlo,92000
2912,204,Cap Gucci,87000
2913,1748,Sneakers Adidas,45000
2914,1427,Jeans LouisVuitton,72000
2915,449,Cap Nike,58000
2916,1890,TShirt LouisVuitton,75000
2917,28,Hoodie H&M,41000
2918,851,Hoodie Adidas,36000
2919,719,Jeans Gucci,96000
2920,1727,Jacket Nike,11000
2921,343,Jacket Zara,47000
2922,261,Handbag H&M,78000
2923,946,Jacket Nike,63000
2924,995,Backpack Puma,80000
2925,623,Backpack Adidas,94000
2926,1963,Backpack Zara,64000
2927,1617,Jeans Uniqlo,72000
2928,816,Sneakers Gucci,87000
2929,1068,Jacket Gucci,15000
2930,1126,Handbag Gucci,73000
2931,6,Jacket Puma,90000
2932,660,Jacket LouisVuitton,93000
2933,1207,Hoodie Uniqlo,84000
2934,533,TShirt H&M,37000
2935,1432,Hoodie LouisVuitton,14000
2936,370,Jacket H&M,86000
2937,743,Sneakers H&M,17000
2938,25,Backpack Uniqlo,54000
2939,1089,Jeans Nike,59000
2940,1513,Jeans Puma,86000
2941,951,Cap Gucci,45000
2942,1619,Handbag Gucci,60000
2943,1241,Cap Puma,34000
2944,1450,TShirt Nike,99000
2945,989,Jeans Nike,99000
2946,1091,Backpack Nike,62000
2947,1640,Handbag Nike,41000
2948,149,Handbag Zara,92000
2949,563,Jacket Gucci,40000
2950,1306,Handbag Gucci,14000
2951,1063,Handbag Zara,61000
2952,1852,Hoodie Gucci,24000
2953,1713,Jeans Zara,73000
2954,24,Jeans Gucci,57000
2955,1070,Jeans H&M,40000
2956,1357,TShirt Adidas,80000
2957,1551,TShirt Zara,23000
2958,1870,Sneakers Nike,51000
2959,1702,Cap Nike,59000
2960,731,Jeans Zara,52000
2961,567,Jacket Uniqlo,76000
2962,1388,Jeans Puma,51000
2963,1799,TShirt Uniqlo,48000
2964,837,Sneakers H&M,86000
2965,1904,Jacket Zara,64000
2966,1490,Cap Nike,88000
2967,91,Jacket Puma,15000
2968,1933,TShirt Gucci,87000
2969,1939,Sneakers Adidas,15000
2970,1954,Jeans LouisVuitton,95000
2971,1768,Backpack LouisVuitton,79000
2972,1,Backpack Uniqlo,34000
2973,1977,Handbag Zara,41000
2974,907,TShirt Gucci,70000
2975,1368,Jacket H&M,85000
2976,308,Cap Gucci,18000
2977,1674,Handbag Adidas,11000
2978,15,TShirt Zara,50000
2979,1188,Cap Zara,56000
2980,1621,Cap Puma,15000
2981,1966,Hoodie Gucci,40000
2982,382,Sneakers Puma,60000
2983,467,Cap LouisVuitton,33000
2984,1445,Handbag LouisVuitton,86000
2985,159,Handbag Gucci,26000
2986,1799,Handbag Uniqlo,79000
2987,879,Jeans Puma,60000
2988,1444,TShirt Gucci,99000
2989,1012,TShirt Uniqlo,28000
2990,1021,Handbag Nike,24000
2991,1600,Jeans Puma,15000
2992,1443,Jacket Zara,37000
2993,310,Hoodie Adidas,36000
2994,334,Sneakers LouisVuitton,31000
2995,1085,Cap Adidas,25000
2996,1123,Cap Puma,10000
2997,1870,Backpack Uniqlo,46000
2998,636,TShirt Gucci,82000
2999,1025,Handbag Adidas,17000
3000,692,Hoodie Zara,93000
3001,516,Handbag H&M,55000
3002,1880,Jeans Adidas,96000
3003,1283,Sneakers Uniqlo,13000
3004,1110,Backpack Nike,90000
3005,288,Backpack H&M,34000
3006,1969,Hoodie Adidas,42000
3007,1132,Hoodie LouisVuitton,74000
3008,1338,Handbag Zara,24000
3009,827,Cap Nike,68000
3010,808,Handbag LouisVuitton,63000
3011,1764,Sneakers Uniqlo,72000
3012,753,Jacket Zara,70000
3013,654,TShirt Adidas,30000
3014,862,Jeans Gucci,53000
3015,1204,Sneakers LouisVuitton,77000
3016,874,Hoodie LouisVuitton,98000
3017,1649,Sneakers LouisVuitton,44000
3018,291,Handbag H&M,81000
3019,916,Jeans H&M,20000
3020,823,Sneakers H&M,77000
3021,1165,Hoodie LouisVuitton,86000
3022,440,Sneakers Zara,63000
3023,445,Cap H&M,68000
3024,952,TShirt Nike,57000
3025,1306,Jeans Uniqlo,72000
3026,1901,Jeans Adidas,76000
3027,1576,Hoodie H&M,37000
3028,1485,Sneakers Nike,42000
3029,1152,Sneakers Puma,88000
3030,419,Backpack Gucci,80000
3031,1340,Jacket Nike,85000
3032,1720,Backpack Gucci,23000
3033,824,Hoodie H&M,40000
3034,1610,Jeans Uniqlo,27000
3035,723,Cap H&M,52000
3036,1400,Backpack Uniqlo,97000
3037,1227,Jeans Puma,51000
3038,66,Sneakers LouisVuitton,55000
3039,1620,Cap Puma,58000
3040,1741,Jeans Gucci,94000
3041,305,Cap Puma,82000
3042,701,Handbag Uniqlo,57000
3043,601,Hoodie H&M,16000
3044,1913,Backpack Puma,97000
3045,643,TShirt LouisVuitton,44000
3046,651,Cap Puma,73000
3047,217,Sneakers H&M,89000
3048,28,Handbag Gucci,36000
3049,1080,Hoodie Puma,70000
3050,27,Sneakers H&M,16000
3051,942,TShirt Uniqlo,77000
3052,391,TShirt Adidas,85000
3053,1579,Hoodie Uniqlo,92000
3054,240,Hoodie Uniqlo,52000
3055,1232,Jeans LouisVuitton,11000
3056,713,Cap LouisVuitton,33000
3057,770,Cap Nike,27000
3058,1992,Jeans Puma,68000
3059,151,TShirt Gucci,59000
3060,36,Cap H&M,51000
3061,1367,TShirt Uniqlo,73000
3062,1750,Backpack Nike,39000
3063,476,Backpack Gucci,26000
3064,1480,Handbag Zara,71000
3065,1410,Cap Puma,43000
3066,120,Backpack H&M,54000
3067,1943,Hoodie Nike,52000
3068,741,Jeans Gucci,68000
3069,923,Jeans LouisVuitton,19000
3070,1009,Handbag Gucci,79000
3071,33,Jeans Gucci,23000
3072,989,Jacket H&M,28000
3073,604,Backpack Gucci,36000
3074,1647,Jacket Uniqlo,48000
3075,2,Hoodie Zara,62000
3076,1838,Sneakers LouisVuitton,61000
3077,1948,TShirt Puma,38000
3078,1812,Jacket Gucci,41000
3079,1395,Backpack Nike,92000
3080,1355,Cap Gucci,42000
3081,1620,Jeans Nike,89000
3082,1456,Hoodie Gucci,40000
3083,1037,Sneakers Uniqlo,58000
3084,467,Backpack Gucci,33000
3085,1037,Handbag Puma,13000
3086,420,Jacket Nike,22000
3087,1671,Handbag Puma,79000
3088,327,Hoodie Nike,65000
3089,47,Backpack Adidas,72000
3090,928,Jeans Zara,67000
3091,666,Handbag Nike,93000
3092,664,Cap Nike,92000
3093,322,Hoodie Adidas,17000
3094,341,Jeans Zara,78000
3095,1072,Sneakers LouisVuitton,43000
3096,165,Handbag Nike,59000
3097,336,Backpack LouisVuitton,19000
3098,947,Backpack Zara,54000
3099,79,Jacket Zara,59000
3100,192,Jacket Gucci,34000
3101,912,Sneakers LouisVuitton,71000
3102,1131,Hoodie Adidas,68000
3103,898,Backpack Zara,65000
3104,569,Handbag Gucci,83000
3105,75,Handbag H&M,70000
3106,1357,TShirt LouisVuitton,27000
3107,1504,TShirt Nike,38000
3108,912,Sneakers Zara,67000
3109,153,Handbag LouisVuitton,85000
3110,1962,Handbag Zara,58000
3111,81,Jeans Uniqlo,70000
3112,902,Jacket LouisVuitton,33000
3113,388,Sneakers Puma,84000
3114,578,Sneakers Zara,65000
3115,1871,Backpack Puma,50000
3116,540,Jacket Nike,68000
3117,163,Backpack Gucci,19000
3118,1445,Hoodie Puma,71000
3119,1762,Jeans LouisVuitton,57000
3120,1281,Handbag Nike,41000
3121,1360,Backpack Puma,58000
3122,133,Hoodie Uniqlo,62000
3123,818,Hoodie Gucci,87000
3124,183,Hoodie H&M,43000
3125,1826,Sneakers Zara,81000
3126,1505,Jacket Zara,46000
3127,1480,Jacket LouisVuitton,71000
3128,142,Cap Gucci,52000
3129,290,Handbag LouisVuitton,69000
3130,1579,TShirt Gucci,65000
3131,1821,Backpack Zara,90000
3132,1495,Cap Uniqlo,82000
3133,1945,Jeans Uniqlo,87000
3134,1986,Sneakers LouisVuitton,43000
3135,1288,Cap Gucci,77000
3136,1377,Hoodie Nike,19000
3137,1086,Cap H&M,23000
3138,936,TShirt Zara,53000
3139,1794,Jacket Uniqlo,13000
3140,910,Cap Uniqlo,66000
3141,331,Jacket H&M,76000
3142,252,Jeans Zara,79000
3143,1588,Jeans Nike,18000
3144,414,Sneakers LouisVuitton,47000
3145,1561,Jeans Zara,42000
3146,336,Sneakers LouisVuitton,22000
3147,1223,Jacket H&M,56000
3148,1137,Jeans Nike,32000
3149,1231,Jeans Adidas,69000
3150,451,Jacket Puma,49000
3151,1250,Hoodie Adidas,95000
3152,1288,Jeans Gucci,76000
3153,438,TShirt Zara,12000
3154,118,TShirt Gucci,65000
3155,767,Backpack Nike,50000
3156,1972,Jacket Nike,75000
3157,198,Jeans Uniqlo,64000
3158,1786,TShirt Uniqlo,20000
3159,277,Cap Nike,94000
3160,532,Hoodie Puma,62000
3161,857,Backpack H&M,10000
3162,1087,Cap Gucci,23000
3163,1806,Cap Gucci,71000
3164,10,Jacket Adidas,75000
3165,1206,TShirt Gucci,81000
3166,326,Cap Adidas,58000
3167,626,Handbag Gucci,21000
3168,1702,TShirt Puma,51000
3169,1590,Hoodie LouisVuitton,59000
3170,975,Sneakers Adidas,17000
3171,1577,Cap Adidas,91000
3172,392,Backpack Nike,83000
3173,146,Cap Puma,58000
3174,1115,Handbag Puma,34000
3175,1116,Backpack Puma,12000
3176,1202,Hoodie Gucci,80000
3177,290,TShirt Gucci,80000
3178,1306,Backpack Puma,30000
3179,1779,Cap LouisVuitton,73000
3180,34,Hoodie Adidas,44000
3181,1022,Backpack Nike,71000
3182,61,Hoodie Uniqlo,37000
3183,1895,Jacket Puma,53000
3184,971,Hoodie Uniqlo,31000
3185,672,Backpack H&M,91000
3186,1875,Hoodie H&M,28000
3187,832,Jacket Zara,75000
3188,300,Cap LouisVuitton,90000
3189,191,Backpack Zara,79000
3190,1999,TShirt LouisVuitton,15000
3191,887,Backpack Uniqlo,64000
3192,710,Jacket Gucci,37000
3193,324,Jacket Nike,90000
3194,576,TShirt Uniqlo,71000
3195,1252,Sneakers Gucci,33000
3196,458,TShirt Zara,22000
3197,472,Jacket LouisVuitton,68000
3198,1254,Backpack LouisVuitton,13000
3199,609,Jacket Gucci,51000
3200,615,Jacket Adidas,42000
3201,1635,Backpack Nike,91000
3202,1891,Jeans Zara,86000
3203,1028,Cap H&M,80000
3204,1983,Sneakers Nike,83000
3205,125,Hoodie Nike,80000
3206,246,Jeans Gucci,98000
3207,1559,TShirt Adidas,13000
3208,706,Cap Puma,77000
3209,1567,TShirt Gucci,48000
3210,1089,Hoodie Puma,14000
3211,115,Cap Uniqlo,24000
3212,1185,Backpack Nike,76000
3213,754,Sneakers Nike,60000
3214,1299,Backpack Gucci,90000
3215,928,Backpack Gucci,50000
3216,907,Sneakers Nike,99000
3217,687,Hoodie Puma,78000
3218,1565,TShirt Puma,74000
3219,229,Jacket Puma,75000
3220,82,TShirt H&M,29000
3221,1500,Jeans Uniqlo,42000
3222,1921,Jacket Puma,56000
3223,333,Jacket LouisVuitton,56000
3224,533,Handbag Adidas,96000
3225,900,Hoodie LouisVuitton,80000
3226,461,Sneakers Adidas,35000
3227,1519,Sneakers Nike,84000
3228,1958,Handbag H&M,20000
3229,382,Hoodie Adidas,87000
3230,1155,TShirt Adidas,55000
3231,1364,Cap Adidas,40000
3232,309,Handbag Gucci,81000
3233,1284,Backpack Puma,79000
3234,963,Jacket Puma,69000
3235,772,Jeans Nike,87000
3236,467,Jacket Nike,30000
3237,525,Handbag Zara,39000
3238,702,Handbag Zara,87000
3239,728,Jeans H&M,60000
3240,367,Sneakers Gucci,25000
3241,34,Sneakers Zara,47000
3242,292,TShirt H&M,50000
3243,1448,Sneakers H&M,76000
3244,459,Jeans Puma,71000
3245,827,Backpack Uniqlo,70000
3246,1462,Handbag LouisVuitton,71000
3247,29,Backpack LouisVuitton,98000
3248,1719,Jacket Adidas,53000
3249,498,Sneakers Uniqlo,94000
3250,260,Cap Adidas,21000
3251,767,Hoodie LouisVuitton,62000
3252,1907,Hoodie Gucci,55000
3253,1278,Cap H&M,34000
3254,1679,Hoodie Nike,82000
3255,1160,TShirt Gucci,79000
3256,1137,Hoodie Puma,73000
3257,1576,TShirt Zara,32000
3258,214,Hoodie Gucci,68000
3259,1214,TShirt H&M,23000
3260,15,TShirt Uniqlo,94000
3261,1897,Backpack Zara,73000
3262,1436,Jeans Uniqlo,73000
3263,667,Backpack Gucci,39000
3264,1488,Hoodie Gucci,60000
3265,73,Hoodie H&M,94000
3266,1024,Cap Gucci,89000
3267,632,Backpack Nike,97000
3268,1475,Backpack Nike,70000
3269,785,Hoodie Zara,28000
3270,882,Jacket Adidas,98000
3271,205,Backpack Puma,96000
3272,425,TShirt LouisVuitton,15000
3273,248,Jeans Nike,27000
3274,276,Backpack Zara,30000
3275,1553,Jeans Adidas,14000
3276,1282,Sneakers Uniqlo,83000
3277,504,Sneakers Nike,17000
3278,213,Sneakers Nike,38000
3279,79,Cap Puma,87000
3280,1952,Hoodie Gucci,78000
3281,1673,Handbag Uniqlo,66000
3282,1575,Handbag Zara,78000
3283,766,Hoodie Nike,21000
3284,1682,Hoodie Adidas,61000
3285,1348,Hoodie Zara,69000
3286,793,Backpack Gucci,70000
3287,295,Backpack H&M,74000
3288,920,Jeans Uniqlo,26000
3289,641,Sneakers Nike,87000
3290,1757,Hoodie Nike,32000
3291,1058,Hoodie Nike,12000
3292,965,Cap LouisVuitton,10000
3293,217,Cap Uniqlo,78000
3294,866,Jeans Nike,76000
3295,1512,Sneakers Uniqlo,75000
3296,759,Backpack Uniqlo,62000
3297,1875,Jacket Zara,48000
3298,1497,TShirt LouisVuitton,81000
3299,1905,Cap Nike,61000
3300,1471,Hoodie Uniqlo,22000
3301,153,Hoodie Gucci,16000
3302,515,Handbag Uniqlo,79000
3303,214,Sneakers Adidas,53000
3304,1551,Backpack Gucci,90000
3305,499,Handbag H&M,59000
3306,1488,TShirt Zara,83000
3307,1983,Sneakers H&M,85000
3308,1078,TShirt Gucci,59000
3309,1610,Backpack LouisVuitton,30000
3310,273,TShirt Adidas,41000
3311,373,Handbag Gucci,16000
3312,277,Jacket Uniqlo,57000
3313,662,TShirt Puma,17000
3314,1414,TShirt Zara,99000
3315,977,Cap Nike,14000
3316,1420,Sneakers Puma,61000
3317,1071,Jacket Puma,92000
3318,1456,TShirt Zara,15000
3319,1914,Jeans Gucci,58000
3320,1293,Hoodie Zara,56000
3321,1950,Handbag Gucci,90000
3322,1087,Backpack H&M,76000
3323,1210,TShirt Zara,90000
3324,903,Hoodie Zara,10000
3325,588,Backpack H&M,82000
3326,964,Jacket Zara,62000
3327,856,TShirt Puma,59000
3328,1210,TShirt Zara,89000
3329,817,Jacket Nike,94000
3330,735,Cap Adidas,52000
3331,222,Hoodie Nike,54000
3332,904,Sneakers Gucci,50000
3333,1142,Cap LouisVuitton,40000
3334,512,Jeans H&M,33000
3335,836,Sneakers Adidas,86000
3336,594,Jacket Puma,79000
3337,371,Jeans LouisVuitton,28000
3338,153,Cap Nike,46000
3339,226,Sneakers Zara,30000
3340,1606,Backpack Adidas,21000
3341,560,Sneakers Puma,93000
3342,458,Jeans Puma,77000
3343,1600,Jeans Uniqlo,21000
3344,423,Jacket Nike,53000
3345,1190,Cap Puma,60000
3346,1954,TShirt Puma,37000
3347,1688,Handbag Adidas,54000
3348,180,TShirt Zara,49000
3349,206,Jeans Nike,11000
3350,1332,Jacket Nike,68000
3351,1954,TShirt Gucci,98000
3352,1950,Hoodie Uniqlo,35000
3353,32,TShirt H&M,28000
3354,1678,Sneakers Nike,89000
3355,966,Backpack Nike,41000
3356,133,Jeans Puma,57000
3357,581,Jacket Gucci,72000
3358,691,Sneakers Adidas,18000
3359,605,Cap Uniqlo,10000
3360,970,Sneakers LouisVuitton,62000
3361,500,Backpack Puma,48000
3362,113,Hoodie Nike,39000
3363,1712,Jacket Gucci,27000
3364,1726,Sneakers Zara,30000
3365,1800,Hoodie Adidas,55000
3366,1786,Cap Zara,82000
3367,518,TShirt Adidas,99000
3368,561,Hoodie Adidas,85000
3369,903,Handbag H&M,33000
3370,367,Hoodie H&M,50000
3371,568,Hoodie LouisVuitton,52000
3372,1299,Cap Adidas,56000
3373,763,Handbag LouisVuitton,78000
3374,1071,Sneakers LouisVuitton,86000
3375,1184,Cap H&M,32000
3376,213,Jacket Uniqlo,73000
3377,540,Handbag Zara,20000
3378,1387,Jeans Zara,56000
3379,644,TShirt Gucci,62000
3380,151,Hoodie Uniqlo,72000
3381,722,Sneakers Nike,56000
3382,1892,Cap H&M,90000
3383,1327,Sneakers Zara,81000
3384,1675,Hoodie Puma,83000
3385,7,Sneakers Gucci,18000
3386,218,Jacket Nike,80000
3387,1736,Sneakers H&M,12000
3388,1152,TShirt Gucci,30000
3389,1538,Backpack Gucci,61000
3390,1134,Cap Nike,54000
3391,471,Jacket Uniqlo,64000
3392,375,Hoodie Gucci,83000
3393,748,Handbag Gucci,73000
3394,16,Cap Puma,13000
3395,214,Jeans H&M,44000
3396,1600,Hoodie Puma,51000
3397,814,Cap Nike,84000
3398,160,Hoodie Puma,93000
3399,941,Sneakers Puma,31000
3400,716,Backpack Uniqlo,63000
3401,160,Jeans Adidas,53000
3402,1024,Handbag H&M,76000
3403,1668,Backpack Uniqlo,94000
3404,300,Hoodie Zara,68000
3405,890,Hoodie Gucci,30000
3406,1184,Backpack Gucci,66000
3407,1668,TShirt Adidas,86000
3408,1664,Sneakers H&M,38000
3409,997,Jeans Zara,86000
3410,1312,Backpack Zara,84000
3411,613,Jacket Zara,67000
3412,648,Handbag Uniqlo,32000
3413,474,Backpack Nike,16000
3414,400,Cap LouisVuitton,74000
3415,784,Sneakers LouisVuitton,48000
3416,1269,Cap Nike,49000
3417,97,Jeans Uniqlo,39000
3418,1538,Jacket Nike,95000
3419,1549,Sneakers Adidas,67000
3420,391,Hoodie H&M,34000
3421,499,Jacket Gucci,82000
3422,1253,TShirt Puma,15000
3423,1429,Jacket LouisVuitton,77000
3424,1120,TShirt Puma,37000
3425,232,Hoodie Gucci,87000
3426,523,TShirt Uniqlo,93000
3427,145,Backpack LouisVuitton,63000
3428,831,Hoodie Nike,38000
3429,136,Cap Zara,58000
3430,243,Backpack H&M,58000
3431,232,TShirt Gucci,18000
3432,564,Hoodie Adidas,90000
3433,1741,Jacket Zara,87000
3434,975,Jeans Nike,15000
3435,356,TShirt LouisVuitton,11000
3436,210,Sneakers Zara,38000
3437,1742,Jeans Adidas,87000
3438,734,Backpack Puma,80000
3439,1468,Cap LouisVuitton,31000
3440,1911,Hoodie Uniqlo,45000
3441,836,Jacket Uniqlo,93000
3442,1313,Hoodie Gucci,48000
3443,1786,Hoodie H&M,87000
3444,900,Hoodie Zara,29000
3445,903,Backpack LouisVuitton,85000
3446,9,TShirt Zara,73000
3447,1781,Handbag LouisVuitton,82000
3448,347,Cap Puma,79000
3449,497,Backpack Adidas,45000
3450,1767,Jeans Adidas,99000
3451,871,Jacket Gucci,33000
3452,1499,Handbag Uniqlo,76000
3453,713,Jacket H&M,14000
3454,810,Jeans Nike,98000
3455,584,Cap Nike,56000
3456,245,Backpack Uniqlo,26000
3457,1688,Backpack H&M,31000
3458,803,Sneakers LouisVuitton,10000
3459,1360,Backpack Adidas,87000
3460,1050,Handbag Adidas,92000
3461,1143,Jeans Uniqlo,29000
3462,1523,Jacket LouisVuitton,90000
3463,776,Cap LouisVuitton,63000
3464,889,Handbag Zara,95000
3465,1998,Jacket Nike,93000
3466,1594,Jacket Nike,72000
3467,264,Cap H&M,66000
3468,68,Hoodie Uniqlo,78000
3469,54,Handbag Uniqlo,70000
3470,1208,Jeans LouisVuitton,49000
3471,1737,Backpack Nike,19000
3472,1307,TShirt Gucci,53000
3473,1414,Handbag Adidas,36000
3474,463,Jacket H&M,48000
3475,1811,Handbag Zara,13000
3476,1582,TShirt Adidas,54000
3477,1656,TShirt Adidas,19000
3478,1743,Jacket Puma,54000
3479,992,Handbag Nike,60000
3480,974,Backpack Uniqlo,45000
3481,581,Cap Puma,47000
3482,1256,Jacket Puma,92000
3483,1574,Jacket Adidas,78000
3484,139,Jacket Adidas,95000
3485,147,Handbag H&M,30000
3486,1514,Hoodie LouisVuitton,84000
3487,495,Handbag Zara,85000
3488,231,Handbag Puma,75000
3489,669,TShirt LouisVuitton,67000
3490,1447,Jeans Adidas,69000
3491,20,Hoodie Gucci,68000
3492,1313,Hoodie H&M,26000
3493,795,Jeans Nike,57000
3494,1406,Backpack H&M,13000
3495,188,Jeans Nike,64000
3496,90,Hoodie Puma,80000
3497,196,Cap Adidas,94000
3498,1233,Backpack Adidas,54000
3499,225,Sneakers H&M,64000
3500,1042,Jeans H&M,57000
3501,418,TShirt H&M,37000
3502,1039,Backpack Zara,38000
3503,635,Jeans Adidas,73000
3504,1163,Backpack Adidas,73000
3505,1102,Cap Uniqlo,62000
3506,602,Backpack Uniqlo,94000
3507,545,Backpack Puma,39000
3508,1363,Jeans LouisVuitton,44000
3509,1454,Cap Gucci,53000
3510,1889,Cap Nike,96000
3511,1870,Cap Gucci,95000
3512,1997,Backpack Adidas,60000
3513,1421,TShirt Puma,33000
3514,1029,Cap LouisVuitton,19000
3515,985,Sneakers H&M,93000
3516,1624,TShirt Puma,12000
3517,706,Sneakers Gucci,59000
3518,663,TShirt Uniqlo,82000
3519,523,Hoodie Adidas,64000
3520,1222,Backpack Zara,72000
3521,871,Backpack Puma,78000
3522,568,Hoodie Zara,11000
3523,156,Hoodie Zara,72000
3524,437,TShirt Nike,47000
3525,259,Sneakers Uniqlo,49000
3526,1559,Sneakers Gucci,44000
3527,1717,Jeans Uniqlo,44000
3528,984,Hoodie Uniqlo,45000
3529,431,Jacket Nike,18000
3530,1909,Handbag H&M,11000
3531,1598,Sneakers H&M,14000
3532,174,Handbag Gucci,91000
3533,1444,Hoodie Uniqlo,81000
3534,883,Backpack LouisVuitton,98000
3535,1136,TShirt H&M,63000
3536,327,TShirt Nike,68000
3537,1785,Handbag Puma,28000
3538,1729,Jeans LouisVuitton,67000
3539,564,Jacket Nike,16000
3540,1142,Handbag Puma,72000
3541,1545,Backpack Puma,53000
3542,1984,Handbag Uniqlo,16000
3543,817,Hoodie H&M,46000
3544,553,Cap Puma,16000
3545,650,Backpack Puma,64000
3546,415,Jeans Nike,85000
3547,1569,Sneakers Uniqlo,18000
3548,1954,Hoodie Nike,92000
3549,1798,Cap Puma,30000
3550,1825,Backpack Uniqlo,31000
3551,1211,Cap LouisVuitton,56000
3552,1232,Jacket Nike,63000
3553,1589,Cap Puma,62000
3554,1077,Jacket Zara,61000
3555,777,Handbag Zara,98000
3556,1686,Handbag Nike,51000
3557,1663,TShirt LouisVuitton,73000
3558,1643,Sneakers Uniqlo,75000
3559,1218,Handbag LouisVuitton,37000
3560,674,TShirt Gucci,85000
3561,1790,Jeans Nike,12000
3562,1285,Hoodie LouisVuitton,27000
3563,1376,Sneakers H&M,73000
3564,709,Jeans Uniqlo,27000
3565,1673,Hoodie Adidas,55000
3566,67,Sneakers Nike,16000
3567,1547,Hoodie H&M,93000
3568,1985,Jeans Adidas,29000
3569,681,Handbag Gucci,33000
3570,692,Jeans Zara,77000
3571,843,Handbag H&M,71000
3572,1781,Sneakers Puma,80000
3573,1031,Jeans H&M,58000
3574,1963,Handbag LouisVuitton,27000
3575,393,Jeans Nike,60000
3576,1233,Hoodie Puma,67000
3577,1675,TShirt Uniqlo,75000
3578,438,TShirt Zara,79000
3579,29,Jacket Uniqlo,87000
3580,1560,Jacket H&M,32000
3581,1438,Sneakers Nike,68000
3582,231,Sneakers LouisVuitton,33000
3583,1984,Sneakers Zara,26000
3584,376,Handbag Adidas,55000
3585,231,Backpack Gucci,34000
3586,431,Jacket Nike,21000
3587,490,Cap Zara,45000
3588,1811,TShirt H&M,45000
3589,720,Handbag Nike,55000
3590,605,Backpack Adidas,99000
3591,260,TShirt Adidas,86000
3592,408,Jacket Uniqlo,40000
3593,514,Sneakers Gucci,83000
3594,418,Hoodie H&M,89000
3595,1751,Backpack LouisVuitton,38000
3596,793,Cap Adidas,41000
3597,1043,TShirt Gucci,94000
3598,927,Jeans Zara,28000
3599,1770,Sneakers Gucci,98000
3600,1286,Jacket H&M,69000
3601,1662,Handbag H&M,56000
3602,228,TShirt Adidas,55000
3603,102,Backpack LouisVuitton,17000
3604,1856,TShirt Uniqlo,73000
3605,1627,Hoodie Uniqlo,72000
3606,1682,Jacket Puma,28000
3607,181,TShirt Gucci,82000
3608,294,Hoodie LouisVuitton,76000
3609,193,Backpack LouisVuitton,37000
3610,857,Jeans Zara,11000
3611,173,Backpack Puma,51000
3612,586,Hoodie H&M,53000
3613,874,Hoodie Adidas,28000
3614,170,Hoodie LouisVuitton,83000
3615,121,Jacket Nike,41000
3616,1308,Jacket Adidas,26000
3617,942,Sneakers Nike,64000
3618,1669,Handbag Zara,57000
3619,16,TShirt Zara,28000
3620,1740,Sneakers Zara,11000
3621,534,Handbag LouisVuitton,12000
3622,1467,Jeans Nike,28000
3623,747,Jacket Adidas,81000
3624,155,Jeans H&M,94000
3625,1322,Jeans Gucci,44000
3626,443,Cap H&M,77000
3627,33,Handbag Adidas,72000
3628,1210,TShirt Zara,42000
3629,802,Handbag LouisVuitton,70000
3630,1496,Hoodie LouisVuitton,86000
3631,1117,Sneakers Zara,70000
3632,1801,Jacket Zara,22000
3633,1655,TShirt Gucci,90000
3634,353,Cap Uniqlo,87000
3635,1782,Jeans Gucci,48000
3636,584,Jacket Puma,55000
3637,866,Jeans H&M,80000
3638,1126,Sneakers LouisVuitton,34000
3639,1653,Jeans Gucci,41000
3640,232,TShirt Nike,41000
3641,1403,Hoodie H&M,55000
3642,857,Hoodie Adidas,22000
3643,1539,Jacket LouisVuitton,24000
3644,1337,Cap H&M,16000
3645,747,Cap Nike,40000
3646,265,Hoodie Gucci,99000
3647,1623,Jeans Uniqlo,98000
3648,860,TShirt Gucci,60000
3649,1706,Sneakers Gucci,75000
3650,1400,Cap Zara,20000
3651,1994,Backpack Uniqlo,52000
3652,1618,Sneakers Zara,20000
3653,816,Backpack H&M,61000
3654,613,Cap Uniqlo,29000
3655,373,Cap H&M,93000
3656,1755,Handbag H&M,94000
3657,1110,Handbag Puma,98000
3658,1265,TShirt Gucci,41000
3659,705,Handbag H&M,35000
3660,1367,Backpack Adidas,48000
3661,21,Jeans Zara,82000
3662,893,Jacket Gucci,97000
3663,1173,Cap Gucci,57000
3664,439,Jacket Nike,20000
3665,917,Handbag Uniqlo,46000
3666,1642,Jeans Zara,30000
3667,1259,Backpack H&M,16000
3668,620,Backpack LouisVuitton,91000
3669,31,Sneakers LouisVuitton,87000
3670,279,Jacket Adidas,44000
3671,1738,Sneakers H&M,10000
3672,581,Hoodie Adidas,26000
3673,522,Sneakers Nike,52000
3674,85,Cap Zara,22000
3675,1788,Hoodie Uniqlo,14000
3676,260,Jacket LouisVuitton,26000
3677,1952,Jeans Puma,58000
3678,1925,Jacket LouisVuitton,36000
3679,313,Jeans Nike,26000
3680,137,Backpack Adidas,92000
3681,266,Handbag Zara,57000
3682,1543,Hoodie H&M,29000
3683,1609,TShirt Uniqlo,82000
3684,197,Sneakers Adidas,25000
3685,1454,TShirt Puma,27000
3686,1884,Jeans Adidas,76000
3687,197,Cap Gucci,89000
3688,1143,Cap Adidas,31000
3689,279,Hoodie Uniqlo,50000
3690,948,Hoodie Gucci,10000
3691,1445,Sneakers LouisVuitton,73000
3692,337,Sneakers LouisVuitton,44000
3693,109,Backpack Puma,62000
3694,959,Sneakers Zara,51000
3695,1010,Cap Nike,82000
3696,1202,Handbag Uniqlo,68000
3697,1895,Jeans Nike,43000
3698,1679,Backpack Gucci,78000
3699,1300,Hoodie Zara,84000
3700,45,Jacket Nike,82000
3701,1951,Cap H&M,54000
3702,628,Backpack LouisVuitton,21000
3703,1572,Cap Uniqlo,60000
3704,496,Hoodie Uniqlo,32000
3705,1646,Jacket Uniqlo,48000
3706,990,TShirt Zara,26000
3707,1690,Hoodie Zara,54000
3708,988,TShirt Gucci,45000
3709,154,Hoodie Adidas,25000
3710,1677,Handbag Uniqlo,15000
3711,464,TShirt Gucci,62000
3712,499,Jacket Zara,14000
3713,286,TShirt Puma,59000
3714,723,Handbag Uniqlo,19000
3715,1692,Handbag Zara,77000
3716,468,Cap LouisVuitton,59000
3717,1970,Handbag Zara,95000
3718,1855,Hoodie Adidas,54000
3719,1144,Backpack LouisVuitton,66000
3720,800,TShirt LouisVuitton,88000
3721,541,Hoodie Puma,56000
3722,1346,Hoodie Puma,13000
3723,237,Cap Gucci,35000
3724,247,TShirt Zara,88000
3725,1433,TShirt Gucci,57000
3726,702,Hoodie Adidas,62000
3727,51,Hoodie Zara,48000
3728,1274,Jacket Puma,29000
3729,1038,Hoodie LouisVuitton,18000
3730,1745,TShirt Zara,41000
3731,1281,Sneakers H&M,98000
3732,1050,Jeans Nike,83000
3733,933,Hoodie Gucci,79000
3734,445,Sneakers Uniqlo,40000
3735,178,Cap Puma,64000
3736,1895,Sneakers Zara,47000
3737,1669,Jeans Zara,62000
3738,211,TShirt H&M,29000
3739,925,Handbag H&M,50000
3740,1025,TShirt LouisVuitton,41000
3741,57,Backpack H&M,23000
3742,1506,TShirt Zara,57000
3743,1307,Hoodie Uniqlo,85000
3744,1657,Jacket H&M,35000
3745,919,Sneakers LouisVuitton,47000
3746,843,TShirt Zara,50000
3747,644,Backpack Zara,74000
3748,1407,Hoodie LouisVuitton,65000
3749,1433,Jacket H&M,68000
3750,991,Handbag Zara,27000
3751,1233,Jacket Adidas,22000
3752,1493,Jacket H&M,52000
3753,1783,Sneakers Nike,85000
3754,206,Handbag Adidas,35000
3755,234,Hoodie Nike,28000
3756,1914,TShirt Gucci,27000
3757,1018,Sneakers Adidas,72000
3758,985,Backpack Uniqlo,27000
3759,1640,Handbag Nike,16000
3760,1598,TShirt LouisVuitton,38000
3761,1065,Backpack Adidas,54000
3762,1152,Cap Puma,58000
3763,403,Backpack Uniqlo,84000
3764,1684,TShirt Puma,22000
3765,1854,TShirt H&M,39000
3766,1827,Handbag Puma,78000
3767,869,Hoodie LouisVuitton,21000
3768,394,Hoodie Adidas,59000
3769,1042,Jacket Puma,46000
3770,1620,Backpack H&M,16000
3771,596,Sneakers Uniqlo,91000
3772,1490,Backpack Puma,93000
3773,1804,Sneakers Nike,46000
3774,947,TShirt Uniqlo,28000
3775,1546,Jeans Puma,23000
3776,251,Jacket Puma,11000
3777,965,Jacket Zara,86000
3778,592,Handbag Puma,68000
3779,1296,TShirt H&M,13000
3780,1367,Cap Uniqlo,42000
3781,1333,Hoodie LouisVuitton,85000
3782,571,Backpack Uniqlo,48000
3783,430,Jacket Uniqlo,34000
3784,502,TShirt H&M,72000
3785,1638,Handbag H&M,71000
3786,198,Backpack Uniqlo,37000
3787,1323,Jeans H&M,85000
3788,1993,Handbag LouisVuitton,77000
3789,575,Handbag Nike,52000
3790,1808,Jeans LouisVuitton,79000
3791,1794,TShirt Uniqlo,68000
3792,1679,Jeans Gucci,41000
3793,777,Cap Zara,14000
3794,1579,TShirt Nike,13000
3795,1610,Backpack Nike,69000
3796,1130,Jacket LouisVuitton,51000
3797,1501,Jacket LouisVuitton,78000
3798,1734,Backpack Adidas,72000
3799,220,Sneakers Gucci,40000
3800,458,Backpack Zara,39000
3801,1091,Cap Gucci,29000
3802,658,TShirt Uniqlo,55000
3803,1504,Hoodie Gucci,99000
3804,1103,Backpack Puma,72000
3805,659,Jeans Puma,97000
3806,16,Handbag Puma,26000
3807,1519,Cap LouisVuitton,48000
3808,1354,Backpack Nike,65000
3809,791,TShirt Gucci,18000
3810,1073,Jeans Uniqlo,76000
3811,1777,TShirt H&M,61000
3812,1356,Handbag Zara,80000
3813,1734,Handbag Adidas,73000
3814,436,Jacket Adidas,57000
3815,1167,TShirt Puma,96000
3816,1476,Sneakers Zara,95000
3817,1641,Handbag Adidas,95000
3818,554,Jeans Adidas,40000
3819,1345,TShirt Uniqlo,99000
3820,852,TShirt H&M,64000
3821,1256,Handbag Nike,43000
3822,1108,Hoodie H&M,67000
3823,176,TShirt Gucci,11000
3824,860,Handbag H&M,34000
3825,621,Handbag LouisVuitton,11000
3826,1170,Jacket Nike,40000
3827,1989,TShirt H&M,39000
3828,509,Jacket Uniqlo,51000
3829,960,Handbag Uniqlo,41000
3830,85,Jeans Nike,55000
3831,1175,TShirt Gucci,13000
3832,1270,Cap Nike,97000
3833,424,Jeans Adidas,78000
3834,1373,Handbag Zara,79000
3835,1600,Hoodie Puma,63000
3836,873,Jeans Nike,25000
3837,1759,Jeans Zara,85000
3838,11,Cap Nike,80000
3839,167,Handbag Uniqlo,17000
3840,1398,Hoodie Adidas,73000
3841,1789,TShirt Nike,66000
3842,1791,Sneakers H&M,33000
3843,1318,Cap Uniqlo,92000
3844,1837,Cap H&M,65000
3845,491,TShirt Adidas,25000
3846,1673,Sneakers Uniqlo,75000
3847,1557,Jacket Adidas,13000
3848,1007,TShirt LouisVuitton,70000
3849,1744,Hoodie Nike,40000
3850,1163,Handbag Adidas,55000
3851,844,Sneakers Puma,83000
3852,428,Sneakers Uniqlo,85000
3853,1927,Jacket Gucci,42000
3854,36,Hoodie Uniqlo,89000
3855,611,Backpack H&M,59000
3856,422,TShirt Uniqlo,52000
3857,502,Backpack Nike,94000
3858,1926,Jeans Nike,90000
3859,1748,Jeans Nike,68000
3860,508,Handbag Gucci,92000
3861,599,Hoodie Zara,42000
3862,1984,Handbag Zara,48000
3863,967,Backpack LouisVuitton,50000
3864,943,Sneakers H&M,67000
3865,610,Cap H&M,68000
3866,1460,Cap Zara,92000
3867,1908,Handbag Gucci,29000
3868,191,Sneakers H&M,37000
3869,383,TShirt Uniqlo,79000
3870,193,Jacket H&M,50000
3871,1797,Handbag Puma,28000
3872,270,TShirt LouisVuitton,52000
3873,648,Sneakers H&M,66000
3874,153,Jacket Zara,20000
3875,528,TShirt H&M,15000
3876,1306,Jacket H&M,88000
3877,820,Jeans H&M,20000
3878,1659,TShirt Puma,36000
3879,607,Cap Uniqlo,59000
3880,374,Cap Nike,31000
3881,940,TShirt Zara,39000
3882,1848,Cap Gucci,91000
3883,394,Jacket Uniqlo,28000
3884,801,Cap Uniqlo,38000
3885,1321,Backpack LouisVuitton,87000
3886,1761,TShirt Zara,19000
3887,539,TShirt LouisVuitton,21000
3888,620,Jeans H&M,34000
3889,755,Jacket Nike,12000
3890,1575,Cap Zara,81000
3891,376,Sneakers Nike,71000
3892,776,Jeans Nike,14000
3893,819,Cap Adidas,82000
3894,1225,Cap H&M,40000
3895,1980,TShirt LouisVuitton,76000
3896,388,TShirt Adidas,46000
3897,576,Handbag Uniqlo,68000
3898,952,Sneakers Adidas,79000
3899,686,Backpack Nike,98000
3900,114,Jacket Puma,23000
3901,116,Handbag Gucci,58000
3902,1076,TShirt H&M,74000
3903,694,Backpack Uniqlo,83000
3904,1650,TShirt LouisVuitton,30000
3905,1159,TShirt Adidas,85000
3906,1344,TShirt Zara,36000
3907,254,Backpack LouisVuitton,55000
3908,1796,Hoodie Uniqlo,57000
3909,1106,Sneakers LouisVuitton,13000
3910,393,Jacket H&M,33000
3911,1678,Jacket LouisVuitton,89000
3912,586,TShirt Puma,42000
3913,1661,Cap Puma,69000
3914,1522,Jacket Uniqlo,99000
3915,1118,Handbag Nike,59000
3916,290,Handbag LouisVuitton,55000
3917,912,Jacket Puma,93000
3918,1691,Jacket Puma,64000
3919,343,Hoodie Puma,16000
3920,319,Handbag Zara,39000
3921,197,Hoodie Nike,42000
3922,1780,Hoodie LouisVuitton,40000
3923,1153,Handbag Puma,10000
3924,256,Jacket Gucci,38000
3925,1379,Sneakers LouisVuitton,31000
3926,1565,Hoodie Gucci,74000
3927,1909,Handbag Nike,48000
3928,118,Backpack LouisVuitton,98000
3929,179,Hoodie LouisVuitton,21000
3930,1608,Jeans Gucci,61000
3931,283,Jacket Uniqlo,18000
3932,161,TShirt Puma,92000
3933,1358,Sneakers Nike,99000
3934,1220,Hoodie Uniqlo,37000
3935,236,Cap Puma,71000
3936,1347,Jacket Adidas,46000
3937,1787,Hoodie Uniqlo,47000
3938,1475,Cap Uniqlo,88000
3939,689,Jacket Uniqlo,73000
3940,1451,Jacket LouisVuitton,20000
3941,821,Backpack Uniqlo,83000
3942,244,Backpack Gucci,74000
3943,1105,Cap Nike,69000
3944,1770,Handbag Uniqlo,56000
3945,1106,Cap Zara,87000
3946,1817,TShirt Gucci,52000
3947,1430,Jacket Uniqlo,38000
3948,144,Handbag H&M,75000
3949,1420,Hoodie Zara,42000
3950,977,Sneakers Gucci,30000
3951,1399,Jeans Puma,41000
3952,382,Backpack Zara,44000
3953,1803,Backpack Uniqlo,47000
3954,1773,Sneakers LouisVuitton,57000
3955,366,Cap H&M,45000
3956,581,Hoodie Uniqlo,69000
3957,504,Hoodie Gucci,56000
3958,1774,Sneakers H&M,23000
3959,1330,Hoodie H&M,35000
3960,580,Jacket Zara,73000
3961,474,Backpack H&M,27000
3962,900,Handbag Gucci,91000
3963,1069,Sneakers Puma,16000
3964,893,Jacket H&M,83000
3965,1244,Sneakers Zara,61000
3966,160,Jeans Gucci,36000
3967,455,Hoodie LouisVuitton,65000
3968,1744,Hoodie Adidas,91000
3969,180,TShirt Puma,29000
3970,866,Jeans Puma,53000
3971,696,Hoodie Adidas,18000
3972,974,Sneakers LouisVuitton,70000
3973,1628,Jacket Puma,86000
3974,1931,Jacket Puma,86000
3975,9,Jacket LouisVuitton,26000
3976,454,Jeans H&M,49000
3977,348,Hoodie Nike,87000
3978,715,Sneakers LouisVuitton,88000
3979,370,Hoodie Zara,99000
3980,1226,Handbag LouisVuitton,88000
3981,1084,Jacket Puma,23000
3982,147,Hoodie H&M,63000
3983,1404,Jeans Zara,56000
3984,1418,Handbag Gucci,32000
3985,1110,Hoodie Nike,48000
3986,339,Sneakers H&M,39000
3987,1231,Jeans Adidas,71000
3988,1110,Cap Nike,84000
3989,1745,Hoodie Uniqlo,58000
3990,1724,Hoodie Zara,70000
3991,213,Jeans Zara,62000
3992,847,TShirt Nike,26000
3993,118,Handbag Nike,61000
3994,1757,Cap Gucci,81000
3995,884,Sneakers Gucci,20000
3996,710,Hoodie Puma,81000
3997,1454,Handbag Nike,57000
3998,1561,Backpack Adidas,34000
3999,662,Handbag Nike,82000
4000,1082,Sneakers Adidas,52000
4001,33,Backpack Gucci,33000
4002,1791,Handbag H&M,86000
4003,916,TShirt Gucci,15000
4004,1613,Handbag Uniqlo,10000
4005,1063,Handbag H&M,64000
4006,1919,Cap Uniqlo,27000
4007,1509,Jeans Adidas,20000
4008,1311,Jeans Puma,55000
4009,1898,Hoodie Nike,50000
4010,1707,TShirt Nike,17000
4011,1411,Cap Zara,19000
4012,705,Jeans Gucci,35000
4013,1121,Backpack Puma,94000
4014,1442,Cap Puma,58000
4015,1830,Jacket Gucci,34000
4016,1762,Sneakers LouisVuitton,22000
4017,1541,Cap Zara,88000
4018,1910,Handbag Puma,20000
4019,293,Cap Uniqlo,49000
4020,564,Cap LouisVuitton,69000
4021,255,Sneakers Zara,16000
4022,1670,Handbag Zara,38000
4023,779,Handbag Adidas,10000
4024,1654,TShirt Zara,55000
4025,695,Jeans H&M,77000
4026,547,Jeans Gucci,30000
4027,607,Cap Gucci,31000
4028,1835,Jeans Adidas,43000
4029,133,Backpack Nike,34000
4030,1790,TShirt Uniqlo,41000
4031,1146,Backpack H&M,39000
4032,497,Handbag H&M,51000
4033,306,Hoodie Gucci,88000
4034,1863,Cap Puma,98000
4035,980,Jeans LouisVuitton,21000
4036,553,Sneakers Puma,67000
4037,583,TShirt Zara,74000
4038,1455,Hoodie LouisVuitton,80000
4039,1590,Jeans H&M,70000
4040,901,Jacket H&M,39000
4041,924,Cap Puma,30000
4042,119,TShirt Puma,66000
4043,1320,Sneakers Gucci,23000
4044,1796,Cap Nike,90000
4045,1290,Sneakers H&M,24000
4046,909,Backpack LouisVuitton,22000
4047,787,Handbag Puma,75000
4048,1815,Backpack H&M,39000
4049,809,Jacket Gucci,50000
4050,1253,Hoodie Nike,80000
4051,400,Hoodie Nike,26000
4052,1822,Hoodie LouisVuitton,19000
4053,1889,Sneakers H&M,30000
4054,1996,Cap Gucci,88000
4055,1078,Backpack Uniqlo,89000
4056,90,Cap H&M,24000
4057,1467,TShirt Zara,48000
4058,1173,Hoodie H&M,26000
4059,1375,Sneakers Gucci,43000
4060,1356,Cap Nike,34000
4061,1696,Cap Nike,93000
4062,1072,Handbag Puma,34000
4063,498,Sneakers Uniqlo,95000
4064,820,Backpack Gucci,85000
4065,1384,TShirt Adidas,98000
4066,1677,Sneakers Zara,74000
4067,1433,Backpack LouisVuitton,31000
4068,1250,Handbag LouisVuitton,36000
4069,188,TShirt H&M,75000
4070,908,TShirt Adidas,15000
4071,1611,TShirt Zara,12000
4072,1303,Sneakers LouisVuitton,80000
4073,1059,Jacket Zara,94000
4074,399,Hoodie Gucci,31000
4075,1378,Handbag Nike,22000
4076,1043,Handbag LouisVuitton,72000
4077,408,TShirt Nike,78000
4078,741,Jacket H&M,22000
4079,1302,Sneakers Nike,10000
4080,840,Cap Uniqlo,44000
4081,1537,Backpack Adidas,99000
4082,1456,Jeans H&M,48000
4083,1567,TShirt Nike,78000
4084,1557,Hoodie Adidas,68000
4085,1832,Hoodie Gucci,63000
4086,1551,Backpack Zara,73000
4087,1142,Cap H&M,51000
4088,635,Jacket Adidas,92000
4089,357,Hoodie Zara,55000
4090,4,Jeans Uniqlo,90000
4091,739,Hoodie H&M,87000
4092,1914,Jeans LouisVuitton,95000
4093,752,TShirt Gucci,68000
4094,414,Jacket H&M,15000
4095,1071,Handbag Uniqlo,68000
4096,451,Cap H&M,38000
4097,1347,Handbag Uniqlo,58000
4098,1486,Jeans Zara,91000
4099,482,Jeans Zara,27000
4100,823,Backpack LouisVuitton,60000
4101,581,Backpack Gucci,56000
4102,1158,Handbag Uniqlo,61000
4103,229,Cap Puma,93000
4104,1157,Jacket Adidas,73000
4105,319,Jacket Uniqlo,91000
4106,564,Hoodie Nike,70000
4107,241,Cap Puma,67000
4108,1120,Hoodie LouisVuitton,87000
4109,1562,Handbag H&M,53000
4110,1962,Hoodie Adidas,71000
4111,413,Handbag Adidas,98000
4112,1542,Cap Zara,70000
4113,1422,Handbag Zara,46000
4114,376,TShirt Puma,94000
4115,1730,Backpack Gucci,56000
4116,920,Backpack Gucci,63000
4117,1699,Cap Puma,31000
4118,1743,Jeans LouisVuitton,84000
4119,1146,Jeans H&M,61000
4120,903,Jeans Puma,15000
4121,1395,Hoodie Nike,85000
4122,1375,Handbag Puma,93000
4123,235,Jacket Adidas,76000
4124,1444,Hoodie Nike,81000
4125,261,TShirt Puma,27000
4126,1001,Cap Gucci,73000
4127,1600,Sneakers Puma,14000
4128,511,Sneakers Adidas,55000
4129,1426,Sneakers Puma,96000
4130,365,Jacket Puma,96000
4131,1680,Backpack Uniqlo,71000
4132,744,Jacket Uniqlo,87000
4133,386,TShirt Uniqlo,65000
4134,1931,Cap Puma,84000
4135,1204,Jeans Nike,84000
4136,1409,Jeans Nike,93000
4137,1967,TShirt Gucci,76000
4138,885,Hoodie Nike,72000
4139,1748,Jeans Adidas,89000
4140,104,Cap H&M,12000
4141,625,Jeans Puma,77000
4142,763,TShirt Adidas,76000
4143,744,Backpack Nike,72000
4144,512,Jacket H&M,62000
4145,447,Sneakers LouisVuitton,64000
4146,1212,Handbag Gucci,58000
4147,426,Backpack Puma,78000
4148,936,Jacket Zara,83000
4149,1811,TShirt LouisVuitton,37000
4150,171,Handbag Uniqlo,32000
4151,34,Jeans Adidas,38000
4152,225,Jeans Zara,36000
4153,885,Cap Puma,53000
4154,519,Backpack LouisVuitton,46000
4155,841,Backpack Puma,73000
4156,459,Backpack LouisVuitton,93000
4157,398,Jacket Zara,25000
4158,1584,Sneakers H&M,63000
4159,1254,Jeans LouisVuitton,56000
4160,824,Backpack Nike,70000
4161,517,Handbag Puma,77000
4162,775,Jacket H&M,14000
4163,1970,Backpack Nike,54000
4164,1878,Backpack H&M,73000
4165,1012,Sneakers Adidas,10000
4166,846,Sneakers Gucci,13000
4167,1910,Handbag Gucci,12000
4168,584,Jeans Zara,97000
4169,324,Jeans Gucci,56000
4170,227,Sneakers H&M,18000
4171,1547,Backpack Nike,21000
4172,1581,Sneakers Puma,65000
4173,1468,Handbag Uniqlo,95000
4174,1304,Backpack Adidas,59000
4175,72,Jeans Gucci,68000
4176,919,Backpack Nike,75000
4177,1397,Handbag Nike,90000
4178,13,Handbag Gucci,13000
4179,1895,Handbag Puma,77000
4180,1540,Jacket Gucci,13000
4181,1703,Jacket Zara,36000
4182,1315,Sneakers Puma,70000
4183,1679,Hoodie Nike,19000
4184,439,TShirt Gucci,77000
4185,732,Handbag H&M,40000
4186,603,TShirt LouisVuitton,65000
4187,650,Cap LouisVuitton,92000
4188,143,Cap Nike,88000
4189,1419,Backpack Puma,23000
4190,1876,Handbag Gucci,32000
4191,16,Cap Zara,26000
4192,1309,Backpack LouisVuitton,86000
4193,509,Sneakers Zara,63000
4194,1615,Backpack Adidas,66000
4195,1017,Cap Gucci,82000
4196,465,Handbag LouisVuitton,45000
4197,811,Sneakers Adidas,58000
4198,796,Backpack LouisVuitton,84000
4199,1966,Sneakers Puma,35000
4200,1948,Sneakers Nike,56000
4201,685,Handbag Gucci,12000
4202,1437,Backpack Zara,71000
4203,551,TShirt Zara,22000
4204,271,Cap H&M,75000
4205,827,Sneakers Nike,49000
4206,642,Handbag Uniqlo,67000
4207,1485,Handbag Zara,59000
4208,490,Handbag Zara,80000
4209,719,Backpack LouisVuitton,77000
4210,1307,Jeans Uniqlo,35000
4211,296,Jacket Zara,98000
4212,269,Backpack Adidas,97000
4213,640,Backpack Uniqlo,55000
4214,985,Backpack Adidas,43000
4215,689,Handbag Adidas,79000
4216,937,Sneakers Uniqlo,37000
4217,1191,Hoodie Gucci,32000
4218,123,Hoodie LouisVuitton,39000
4219,576,Jeans Puma,30000
4220,1743,Backpack Puma,65000
4221,1933,Sneakers Uniqlo,58000
4222,1124,Jeans LouisVuitton,91000
4223,31,Jacket H&M,14000
4224,1614,Cap LouisVuitton,11000
4225,682,Jacket Gucci,83000
4226,658,Handbag Adidas,52000
4227,1956,Sneakers Nike,93000
4228,568,Backpack Uniqlo,63000
4229,998,Cap Puma,94000
4230,648,Jeans H&M,20000
4231,329,Cap Zara,66000
4232,1725,Jeans Nike,69000
4233,1482,Backpack Gucci,60000
4234,1684,Handbag H&M,88000
4235,1207,TShirt Gucci,77000
4236,1773,Cap Nike,16000
4237,1167,Jacket Zara,88000
4238,120,Jeans Uniqlo,32000
4239,1542,TShirt Uniqlo,25000
4240,1257,Hoodie Uniqlo,96000
4241,94,Cap LouisVuitton,78000
4242,1733,Backpack Uniqlo,47000
4243,573,Cap H&M,54000
4244,594,Sneakers Puma,19000
4245,829,Sneakers LouisVuitton,14000
4246,1242,Jeans LouisVuitton,90000
4247,679,Jeans Uniqlo,27000
4248,296,Jacket Zara,69000
4249,791,Jeans Zara,88000
4250,1944,Cap LouisVuitton,40000
4251,971,Sneakers Adidas,93000
4252,1147,Sneakers H&M,97000
4253,1299,Handbag H&M,76000
4254,1968,Handbag Gucci,31000
4255,1282,Hoodie Adidas,71000
4256,1916,Jacket Adidas,56000
4257,1627,Cap LouisVuitton,71000
4258,195,Jeans Uniqlo,62000
4259,20,Sneakers Zara,68000
4260,1355,Handbag Puma,89000
4261,166,Jacket Puma,45000
4262,1216,Hoodie H&M,33000
4263,1578,Jacket Uniqlo,23000
4264,602,TShirt Zara,58000
4265,557,Hoodie Puma,75000
4266,1496,Cap Nike,60000
4267,252,Handbag Gucci,13000
4268,1960,Backpack LouisVuitton,25000
4269,840,Backpack Zara,75000
4270,1467,Jeans Nike,65000
4271,899,Handbag LouisVuitton,89000
4272,598,Backpack Puma,82000
4273,593,TShirt Adidas,72000
4274,1195,Handbag LouisVuitton,81000
4275,23,Handbag Zara,51000
4276,20,Jacket H&M,24000
4277,287,TShirt Gucci,36000
4278,504,Cap LouisVuitton,32000
4279,1138,TShirt Puma,46000
4280,1667,Sneakers Puma,62000
4281,491,Hoodie Uniqlo,36000
4282,1986,Jacket Nike,15000
4283,842,Hoodie LouisVuitton,50000
4284,388,Cap H&M,85000
4285,254,Backpack Puma,89000
4286,1018,Jeans Zara,16000
4287,1049,Cap Puma,66000
4288,1846,TShirt LouisVuitton,80000
4289,1760,Handbag Gucci,48000
4290,1711,Cap Adidas,43000
4291,1992,TShirt Nike,46000
4292,1195,Hoodie Gucci,10000
4293,794,Jacket Gucci,58000
4294,1364,Jeans Adidas,90000
4295,1711,Jeans Puma,97000
4296,307,Handbag Adidas,77000
4297,1555,Hoodie Puma,79000
4298,855,TShirt Zara,46000
4299,1685,Jacket Zara,99000
4300,255,Cap H&M,82000
4301,1653,Jeans Uniqlo,29000
4302,1371,Sneakers Gucci,75000
4303,117,Hoodie Adidas,90000
4304,862,Jacket Puma,11000
4305,1545,Jacket Zara,90000
4306,846,Jeans Zara,46000
4307,1750,Handbag Gucci,36000
4308,1010,TShirt Zara,56000
4309,997,Jacket LouisVuitton,49000
4310,931,Cap H&M,64000
4311,1233,Handbag Uniqlo,29000
4312,1819,Cap Puma,60000
4313,900,Jacket LouisVuitton,25000
4314,1208,Handbag Gucci,58000
4315,958,Sneakers Nike,85000
4316,921,Jeans H&M,94000
4317,1774,Sneakers Adidas,92000
4318,591,Backpack Nike,19000
4319,774,Jeans Nike,90000
4320,941,Handbag Nike,30000
4321,890,Handbag Gucci,94000
4322,1993,Cap Nike,18000
4323,481,Jacket H&M,18000
4324,344,TShirt Nike,23000
4325,114,Backpack LouisVuitton,42000
4326,1989,Jacket Nike,10000
4327,1368,Jacket Zara,46000
4328,410,Handbag LouisVuitton,63000
4329,1614,TShirt H&M,97000
4330,1428,Jacket Puma,73000
4331,579,Backpack Puma,90000
4332,1731,Jeans Zara,48000
4333,439,Handbag Adidas,86000
4334,279,Hoodie Nike,11000
4335,523,Jeans Zara,89000
4336,1476,Cap Uniqlo,29000
4337,1397,Handbag Uniqlo,65000
4338,718,Jacket H&M,10000
4339,1289,Handbag LouisVuitton,23000
4340,141,Handbag Nike,49000
4341,832,Jacket Gucci,78000
4342,1354,Jacket Adidas,49000
4343,1028,Handbag Adidas,39000
4344,1823,Cap H&M,20000
4345,1841,Handbag Zara,98000
4346,411,Cap Puma,27000
4347,822,Backpack LouisVuitton,65000
4348,1019,Jeans Adidas,69000
4349,881,Handbag Uniqlo,50000
4350,1409,Hoodie Nike,94000
4351,1974,Jeans Nike,66000
4352,273,TShirt LouisVuitton,54000
4353,377,Cap Puma,14000
4354,398,Sneakers Zara,36000
4355,1374,Backpack Puma,23000
4356,225,Jeans H&M,61000
4357,31,Hoodie Gucci,64000
4358,1762,Backpack H&M,48000
4359,694,Handbag Gucci,17000
4360,1596,Sneakers Adidas,26000
4361,110,Jeans Adidas,10000
4362,61,Handbag Adidas,33000
4363,646,Backpack LouisVuitton,69000
4364,1443,Cap LouisVuitton,13000
4365,861,Jacket Zara,61000
4366,735,Sneakers Nike,70000
4367,726,Hoodie H&M,94000
4368,1973,Backpack Zara,36000
4369,1637,Jacket LouisVuitton,86000
4370,874,Cap Adidas,85000
4371,64,Jacket Zara,77000
4372,1380,Hoodie Puma,28000
4373,415,Sneakers Gucci,87000
4374,77,Cap Nike,72000
4375,1052,Jacket Gucci,95000
4376,448,TShirt Adidas,84000
4377,163,TShirt Nike,32000
4378,810,Jacket Adidas,39000
4379,131,Backpack Zara,14000
4380,457,Cap LouisVuitton,71000
4381,218,Handbag Adidas,90000
4382,688,TShirt Gucci,68000
4383,1708,Handbag H&M,63000
4384,193,Sneakers H&M,83000
4385,1644,TShirt Adidas,62000
4386,1313,Jeans Adidas,31000
4387,1760,Jeans Adidas,52000
4388,1287,Sneakers Zara,59000
4389,225,Handbag Gucci,95000
4390,412,Cap Gucci,16000
4391,552,Handbag LouisVuitton,10000
4392,1419,Backpack Nike,18000
4393,1874,Sneakers Adidas,13000
4394,770,Cap LouisVuitton,28000
4395,1693,Jeans Gucci,55000
4396,1823,Jacket Zara,26000
4397,1576,Hoodie LouisVuitton,68000
4398,1716,Backpack Gucci,67000
4399,534,Sneakers Adidas,96000
4400,931,Cap Zara,49000
4401,603,Sneakers Uniqlo,16000
4402,690,Jacket Uniqlo,60000
4403,604,Backpack H&M,71000
4404,1832,Jeans Gucci,92000
4405,931,Jeans Adidas,77000
4406,509,Jeans Uniqlo,70000
4407,809,Cap Nike,26000
4408,1789,Jeans Uniqlo,15000
4409,602,Jeans Adidas,14000
4410,485,Handbag Uniqlo,44000
4411,1988,TShirt Gucci,87000
4412,1908,Jacket Gucci,17000
4413,1255,Cap Gucci,53000
4414,363,Handbag Adidas,40000
4415,133,Sneakers H&M,86000
4416,1021,TShirt Zara,57000
4417,803,Jacket LouisVuitton,81000
4418,1775,Hoodie Puma,43000
4419,790,Jacket Gucci,43000
4420,873,Backpack LouisVuitton,90000
4421,1127,Sneakers Gucci,46000
4422,226,Cap Zara,65000
4423,1039,Jeans H&M,84000
4424,1335,Backpack LouisVuitton,82000
4425,1819,Cap Adidas,52000
4426,20,Backpack LouisVuitton,59000
4427,600,Hoodie Uniqlo,77000
4428,1016,Sneakers Gucci,45000
4429,1207,Jeans Uniqlo,72000
4430,22,Cap Gucci,54000
4431,1818,Sneakers Gucci,83000
4432,1470,Backpack Puma,29000
4433,1636,Hoodie H&M,96000
4434,1543,Backpack Puma,63000
4435,1757,Jeans Nike,10000
4436,1368,Sneakers Zara,98000
4437,43,Cap Puma,62000
4438,554,TShirt Nike,99000
4439,1290,Sneakers Adidas,71000
4440,1719,Jacket Gucci,56000
4441,53,Backpack Puma,17000
4442,1070,Sneakers Gucci,50000
4443,121,Jacket LouisVuitton,62000
4444,924,Sneakers LouisVuitton,30000
4445,456,Jeans LouisVuitton,22000
4446,595,Cap H&M,67000
4447,435,Handbag Gucci,96000
4448,1734,Hoodie Nike,71000
4449,1407,Hoodie Zara,39000
4450,1227,Cap Uniqlo,19000
4451,1137,Handbag Zara,46000
4452,23,Cap LouisVuitton,50000
4453,673,Jeans Adidas,44000
4454,277,Jeans Puma,29000
4455,346,Sneakers LouisVuitton,21000
4456,687,Jacket Adidas,13000
4457,1336,Hoodie Nike,59000
4458,930,TShirt Adidas,25000
4459,72,Sneakers Uniqlo,10000
4460,1918,Cap Zara,31000
4461,1803,Backpack Zara,79000
4462,1667,Jeans LouisVuitton,65000
4463,1970,Jacket Puma,52000
4464,533,Hoodie Puma,45000
4465,419,Handbag Zara,33000
4466,905,Jacket Uniqlo,52000
4467,1906,Cap Gucci,16000
4468,1781,Backpack Adidas,14000
4469,56,Sneakers Uniqlo,95000
4470,355,Sneakers Puma,39000
4471,191,TShirt Uniqlo,99000
4472,1870,Jacket Zara,72000
4473,676,Hoodie Puma,55000
4474,434,Handbag Puma,34000
4475,1395,Handbag Zara,44000
4476,1328,Backpack H&M,79000
4477,494,Backpack Nike,92000
4478,1399,TShirt Zara,67000
4479,870,Hoodie Gucci,57000
4480,652,Sneakers Zara,65000
4481,719,TShirt Puma,21000
4482,1138,Handbag H&M,20000
4483,1968,Cap Nike,52000
4484,1458,Sneakers Adidas,35000
4485,576,Jeans Puma,81000
4486,868,Jeans Gucci,69000
4487,330,Sneakers Gucci,48000
4488,803,Jacket Zara,74000
4489,921,TShirt Uniqlo,99000
4490,797,Hoodie Gucci,47000
4491,908,Backpack Adidas,37000
4492,1568,Jeans H&M,98000
4493,51,TShirt Gucci,61000
4494,1518,Cap Zara,71000
4495,1823,Cap Zara,66000
4496,1577,Handbag Puma,21000
4497,1365,Jeans Adidas,54000
4498,327,Jeans LouisVuitton,22000
4499,779,Cap Adidas,59000
4500,1006,Backpack Zara,61000
4501,1481,Cap Zara,79000
4502,872,Hoodie H&M,27000
4503,778,Hoodie Zara,57000
4504,1968,Jeans Adidas,77000
4505,1464,Jacket Zara,52000
4506,1027,Sneakers H&M,62000
4507,674,TShirt Adidas,67000
4508,256,Jeans Nike,83000
4509,1113,Hoodie Uniqlo,98000
4510,1688,Handbag Gucci,68000
4511,1149,Sneakers Zara,13000
4512,830,Jacket Puma,22000
4513,228,Sneakers Puma,21000
4514,518,Cap Nike,37000
4515,404,Handbag Uniqlo,43000
4516,970,Jeans H&M,36000
4517,1188,Jeans Adidas,53000
4518,1168,TShirt LouisVuitton,59000
4519,1614,Sneakers H&M,55000
4520,629,TShirt H&M,48000
4521,1983,Cap Nike,22000
4522,245,Jacket Zara,73000
4523,517,Handbag Uniqlo,73000
4524,783,Jacket LouisVuitton,39000
4525,1791,Hoodie H&M,89000
4526,1029,Jeans Gucci,42000
4527,865,Cap Nike,44000
4528,665,Handbag Uniqlo,51000
4529,1549,Jeans Gucci,88000
4530,1185,Backpack Zara,55000
4531,1017,TShirt Uniqlo,42000
4532,1924,Hoodie Zara,43000
4533,847,Jeans Uniqlo,59000
4534,682,Jeans Adidas,72000
4535,392,Jeans H&M,38000
4536,288,Handbag LouisVuitton,92000
4537,512,Handbag Puma,21000
4538,1617,Handbag Adidas,95000
4539,37,Jeans Uniqlo,96000
4540,845,Sneakers Zara,39000
4541,343,Jacket LouisVuitton,19000
4542,1957,Jacket Nike,97000
4543,841,TShirt Nike,21000
4544,396,Jacket H&M,28000
4545,158,TShirt Nike,90000
4546,727,Sneakers Puma,23000
4547,732,TShirt Nike,21000
4548,110,Jeans Uniqlo,37000
4549,1660,Cap Uniqlo,77000
4550,360,Jeans Gucci,74000
4551,567,Hoodie LouisVuitton,19000
4552,114,Jeans Uniqlo,10000
4553,762,Handbag Zara,60000
4554,856,Cap H&M,37000
4555,130,Jacket LouisVuitton,99000
4556,602,Handbag LouisVuitton,24000
4557,1937,Hoodie Uniqlo,83000
4558,584,Jeans Adidas,20000
4559,1047,Handbag Zara,60000
4560,454,Handbag Uniqlo,28000
4561,1912,Sneakers H&M,30000
4562,312,TShirt LouisVuitton,88000
4563,684,Handbag Zara,73000
4564,694,Hoodie Gucci,67000
4565,1322,TShirt Puma,33000
4566,1017,Jacket Uniqlo,57000
4567,379,Hoodie Adidas,47000
4568,924,Jacket Adidas,33000
4569,717,TShirt Gucci,90000
4570,1627,Jacket H&M,81000
4571,941,Sneakers H&M,41000
4572,1270,Handbag Adidas,40000
4573,1963,Jeans LouisVuitton,24000
4574,1679,Cap Gucci,56000
4575,585,Jacket Adidas,11000
4576,1943,Backpack Adidas,68000
4577,1036,TShirt Uniqlo,72000
4578,1092,Hoodie Adidas,97000
4579,1273,Backpack Uniqlo,91000
4580,526,Jacket Uniqlo,84000
4581,1160,Jacket Adidas,18000
4582,1517,Cap Gucci,56000
4583,1108,Backpack Nike,93000
4584,1964,Hoodie Gucci,71000
4585,1785,Cap Puma,96000
4586,569,Handbag Gucci,28000
4587,260,Sneakers Nike,98000
4588,1570,Cap Uniqlo,22000
4589,1926,TShirt H&M,11000
4590,1240,Jacket Zara,54000
4591,353,Jeans Puma,23000
4592,1231,Cap Gucci,77000
4593,1432,Hoodie Zara,45000
4594,1388,Backpack Uniqlo,99000
4595,483,Hoodie Zara,62000
4596,389,Sneakers Gucci,86000
4597,1464,Hoodie Puma,96000
4598,1044,Backpack Adidas,21000
4599,1187,Sneakers Adidas,83000
4600,1540,TShirt Uniqlo,19000
4601,158,TShirt Uniqlo,23000
4602,178,Sneakers LouisVuitton,93000
4603,489,Backpack H&M,91000
4604,1084,Cap Zara,63000
4605,819,Sneakers Nike,55000
4606,1637,Handbag Uniqlo,51000
4607,14,Cap H&M,89000
4608,1214,Cap H&M,94000
4609,1854,TShirt Adidas,98000
4610,1022,Sneakers Gucci,56000
4611,1946,Sneakers LouisVuitton,50000
4612,59,Backpack Uniqlo,80000
4613,1737,Hoodie Adidas,91000
4614,750,Sneakers Uniqlo,32000
4615,1574,Hoodie Adidas,20000
4616,1267,Handbag Nike,80000
4617,845,Backpack LouisVuitton,15000
4618,6,Handbag Adidas,55000
4619,1323,Jacket Uniqlo,95000
4620,182,Sneakers H&M,55000
4621,1648,Jacket Gucci,42000
4622,357,Jeans H&M,37000
4623,368,Hoodie Zara,75000
4624,1253,Backpack LouisVuitton,99000
4625,685,Cap Puma,22000
4626,332,Backpack LouisVuitton,79000
4627,1326,TShirt Zara,96000
4628,496,Jeans Zara,23000
4629,1852,Jeans LouisVuitton,24000
4630,1964,Cap H&M,85000
4631,1343,Handbag Gucci,57000
4632,409,Hoodie LouisVuitton,37000
4633,500,Sneakers LouisVuitton,93000
4634,773,TShirt Adidas,66000
4635,890,TShirt Uniqlo,60000
4636,607,Cap LouisVuitton,29000
4637,1583,Cap Puma,96000
4638,967,Cap Gucci,59000
4639,1911,Jacket Uniqlo,12000
4640,146,Jacket Uniqlo,26000
4641,1637,Handbag Uniqlo,46000
4642,1268,TShirt Nike,95000
4643,1376,Backpack Uniqlo,81000
4644,373,Jacket Puma,14000
4645,1535,Handbag Nike,18000
4646,1548,Backpack Zara,16000
4647,1933,Jacket Nike,94000
4648,1830,Backpack Adidas,67000
4649,1045,Cap LouisVuitton,24000
4650,927,TShirt Gucci,93000
4651,1798,Handbag H&M,31000
4652,518,Hoodie H&M,22000
4653,1951,Cap LouisVuitton,72000
4654,1693,Cap Nike,14000
4655,1027,Handbag Adidas,39000
4656,1191,Sneakers Uniqlo,99000
4657,6,Cap Uniqlo,44000
4658,1640,Backpack Puma,44000
4659,1086,TShirt LouisVuitton,60000
4660,1144,Hoodie H&M,44000
4661,1235,Cap Gucci,62000
4662,1344,Hoodie Nike,52000
4663,207,Handbag LouisVuitton,82000
4664,394,Handbag Gucci,88000
4665,1262,Handbag Gucci,77000
4666,1044,Hoodie LouisVuitton,25000
4667,319,Jacket LouisVuitton,43000
4668,1613,Jacket LouisVuitton,93000
4669,1968,Handbag Zara,26000
4670,551,Hoodie Zara,25000
4671,725,Sneakers Adidas,59000
4672,499,Handbag Gucci,15000
4673,897,Jeans H&M,45000
4674,1095,Backpack Nike,15000
4675,1514,Jeans H&M,35000
4676,699,Backpack Nike,83000
4677,249,Handbag Nike,75000
4678,406,Jeans Uniqlo,71000
4679,1943,TShirt Uniqlo,54000
4680,37,Handbag Puma,74000
4681,833,Sneakers Gucci,47000
4682,1157,Backpack Adidas,51000
4683,1093,TShirt Puma,17000
4684,1636,Hoodie LouisVuitton,85000
4685,1506,TShirt Adidas,82000
4686,1747,Sneakers H&M,54000
4687,1947,Jacket Zara,50000
4688,1766,TShirt Puma,66000
4689,356,Jeans Adidas,36000
4690,1425,Backpack Nike,76000
4691,1571,Sneakers H&M,17000
4692,1548,Jeans Adidas,98000
4693,1056,Jacket Puma,52000
4694,512,Sneakers Adidas,39000
4695,1300,Jacket Adidas,97000
4696,696,Jacket Adidas,94000
4697,1277,Handbag Uniqlo,34000
4698,32,Handbag Adidas,74000
4699,1192,TShirt Zara,95000
4700,377,Cap Nike,70000
4701,645,Handbag Nike,30000
4702,994,TShirt LouisVuitton,78000
4703,487,Hoodie Adidas,71000
4704,1360,Sneakers Puma,31000
4705,1313,Jacket Uniqlo,73000
4706,1782,Handbag Nike,91000
4707,505,Handbag Nike,35000
4708,1469,Backpack Gucci,82000
4709,808,Jacket LouisVuitton,27000
4710,1629,Backpack Adidas,41000
4711,1431,Handbag Gucci,54000
4712,1665,Jeans H&M,24000
4713,50,TShirt Gucci,16000
4714,1975,Cap Uniqlo,36000
4715,57,Handbag LouisVuitton,94000
4716,605,Jacket Uniqlo,15000
4717,1674,Sneakers Zara,90000
4718,85,Jacket Nike,84000
4719,1528,Jacket Zara,93000
4720,1729,Handbag Gucci,31000
4721,1590,Hoodie H&M,27000
4722,455,Jacket Adidas,70000
4723,332,Cap Zara,65000
4724,701,Hoodie Zara,81000
4725,656,TShirt Gucci,76000
4726,1245,Jeans H&M,53000
4727,1998,Backpack Nike,11000
4728,1538,Hoodie Uniqlo,92000
4729,1313,Backpack LouisVuitton,30000
4730,281,Handbag Uniqlo,64000
4731,1622,Backpack Zara,91000
4732,1,Jeans Adidas,65000
4733,1407,Jacket Adidas,35000
4734,26,Jacket Uniqlo,22000
4735,622,Backpack H&M,27000
4736,665,TShirt Adidas,74000
4737,1077,Hoodie Zara,11000
4738,258,Jacket Uniqlo,52000
4739,140,TShirt Puma,65000
4740,1468,Sneakers Nike,28000
4741,1419,Cap Uniqlo,23000
4742,960,Cap LouisVuitton,25000
4743,1738,Hoodie Zara,83000
4744,90,Jeans LouisVuitton,25000
4745,552,TShirt Gucci,52000
4746,214,Hoodie LouisVuitton,79000
4747,545,Jacket Adidas,65000
4748,1203,Jeans H&M,13000
4749,1718,Sneakers Nike,25000
4750,1443,Hoodie LouisVuitton,30000
4751,521,Jacket Gucci,94000
4752,1721,Handbag H&M,99000
4753,1213,TShirt Adidas,58000
4754,489,Jeans Puma,36000
4755,233,Jeans Uniqlo,79000
4756,1706,Hoodie Zara,96000
4757,1206,Sneakers LouisVuitton,15000
4758,1751,Jeans Gucci,31000
4759,1564,Jacket Zara,61000
4760,505,TShirt Uniqlo,18000
4761,1528,Backpack Adidas,63000
4762,878,Hoodie H&M,55000
4763,1337,Jacket Puma,35000
4764,165,Backpack Uniqlo,23000
4765,1678,TShirt LouisVuitton,55000
4766,1535,Jeans LouisVuitton,60000
4767,1865,Hoodie Uniqlo,22000
4768,1055,Backpack Puma,37000
4769,926,Backpack Gucci,97000
4770,138,TShirt Uniqlo,91000
4771,1428,TShirt Nike,91000
4772,56,Hoodie Nike,15000
4773,1138,Sneakers Nike,38000
4774,976,TShirt Gucci,61000
4775,1299,Cap Adidas,93000
4776,1919,Backpack Puma,69000
4777,722,Cap Zara,93000
4778,1537,TShirt Nike,11000
4779,1582,Sneakers Uniqlo,37000
4780,246,Cap H&M,84000
4781,615,Jacket Uniqlo,96000
4782,1358,Backpack LouisVuitton,91000
4783,894,Sneakers Uniqlo,65000
4784,1789,Jeans LouisVuitton,47000
4785,648,Sneakers Zara,70000
4786,1671,TShirt Puma,68000
4787,1259,Cap Puma,23000
4788,468,Backpack H&M,68000
4789,448,Cap Gucci,97000
4790,1117,Jacket LouisVuitton,98000
4791,1903,Backpack Puma,83000
4792,1932,Cap Gucci,95000
4793,1397,Jeans Zara,44000
4794,1440,Jacket Puma,32000
4795,1840,Sneakers Uniqlo,76000
4796,1814,Cap Nike,27000
4797,81,Jacket Adidas,44000
4798,1904,Cap Gucci,76000
4799,1368,Cap H&M,10000
4800,1506,Sneakers Nike,26000
4801,540,Jacket Puma,48000
4802,415,Cap H&M,21000
4803,160,TShirt LouisVuitton,14000
4804,1968,Hoodie Puma,62000
4805,846,Hoodie Nike,85000
4806,1069,Jacket H&M,46000
4807,144,Handbag Adidas,25000
4808,977,TShirt LouisVuitton,85000
4809,1633,Sneakers Gucci,55000
4810,1481,Cap Nike,66000
4811,1279,Cap Zara,22000
4812,1333,Jacket LouisVuitton,86000
4813,1676,Hoodie Gucci,12000
4814,1910,Cap H&M,69000
4815,1048,TShirt H&M,57000
4816,190,Jeans Puma,10000
4817,456,Handbag H&M,30000
4818,1218,Backpack Zara,97000
4819,786,Jeans H&M,28000
4820,138,Handbag LouisVuitton,66000
4821,974,Hoodie Zara,72000
4822,1295,Handbag H&M,77000
4823,182,TShirt Gucci,93000
4824,1596,Hoodie Nike,96000
4825,1862,Sneakers Adidas,45000
4826,1502,Jeans Adidas,92000
4827,924,Sneakers Zara,68000
4828,787,Sneakers Zara,14000
4829,952,Jeans Puma,79000
4830,1758,Jacket Puma,85000
4831,381,Hoodie Uniqlo,71000
4832,1313,Sneakers Gucci,94000
4833,1166,Backpack Gucci,16000
4834,1552,Cap Uniqlo,85000
4835,1073,Sneakers Gucci,80000
4836,1652,Jacket Uniqlo,25000
4837,591,Hoodie Nike,69000
4838,245,Backpack Nike,98000
4839,1473,Jacket H&M,83000
4840,399,Sneakers LouisVuitton,46000
4841,1316,Backpack LouisVuitton,25000
4842,606,TShirt Puma,56000
4843,997,Sneakers Adidas,90000
4844,1537,Sneakers Nike,42000
4845,5,Jacket LouisVuitton,75000
4846,410,Hoodie H&M,75000
4847,1270,Cap H&M,58000
4848,779,Backpack LouisVuitton,41000
4849,1788,Jacket Zara,50000
4850,458,Hoodie Puma,87000
4851,1389,Hoodie Uniqlo,17000
4852,1693,Jeans Puma,99000
4853,1089,Handbag Zara,83000
4854,1438,Jeans LouisVuitton,73000
4855,1233,Sneakers Zara,74000
4856,105,Handbag Gucci,82000
4857,203,Cap Puma,76000
4858,504,Jacket Nike,90000
4859,1292,Jeans Gucci,46000
4860,621,Handbag Uniqlo,21000
4861,1556,TShirt LouisVuitton,39000
4862,1240,Jeans Nike,78000
4863,1941,Sneakers H&M,74000
4864,892,Hoodie H&M,73000
4865,1780,Jeans Zara,70000
4866,766,Jeans Puma,55000
4867,710,Backpack Gucci,89000
4868,1605,Cap Zara,85000
4869,1268,Cap H&M,65000
4870,1707,Hoodie H&M,30000
4871,1463,Sneakers LouisVuitton,40000
4872,1673,Cap H&M,17000
4873,219,Handbag Nike,86000
4874,1662,Backpack Puma,64000
4875,1152,Backpack Nike,18000
4876,1737,Sneakers Nike,62000
4877,68,Jacket Adidas,98000
4878,1738,Backpack Adidas,20000
4879,1065,Backpack Adidas,74000
4880,1236,Jeans Nike,39000
4881,309,Cap Uniqlo,16000
4882,1166,Hoodie Zara,83000
4883,1356,Jeans Zara,57000
4884,1084,Hoodie Uniqlo,64000
4885,1320,Backpack LouisVuitton,44000
4886,346,Jacket Puma,31000
4887,881,Handbag Puma,27000
4888,1233,Backpack Zara,29000
4889,1253,Hoodie Nike,96000
4890,944,Sneakers Nike,44000
4891,961,Jeans Puma,64000
4892,1476,Hoodie H&M,85000
4893,244,Sneakers Puma,57000
4894,815,Hoodie Adidas,26000
4895,563,Jeans Zara,91000
4896,708,Hoodie H&M,86000
4897,1951,Backpack Puma,72000
4898,1064,Hoodie Nike,61000
4899,640,Handbag H&M,28000
4900,1763,Cap Gucci,15000
4901,781,Jacket Zara,78000
4902,1292,Jacket Adidas,30000
4903,1185,Jeans LouisVuitton,72000
4904,624,Jacket Uniqlo,83000
4905,775,Jacket Nike,31000
4906,1452,Handbag H&M,70000
4907,543,Sneakers Gucci,63000
4908,366,TShirt Nike,11000
4909,1494,Hoodie Uniqlo,53000
4910,1735,Handbag Puma,61000
4911,1905,Sneakers Gucci,94000
4912,923,Backpack Adidas,53000
4913,354,Cap Uniqlo,71000
4914,1310,Sneakers H&M,75000
4915,1664,Handbag LouisVuitton,74000
4916,168,Jacket H&M,29000
4917,1636,Sneakers H&M,22000
4918,1746,TShirt Nike,50000
4919,1750,Sneakers Uniqlo,75000
4920,1911,Hoodie LouisVuitton,18000
4921,611,Sneakers Uniqlo,78000
4922,947,Backpack Gucci,45000
4923,586,Sneakers Gucci,41000
4924,1287,Hoodie H&M,21000
4925,729,TShirt Zara,82000
4926,898,Cap Uniqlo,19000
4927,1332,Handbag Zara,56000
4928,72,Jeans Uniqlo,65000
4929,702,Cap Zara,77000
4930,1343,Hoodie Zara,68000
4931,1614,Handbag H&M,10000
4932,189,Hoodie Nike,98000
4933,1851,Backpack Adidas,27000
4934,1467,Handbag Adidas,11000
4935,768,Backpack LouisVuitton,78000
4936,1748,Hoodie Zara,61000
4937,264,Handbag Adidas,22000
4938,454,Hoodie Gucci,14000
4939,1458,Handbag LouisVuitton,62000
4940,1743,Handbag Nike,37000
4941,1709,Sneakers Uniqlo,31000
4942,240,TShirt Puma,41000
4943,93,Backpack Uniqlo,80000
4944,157,Jacket H&M,44000
4945,852,Cap LouisVuitton,22000
4946,1387,Cap Zara,88000
4947,377,Jeans Adidas,59000
4948,800,Backpack Gucci,71000
4949,1604,Backpack Gucci,85000
4950,1335,Sneakers Gucci,73000
4951,127,Cap Uniqlo,13000
4952,1369,Jacket Uniqlo,75000
4953,454,TShirt Uniqlo,11000
4954,1315,Sneakers Gucci,37000
4955,215,TShirt LouisVuitton,27000
4956,342,Handbag Nike,70000
4957,483,Cap Zara,47000
4958,1250,TShirt H&M,47000
4959,778,Backpack Gucci,40000
4960,73,Cap Uniqlo,69000
4961,1378,TShirt LouisVuitton,73000
4962,722,Hoodie Adidas,43000
4963,193,Jeans Gucci,12000
4964,115,Jacket Nike,29000
4965,286,Sneakers Nike,73000
4966,1414,Jacket Gucci,31000
4967,963,Sneakers LouisVuitton,16000
4968,1716,Hoodie Puma,10000
4969,973,TShirt Gucci,91000
4970,1868,Sneakers Gucci,13000
4971,890,Hoodie Zara,14000
4972,60,Jeans Gucci,79000
4973,1385,Handbag Gucci,38000
4974,1782,Sneakers Puma,39000
4975,1389,Jacket Uniqlo,18000
4976,1613,Backpack LouisVuitton,99000
4977,1482,Hoodie LouisVuitton,88000
4978,1109,Handbag Zara,52000
4979,566,Cap LouisVuitton,20000
4980,1877,Handbag Adidas,28000
4981,1961,Sneakers Gucci,68000
4982,1576,Jeans Gucci,17000
4983,477,Backpack H&M,70000
4984,71,Hoodie LouisVuitton,77000
4985,1101,Hoodie LouisVuitton,27000
4986,320,Cap LouisVuitton,11000
4987,265,Sneakers Zara,15000
4988,1730,TShirt Adidas,85000
4989,417,Backpack Zara,27000
4990,1310,Handbag Adidas,87000
4991,1493,Sneakers LouisVuitton,10000
4992,23,Jacket Gucci,82000
4993,859,Jeans Nike,35000
4994,178,Cap H&M,33000
4995,792,Hoodie Adidas,89000
4996,1334,Jeans Zara,51000
4997,1493,Cap Gucci,49000
4998,1965,Sneakers Nike,89000
4999,955,Jacket Uniqlo,47000
5000,1601,Jacket Nike,57000
5001,1175,Handbag LouisVuitton,31000
5002,303,Backpack H&M,50000
5003,1750,Handbag Uniqlo,38000
5004,1831,Backpack Adidas,67000
5005,361,Handbag Zara,82000
5006,1561,Sneakers H&M,75000
5007,466,Jeans LouisVuitton,31000
5008,296,Jacket Nike,13000
5009,837,TShirt Nike,10000
5010,443,Jacket H&M,33000
5011,231,Sneakers Nike,98000
5012,615,Cap Puma,39000
5013,1474,Handbag Nike,70000
5014,277,Sneakers Gucci,17000
5015,1711,Hoodie Puma,18000
5016,1106,Hoodie Gucci,89000
5017,233,Jacket Nike,56000
5018,281,Backpack H&M,60000
5019,272,TShirt Zara,17000
5020,970,TShirt Adidas,64000
5021,339,Handbag Nike,29000
5022,1591,Jeans H&M,13000
5023,884,Handbag H&M,85000
5024,1441,Jacket Nike,61000
5025,72,Jacket Adidas,29000
5026,46,Hoodie Adidas,38000
5027,1364,TShirt Adidas,46000
5028,1126,Jacket Uniqlo,56000
5029,288,Backpack H&M,54000
5030,49,Cap Zara,27000
5031,631,Jeans Adidas,95000
5032,1914,Hoodie Nike,82000
5033,821,TShirt Adidas,86000
5034,1518,Cap Nike,30000
5035,1031,Jeans LouisVuitton,31000
5036,925,Sneakers H&M,74000
5037,1102,Jacket Zara,54000
5038,600,Handbag Puma,91000
5039,476,Jacket Gucci,79000
5040,1,Hoodie Zara,44000
5041,1748,Handbag Uniqlo,87000
5042,1005,Handbag LouisVuitton,88000
5043,701,Backpack Zara,64000
5044,1348,Sneakers Gucci,49000
5045,1456,Jeans Zara,60000
5046,1631,Backpack Gucci,30000
5047,645,Jeans Nike,67000
5048,1929,Backpack Adidas,56000
5049,1050,Handbag Puma,35000
5050,15,Handbag Nike,67000
5051,1163,TShirt H&M,94000
5052,463,Hoodie Puma,99000
5053,1114,Jeans LouisVuitton,88000
5054,1068,Backpack Gucci,71000
5055,1096,Handbag Nike,66000
5056,1447,Handbag Puma,19000
5057,857,Sneakers Zara,86000
5058,1543,TShirt Zara,90000
5059,852,TShirt Uniqlo,35000
5060,1762,Backpack Puma,44000
5061,1520,Handbag Nike,44000
5062,81,Jacket Puma,14000
5063,392,Hoodie Uniqlo,80000
5064,1407,Backpack Gucci,65000
5065,1575,Jacket Zara,74000
5066,1706,Cap Uniqlo,74000
5067,1372,Jeans Puma,52000
5068,1504,Cap Zara,72000
5069,1319,TShirt Zara,90000
5070,1267,Jacket LouisVuitton,30000
5071,858,TShirt Gucci,16000
5072,581,Backpack Uniqlo,92000
5073,632,Handbag Adidas,64000
5074,44,Jacket LouisVuitton,61000
5075,1960,Cap H&M,69000
5076,1519,Cap Uniqlo,23000
5077,626,Backpack Gucci,38000
5078,1366,Jacket Zara,41000
5079,864,TShirt Nike,58000
5080,1645,Backpack Puma,36000
5081,1486,Jeans Nike,84000
5082,1169,Handbag Puma,82000
5083,1419,TShirt Zara,44000
5084,417,Jacket Zara,47000
5085,1637,Handbag Uniqlo,19000
5086,461,Jacket H&M,78000
5087,224,Jeans LouisVuitton,58000
5088,1098,Jeans Gucci,35000
5089,1183,Backpack LouisVuitton,32000
5090,620,Backpack Nike,54000
5091,1705,Hoodie Gucci,42000
5092,1786,Cap H&M,44000
5093,1525,Hoodie Nike,47000
5094,190,Jacket Adidas,50000
5095,1661,Backpack Uniqlo,65000
5096,705,Cap Uniqlo,55000
5097,863,Sneakers Nike,30000
5098,290,Cap Zara,59000
5099,1926,Backpack LouisVuitton,29000
5100,112,Jacket Puma,74000
5101,1077,Sneakers Adidas,54000
5102,1835,Backpack Gucci,82000
5103,1964,TShirt Zara,33000
5104,406,Handbag Nike,38000
5105,1520,Sneakers Uniqlo,12000
5106,184,Jeans Nike,68000
5107,455,Backpack Puma,37000
5108,5,Cap Adidas,25000
5109,681,Sneakers H&M,23000
5110,617,Jacket H&M,38000
5111,992,Sneakers Uniqlo,94000
5112,1101,Sneakers Nike,68000
5113,1080,Backpack Uniqlo,33000
5114,559,Jacket Adidas,28000
5115,1343,Hoodie Gucci,86000
5116,350,TShirt Gucci,47000
5117,1941,Hoodie Uniqlo,38000
5118,332,Jacket H&M,25000
5119,1773,Jacket Nike,32000
5120,778,Sneakers LouisVuitton,11000
5121,1658,Backpack H&M,30000
5122,1246,Backpack Puma,53000
5123,146,Hoodie Zara,48000
5124,703,Cap Nike,24000
5125,46,Cap Adidas,16000
5126,1719,Sneakers Puma,38000
5127,1159,Handbag Adidas,30000
5128,640,Handbag Nike,14000
5129,1194,Sneakers H&M,41000
5130,855,Hoodie Uniqlo,92000
5131,1221,Hoodie H&M,10000
5132,1068,Jeans Uniqlo,98000
5133,1415,Backpack Uniqlo,37000
5134,351,Jacket Zara,33000
5135,1811,Jeans Zara,53000
5136,1284,Handbag Zara,97000
5137,1165,Jacket Nike,30000
5138,112,Hoodie Zara,46000
5139,1610,Jacket Nike,27000
5140,873,TShirt LouisVuitton,18000
5141,1748,Backpack Nike,77000
5142,1080,Hoodie Puma,85000
5143,1796,Cap Nike,78000
5144,1578,Jeans Adidas,12000
5145,1478,Sneakers LouisVuitton,19000
5146,1914,TShirt Uniqlo,97000
5147,1112,Jeans Zara,88000
5148,617,Jacket LouisVuitton,54000
5149,58,Jacket LouisVuitton,45000
5150,1414,Handbag Uniqlo,33000
5151,1982,Jacket Adidas,59000
5152,534,Sneakers Nike,12000
5153,745,Sneakers Uniqlo,54000
5154,796,Jacket LouisVuitton,80000
5155,1632,Jeans Zara,41000
5156,721,TShirt Gucci,44000
5157,1691,Jacket H&M,67000
5158,1565,Backpack LouisVuitton,88000
5159,1414,Cap Adidas,47000
5160,1995,Hoodie Puma,80000
5161,1274,Jacket Zara,92000
5162,1593,Jeans H&M,64000
5163,1320,Jacket LouisVuitton,50000
5164,453,Hoodie Gucci,39000
5165,1454,Jeans Gucci,87000
5166,1088,TShirt Adidas,76000
5167,1054,Sneakers Uniqlo,65000
5168,1614,Handbag H&M,30000
5169,606,Backpack Uniqlo,69000
5170,1860,TShirt Uniqlo,35000
5171,1746,Jeans Zara,95000
5172,408,Cap Nike,76000
5173,1012,Hoodie Gucci,61000
5174,644,Cap Puma,41000
5175,812,Backpack Zara,61000
5176,1123,TShirt H&M,99000
5177,360,Jeans Zara,27000
5178,210,Cap Uniqlo,30000
5179,1157,Jeans Uniqlo,61000
5180,256,Jacket Nike,49000
5181,1939,Cap Gucci,65000
5182,717,Jeans LouisVuitton,38000
5183,1524,Cap Adidas,77000
5184,1118,Backpack Puma,14000
5185,924,Sneakers Zara,47000
5186,743,Sneakers Puma,30000
5187,770,Hoodie Gucci,45000
5188,1087,Sneakers Adidas,47000
5189,557,TShirt Nike,10000
5190,1455,TShirt Uniqlo,11000
5191,216,Handbag Uniqlo,97000
5192,547,Cap Nike,42000
5193,271,Cap LouisVuitton,67000
5194,1639,Sneakers Uniqlo,72000
5195,1039,Cap H&M,78000
5196,1146,Cap LouisVuitton,93000
5197,1369,Cap Gucci,55000
5198,1582,Cap H&M,84000
5199,94,Sneakers Uniqlo,49000
5200,965,Jacket Puma,50000
5201,1684,Sneakers Nike,70000
5202,1013,Handbag Adidas,12000
5203,1183,Sneakers LouisVuitton,60000
5204,1109,Cap LouisVuitton,28000
5205,520,Jeans Gucci,23000
5206,1133,TShirt Zara,69000
5207,1801,Jacket H&M,60000
5208,1945,Hoodie Puma,84000
5209,895,Hoodie Nike,94000
5210,1766,Backpack H&M,62000
5211,214,Cap Zara,13000
5212,275,Jeans Adidas,51000
5213,320,TShirt LouisVuitton,56000
5214,449,TShirt H&M,27000
5215,830,Cap Zara,72000
5216,435,Sneakers Puma,26000
5217,964,TShirt H&M,59000
5218,1342,Handbag Nike,66000
5219,1129,Jeans H&M,75000
5220,1481,Backpack H&M,78000
5221,388,Jacket Nike,28000
5222,750,Backpack H&M,17000
5223,1600,Jacket Adidas,74000
5224,343,TShirt Nike,77000
5225,920,Jeans Adidas,22000
5226,1761,Jacket Nike,11000
5227,219,Jacket Nike,17000
5228,220,Jacket Uniqlo,37000
5229,1144,Handbag Nike,49000
5230,1912,Backpack Adidas,18000
5231,51,Backpack Puma,68000
5232,872,TShirt Nike,48000
5233,606,TShirt LouisVuitton,72000
5234,226,Sneakers Adidas,59000
5235,1568,Handbag Nike,33000
5236,717,Sneakers Zara,53000
5237,401,Handbag Puma,86000
5238,1586,Hoodie Nike,38000
5239,1963,Cap Puma,78000
5240,1451,Hoodie Nike,18000
5241,1306,Jacket Nike,58000
5242,119,Jacket Adidas,18000
5243,1244,Cap Adidas,93000
5244,1043,Jacket Uniqlo,15000
5245,530,Hoodie Zara,94000
5246,113,Backpack Zara,12000
5247,605,Backpack H&M,45000
5248,709,Sneakers Nike,64000
5249,1025,Backpack Puma,41000
5250,1378,Handbag H&M,11000
5251,1508,Sneakers Puma,34000
5252,352,Jacket Nike,94000
5253,31,TShirt LouisVuitton,22000
5254,425,Jeans Adidas,43000
5255,587,Jeans Nike,63000
5256,1207,Backpack Adidas,78000
5257,854,Backpack Puma,76000
5258,1048,Hoodie Gucci,87000
5259,1771,TShirt Adidas,66000
5260,922,Backpack Zara,93000
5261,141,Jeans H&M,86000
5262,1854,Sneakers Uniqlo,59000
5263,460,TShirt LouisVuitton,22000
5264,824,Jeans Uniqlo,32000
5265,1405,TShirt Zara,56000
5266,1676,Backpack Uniqlo,97000
5267,981,Handbag LouisVuitton,97000
5268,1971,Backpack H&M,84000
5269,670,Jacket Nike,70000
5270,1412,Handbag H&M,59000
5271,1505,Hoodie Nike,46000
5272,586,Handbag Adidas,17000
5273,794,Cap Adidas,23000
5274,580,Backpack Puma,98000
5275,999,Sneakers Adidas,14000
5276,623,Hoodie Nike,52000
5277,1704,Backpack Nike,92000
5278,1198,Backpack LouisVuitton,34000
5279,1632,TShirt Adidas,56000
5280,1746,Handbag Zara,13000
5281,930,TShirt Uniqlo,57000
5282,1442,Jacket LouisVuitton,74000
5283,1748,Backpack LouisVuitton,33000
5284,1604,Backpack Uniqlo,78000
5285,1471,Jacket LouisVuitton,77000
5286,465,Handbag Puma,67000
5287,524,Jeans LouisVuitton,64000
5288,964,Backpack LouisVuitton,18000
5289,1000,Cap Gucci,87000
5290,299,Hoodie H&M,58000
5291,1360,Handbag Uniqlo,48000
5292,68,Backpack Puma,56000
5293,1365,Jeans Uniqlo,77000
5294,1457,TShirt Puma,26000
5295,1657,Handbag H&M,48000
5296,596,Jeans Nike,72000
5297,208,Handbag H&M,49000
5298,451,Handbag Adidas,88000
5299,1151,Jeans Zara,12000
5300,580,Hoodie LouisVuitton,58000
5301,560,TShirt LouisVuitton,24000
5302,1666,Hoodie Nike,81000
5303,1804,Sneakers Nike,61000
5304,518,Sneakers Puma,96000
5305,286,Handbag Puma,84000
5306,814,Backpack Uniqlo,99000
5307,1478,Handbag Uniqlo,17000
5308,872,Handbag LouisVuitton,43000
5309,355,Hoodie Gucci,75000
5310,215,Jeans Adidas,28000
5311,695,Sneakers LouisVuitton,39000
5312,109,Hoodie Adidas,85000
5313,679,Jacket H&M,64000
5314,1087,Backpack LouisVuitton,86000
5315,1592,Sneakers Zara,23000
5316,692,Handbag Puma,67000
5317,1171,TShirt Uniqlo,62000
5318,1845,Sneakers LouisVuitton,32000
5319,1121,Jacket Uniqlo,94000
5320,590,Sneakers Uniqlo,26000
5321,1502,Cap Zara,31000
5322,715,Cap Gucci,65000
5323,505,Sneakers Zara,86000
5324,1435,Hoodie Puma,88000
5325,1874,Backpack Adidas,27000
5326,1488,Backpack LouisVuitton,13000
5327,1179,Cap Uniqlo,33000
5328,701,Backpack Uniqlo,95000
5329,1752,Backpack Puma,86000
5330,182,Handbag Zara,10000
5331,1966,Cap Puma,74000
5332,627,Hoodie Gucci,16000
5333,566,Cap Gucci,33000
5334,444,Jacket Nike,63000
5335,267,Handbag LouisVuitton,86000
5336,733,Jeans Nike,67000
5337,711,Jacket Gucci,59000
5338,228,Jacket Nike,77000
5339,202,Cap Adidas,38000
5340,1070,Jeans LouisVuitton,91000
5341,883,Jacket Puma,60000
5342,685,Jacket Zara,77000
5343,740,Backpack Nike,83000
5344,964,Jacket Nike,13000
5345,257,Hoodie Adidas,26000
5346,1048,Hoodie Adidas,22000
5347,257,Jacket H&M,11000
5348,1905,Backpack Nike,63000
5349,1403,Backpack Uniqlo,30000
5350,1926,TShirt H&M,48000
5351,138,Backpack Nike,31000
5352,1492,Jeans Adidas,17000
5353,1641,Cap Zara,19000
5354,583,Jacket Adidas,44000
5355,503,Backpack Gucci,59000
5356,95,Jacket Zara,64000
5357,100,Handbag Uniqlo,16000
5358,124,Sneakers Puma,25000
5359,1681,Cap H&M,90000
5360,1314,Sneakers H&M,34000
5361,244,TShirt Puma,20000
5362,437,Hoodie Adidas,58000
5363,97,Backpack Uniqlo,96000
5364,541,Jeans Puma,68000
5365,1777,Backpack Nike,12000
5366,1219,Handbag Gucci,10000
5367,1902,Jacket Adidas,22000
5368,1970,Cap H&M,31000
5369,1157,Jeans Nike,90000
5370,662,Backpack Zara,95000
5371,370,Jacket H&M,28000
5372,608,Hoodie LouisVuitton,45000
5373,87,Cap Zara,86000
5374,1231,Handbag Adidas,58000
5375,436,Jeans Gucci,71000
5376,311,Hoodie Adidas,82000
5377,608,Jeans LouisVuitton,58000
5378,398,Backpack Zara,33000
5379,942,Handbag Zara,62000
5380,458,Handbag Nike,18000
5381,408,Jeans Uniqlo,26000
5382,195,Handbag Gucci,22000
5383,1432,Handbag Puma,28000
5384,199,Jacket H&M,48000
5385,585,Jeans Adidas,66000
5386,1024,Backpack H&M,93000
5387,234,Handbag Puma,98000
5388,399,Cap Uniqlo,52000
5389,1306,Sneakers Nike,63000
5390,933,Cap Zara,46000
5391,1804,Sneakers H&M,19000
5392,1076,Jacket Puma,16000
5393,1172,Hoodie H&M,20000
5394,1761,Jacket Puma,42000
5395,1752,Handbag Gucci,78000
5396,1909,Sneakers Zara,19000
5397,624,TShirt LouisVuitton,43000
5398,935,Backpack Puma,17000
5399,1478,Sneakers Gucci,48000
5400,1363,Cap Gucci,25000
5401,1494,TShirt Adidas,24000
5402,133,Cap Gucci,56000
5403,1023,TShirt Adidas,33000
5404,1438,Backpack Puma,42000
5405,31,Jacket Puma,98000
5406,1918,Jacket Gucci,34000
5407,1994,Hoodie Zara,32000
5408,1783,Hoodie H&M,59000
5409,739,Hoodie LouisVuitton,42000
5410,1824,Jacket Puma,44000
5411,1344,Sneakers Puma,55000
5412,479,Cap Puma,49000
5413,906,Jacket Adidas,89000
5414,845,Cap H&M,72000
5415,986,Jeans Gucci,39000
5416,806,Hoodie H&M,17000
5417,13,Jacket LouisVuitton,27000
5418,918,Hoodie Adidas,11000
5419,1729,Handbag Gucci,62000
5420,428,Jeans Adidas,53000
5421,1749,Sneakers Zara,22000
5422,618,TShirt LouisVuitton,87000
5423,332,TShirt H&M,81000
5424,370,Jeans H&M,74000
5425,282,TShirt Nike,25000
5426,362,Jacket Zara,14000
5427,244,Hoodie Gucci,50000
5428,1336,Sneakers Adidas,15000
5429,1156,Hoodie Adidas,41000
5430,1287,Cap Uniqlo,31000
5431,739,Cap Nike,11000
5432,1728,Handbag LouisVuitton,82000
5433,429,Sneakers H&M,56000
5434,465,Cap H&M,11000
5435,1664,Hoodie Gucci,12000
5436,57,Backpack Puma,30000
5437,316,TShirt Nike,63000
5438,937,TShirt Nike,33000
5439,1427,TShirt Gucci,49000
5440,1332,Cap Uniqlo,58000
5441,1290,Jacket Uniqlo,51000
5442,79,Cap LouisVuitton,28000
5443,870,Hoodie Puma,58000
5444,401,Sneakers H&M,40000
5445,1312,Jacket Puma,70000
5446,276,Backpack Uniqlo,39000
5447,609,Backpack LouisVuitton,25000
5448,961,Jeans Gucci,34000
5449,1926,Cap Gucci,48000
5450,407,TShirt Adidas,77000
5451,1740,Backpack LouisVuitton,28000
5452,677,Backpack LouisVuitton,93000
5453,1652,Hoodie Gucci,86000
5454,1707,Handbag Nike,13000
5455,112,Handbag Uniqlo,94000
5456,1069,Jeans Zara,37000
5457,1027,Sneakers H&M,34000
5458,1503,Cap H&M,35000
5459,1909,Jeans Adidas,83000
5460,1017,Sneakers H&M,89000
5461,1196,Jacket Nike,62000
5462,1523,Backpack Uniqlo,93000
5463,1268,Jacket Adidas,26000
5464,954,Jacket Gucci,72000
5465,472,Sneakers Uniqlo,49000
5466,1385,Jeans H&M,34000
5467,1717,Cap Puma,97000
5468,1488,TShirt Puma,45000
5469,477,TShirt Uniqlo,86000
5470,1648,Hoodie Uniqlo,62000
5471,721,Backpack H&M,15000
5472,509,Hoodie Zara,14000
5473,1046,Hoodie Uniqlo,17000
5474,906,Jacket Adidas,54000
5475,209,Handbag Adidas,70000
5476,352,Cap Gucci,65000
5477,954,TShirt H&M,60000
5478,22,Backpack Gucci,63000
5479,1260,Cap Puma,44000
5480,905,TShirt Zara,44000
5481,915,TShirt Puma,29000
5482,1126,Sneakers Adidas,82000
5483,1196,Cap Puma,85000
5484,1339,Backpack Zara,57000
5485,1016,Handbag Puma,14000
5486,1241,Jacket Puma,13000
5487,216,Handbag LouisVuitton,17000
5488,1220,TShirt H&M,66000
5489,738,Backpack Adidas,34000
5490,784,Jacket Uniqlo,45000
5491,858,Cap Puma,18000
5492,246,Hoodie LouisVuitton,40000
5493,617,Cap Nike,73000
5494,668,Jeans LouisVuitton,20000
5495,650,TShirt LouisVuitton,46000
5496,336,Sneakers Adidas,90000
5497,103,Handbag H&M,11000
5498,862,Jeans H&M,66000
5499,1743,Backpack Nike,93000
5500,1732,Hoodie Puma,32000
5501,963,TShirt Adidas,80000
5502,1269,Cap H&M,57000
5503,340,TShirt Zara,10000
5504,1266,Jeans Adidas,93000
5505,502,Handbag Puma,75000
5506,1842,Hoodie Zara,10000
5507,784,Hoodie Gucci,63000
5508,1435,Handbag Zara,51000
5509,1881,Cap Uniqlo,80000
5510,1206,Backpack Adidas,85000
5511,508,Handbag Nike,82000
5512,1102,Hoodie H&M,55000
5513,564,Handbag Uniqlo,17000
5514,641,Hoodie Puma,79000
5515,416,Cap LouisVuitton,90000
5516,1101,Jeans LouisVuitton,61000
5517,1424,Jeans Adidas,99000
5518,1811,Backpack Adidas,16000
5519,1157,Backpack Adidas,65000
5520,88,Hoodie Adidas,42000
5521,1588,Backpack Gucci,90000
5522,1646,Jacket Adidas,57000
5523,307,TShirt Adidas,36000
5524,223,Sneakers Zara,31000
5525,1739,TShirt Nike,71000
5526,1378,Sneakers H&M,97000
5527,740,Backpack Gucci,60000
5528,323,Jeans Gucci,98000
5529,1339,Handbag Adidas,16000
5530,735,Backpack Adidas,59000
5531,302,Sneakers Gucci,70000
5532,1045,Jeans H&M,94000
5533,1646,Hoodie LouisVuitton,44000
5534,613,Handbag Nike,15000
5535,443,Jacket Zara,90000
5536,1588,Jeans H&M,62000
5537,379,TShirt Gucci,41000
5538,1494,Handbag Adidas,78000
5539,676,Backpack H&M,42000
5540,178,Jeans LouisVuitton,35000
5541,781,Hoodie Gucci,59000
5542,1809,Cap Uniqlo,68000
5543,96,Handbag Uniqlo,24000
5544,1039,Handbag Adidas,55000
5545,1130,Hoodie Uniqlo,86000
5546,200,Jeans Gucci,45000
5547,681,TShirt H&M,44000
5548,779,Jeans Nike,96000
5549,1372,Sneakers Zara,59000
5550,250,Handbag H&M,19000
5551,1399,Cap LouisVuitton,15000
5552,840,Jacket Uniqlo,78000
5553,60,Hoodie Puma,75000
5554,1241,Jacket Nike,97000
5555,1681,Backpack H&M,51000
5556,389,Handbag H&M,56000
5557,304,Jeans Nike,91000
5558,868,Hoodie Nike,53000
5559,1826,Handbag Adidas,13000
5560,1554,Handbag LouisVuitton,29000
5561,835,Sneakers LouisVuitton,95000
5562,220,TShirt Puma,38000
5563,1873,Sneakers Zara,25000
5564,1089,Jacket H&M,76000
5565,924,Cap LouisVuitton,30000
5566,1378,Handbag Adidas,91000
5567,455,Jeans Nike,40000
5568,1587,Cap Uniqlo,91000
5569,1781,Jacket Nike,68000
5570,1639,Jeans Zara,35000
5571,1132,Handbag Gucci,64000
5572,1222,Backpack H&M,50000
5573,1493,Backpack Nike,37000
5574,426,Cap Zara,83000
5575,457,Hoodie Puma,44000
5576,1917,Cap LouisVuitton,41000
5577,645,Jacket Uniqlo,52000
5578,604,TShirt Puma,57000
5579,742,Hoodie Zara,90000
5580,1063,Hoodie LouisVuitton,39000
5581,318,Sneakers H&M,19000
5582,670,Hoodie H&M,56000
5583,221,Cap Nike,55000
5584,884,Backpack Adidas,73000
5585,1799,Sneakers Adidas,44000
5586,288,Handbag Zara,48000
5587,180,Hoodie Gucci,20000
5588,1463,Backpack Zara,92000
5589,1643,Jacket Gucci,97000
5590,1955,Jacket LouisVuitton,33000
5591,437,Sneakers Nike,18000
5592,142,Cap Puma,92000
5593,512,Hoodie Zara,24000
5594,839,Sneakers Zara,93000
5595,1961,Jacket LouisVuitton,70000
5596,1163,TShirt Gucci,99000
5597,1760,Jacket Adidas,80000
5598,588,Jeans Uniqlo,80000
5599,167,Cap Gucci,20000
5600,430,TShirt Uniqlo,19000
5601,467,Hoodie LouisVuitton,40000
5602,1204,Sneakers H&M,36000
5603,1081,Sneakers LouisVuitton,18000
5604,599,Backpack Gucci,35000
5605,1873,Cap Adidas,24000
5606,1999,Jeans Nike,18000
5607,1926,TShirt H&M,94000
5608,1223,Handbag Adidas,46000
5609,132,Jacket Uniqlo,74000
5610,412,Handbag Uniqlo,50000
5611,1336,Cap LouisVuitton,79000
5612,142,Sneakers Gucci,41000
5613,3,Sneakers Gucci,71000
5614,1150,TShirt Nike,15000
5615,1639,Jacket Zara,42000
5616,1966,Jacket Zara,68000
5617,1192,Jacket Puma,54000
5618,1299,Cap Zara,36000
5619,1291,Jeans LouisVuitton,23000
5620,1782,Handbag H&M,87000
5621,1529,Sneakers Uniqlo,84000
5622,1150,Jacket Gucci,42000
5623,317,TShirt Gucci,92000
5624,470,Sneakers Uniqlo,60000
5625,769,Sneakers H&M,87000
5626,1453,TShirt Nike,44000
5627,1013,Handbag Gucci,56000
5628,641,Backpack Nike,54000
5629,1368,Sneakers Uniqlo,65000
5630,226,Jacket H&M,92000
5631,1068,Backpack Adidas,72000
5632,1493,Hoodie Uniqlo,10000
5633,309,TShirt Zara,24000
5634,14,TShirt Adidas,76000
5635,1050,Backpack Nike,63000
5636,1236,Cap Nike,95000
5637,658,Hoodie Gucci,99000
5638,48,TShirt Puma,94000
5639,1256,Cap Nike,65000
5640,941,Handbag Adidas,49000
5641,1176,Sneakers LouisVuitton,19000
5642,521,TShirt Zara,36000
5643,1103,Sneakers Zara,18000
5644,514,Jeans Adidas,50000
5645,1565,Cap LouisVuitton,10000
5646,1482,Backpack Uniqlo,61000
5647,1510,Backpack Uniqlo,14000
5648,147,Hoodie Puma,98000
5649,1868,Hoodie Zara,64000
5650,1027,Sneakers LouisVuitton,84000
5651,358,Jeans LouisVuitton,19000
5652,1041,Sneakers Nike,12000
5653,349,Jacket Puma,12000
5654,1237,Handbag Nike,13000
5655,233,Hoodie Adidas,74000
5656,123,Backpack LouisVuitton,49000
5657,887,Sneakers Gucci,25000
5658,16,Hoodie Uniqlo,30000
5659,582,Sneakers Zara,37000
5660,1667,Sneakers Uniqlo,18000
5661,196,Hoodie Puma,44000
5662,1685,TShirt Zara,15000
5663,741,TShirt H&M,79000
5664,1641,Backpack LouisVuitton,37000
5665,1564,Jacket Gucci,14000
5666,420,TShirt Zara,91000
5667,1328,TShirt H&M,62000
5668,1181,Sneakers Zara,76000
5669,1976,Handbag Gucci,37000
5670,878,Hoodie Zara,39000
5671,479,Backpack Adidas,87000
5672,1776,Jacket Uniqlo,27000
5673,1024,Sneakers Adidas,48000
5674,1554,Sneakers Nike,27000
5675,42,Sneakers Gucci,76000
5676,1555,Backpack H&M,19000
5677,1804,Jeans Zara,50000
5678,1747,Jeans Zara,78000
5679,153,Backpack Puma,36000
5680,854,Backpack LouisVuitton,98000
5681,869,Jacket Gucci,63000
5682,1152,TShirt Nike,10000
5683,742,Backpack Uniqlo,25000
5684,633,Handbag Gucci,82000
5685,1716,Jacket Puma,92000
5686,1129,Sneakers Gucci,99000
5687,1785,Sneakers Gucci,18000
5688,1037,Handbag Zara,44000
5689,353,TShirt Puma,59000
5690,1200,TShirt Nike,79000
5691,1947,TShirt H&M,64000
5692,1842,Handbag Gucci,98000
5693,437,Hoodie Gucci,74000
5694,1044,Sneakers H&M,48000
5695,1139,Jeans Uniqlo,24000
5696,1913,Hoodie Adidas,30000
5697,328,Handbag LouisVuitton,23000
5698,1399,Jeans Zara,41000
5699,826,Backpack Zara,10000
5700,51,Sneakers Puma,91000
5701,1618,Handbag LouisVuitton,57000
5702,1448,Handbag Nike,16000
5703,473,Handbag Zara,61000
5704,896,Cap Gucci,59000
5705,1916,Cap Puma,81000
5706,1960,Handbag LouisVuitton,52000
5707,1081,Hoodie Zara,24000
5708,672,Cap Nike,36000
5709,639,Handbag Uniqlo,92000
5710,520,Sneakers Gucci,88000
5711,161,Jacket H&M,25000
5712,1908,Jeans Adidas,11000
5713,915,Sneakers Zara,32000
5714,617,TShirt Uniqlo,47000
5715,683,TShirt Adidas,28000
5716,685,Handbag Adidas,60000
5717,289,Jeans Zara,52000
5718,442,Jeans Gucci,25000
5719,382,Jeans Adidas,50000
5720,426,TShirt H&M,57000
5721,672,Handbag Nike,48000
5722,844,Jacket LouisVuitton,91000
5723,868,Backpack Puma,33000
5724,909,Backpack Zara,61000
5725,1482,Cap LouisVuitton,15000
5726,1760,Jacket Gucci,89000
5727,149,Backpack Adidas,68000
5728,678,Jacket Adidas,29000
5729,808,Sneakers LouisVuitton,31000
5730,1238,Handbag Puma,95000
5731,1241,Sneakers Gucci,32000
5732,70,Jacket Gucci,62000
5733,1793,Sneakers Puma,27000
5734,879,Backpack Puma,85000
5735,425,Hoodie Zara,29000
5736,1676,TShirt LouisVuitton,84000
5737,541,Jacket Puma,41000
5738,1291,Sneakers Nike,37000
5739,1293,Handbag Uniqlo,93000
5740,234,Sneakers Adidas,68000
5741,1383,Backpack Adidas,74000
5742,1098,Cap Uniqlo,86000
5743,910,Hoodie Gucci,80000
5744,1520,Jeans Adidas,92000
5745,213,Handbag Zara,86000
5746,1022,TShirt Gucci,44000
5747,868,Sneakers Gucci,26000
5748,1694,Cap Adidas,33000
5749,1569,Backpack Uniqlo,81000
5750,887,Hoodie H&M,58000
5751,696,Handbag Nike,93000
5752,533,Cap Adidas,37000
5753,228,Jacket Adidas,13000
5754,1941,Jeans LouisVuitton,19000
5755,1154,Cap Gucci,61000
5756,149,Handbag LouisVuitton,78000
5757,1252,Sneakers LouisVuitton,89000
5758,168,Cap Gucci,88000
5759,1644,Jeans Nike,60000
5760,1152,Sneakers Adidas,25000
5761,780,TShirt H&M,73000
5762,1874,Jeans Gucci,14000
5763,380,Sneakers Zara,24000
5764,53,Cap Adidas,66000
5765,1748,Jeans Adidas,37000
5766,1026,Jacket Uniqlo,75000
5767,797,Sneakers Adidas,76000
5768,1333,Jacket Uniqlo,91000
5769,195,Hoodie Uniqlo,86000
5770,1594,TShirt Nike,92000
5771,405,Backpack H&M,68000
5772,1312,Jacket Adidas,49000
5773,195,Cap Adidas,39000
5774,1241,Jeans Uniqlo,43000
5775,831,Hoodie Gucci,61000
5776,1431,Cap Zara,68000
5777,28,Cap Adidas,14000
5778,1312,Jacket Adidas,72000
5779,593,Jeans H&M,50000
5780,731,Hoodie Gucci,48000
5781,887,Jeans Gucci,91000
5782,1664,Hoodie Uniqlo,13000
5783,1878,Jacket Uniqlo,60000
5784,1308,Backpack LouisVuitton,47000
5785,204,Sneakers Puma,53000
5786,266,Handbag LouisVuitton,79000
5787,581,Cap Adidas,32000
5788,714,Hoodie Zara,60000
5789,595,Backpack Zara,35000
5790,653,TShirt Zara,36000
5791,215,Jeans Zara,17000
5792,1606,TShirt H&M,98000
5793,1157,Jeans Puma,91000
5794,1578,Backpack Gucci,89000
5795,1860,Hoodie Adidas,43000
5796,448,Backpack Zara,52000
5797,1227,Jeans Zara,26000
5798,1282,Cap Nike,22000
5799,85,Hoodie Zara,94000
5800,314,Handbag Uniqlo,33000
5801,1757,Hoodie LouisVuitton,29000
5802,1157,Handbag Puma,88000
5803,1666,Sneakers Adidas,90000
5804,1779,Jacket Puma,88000
5805,1060,Hoodie Zara,50000
5806,212,Sneakers Puma,96000
5807,1572,Jeans Adidas,55000
5808,1499,Backpack Zara,17000
5809,1191,Jeans Puma,23000
5810,815,Jeans LouisVuitton,27000
5811,1331,Backpack Nike,40000
5812,1909,Cap Puma,91000
5813,1201,Handbag LouisVuitton,17000
5814,502,TShirt Nike,29000
5815,73,Backpack H&M,72000
5816,1103,Jeans Zara,78000
5817,984,Backpack Nike,94000
5818,235,Backpack Gucci,93000
5819,348,Sneakers H&M,11000
5820,1371,Backpack Zara,90000
5821,1558,Sneakers Gucci,62000
5822,1502,Jacket H&M,52000
5823,871,Backpack Puma,32000
5824,1240,Backpack Uniqlo,54000
5825,1907,Jeans H&M,74000
5826,1055,Hoodie Gucci,13000
5827,80,Handbag Uniqlo,85000
5828,376,Cap Puma,49000
5829,1447,Backpack Zara,51000
5830,1150,Handbag Gucci,51000
5831,386,Jeans Zara,82000
5832,987,Cap H&M,59000
5833,796,Handbag Uniqlo,25000
5834,1789,TShirt LouisVuitton,66000
5835,355,TShirt Nike,24000
5836,1826,Jacket Nike,21000
5837,1833,TShirt LouisVuitton,72000
5838,1819,Sneakers Adidas,64000
5839,510,Sneakers Gucci,64000
5840,732,TShirt LouisVuitton,53000
5841,615,TShirt Nike,46000
5842,1578,Cap Puma,14000
5843,538,Jacket Gucci,65000
5844,1291,Cap Nike,87000
5845,1615,Jacket Puma,88000
5846,1641,Handbag LouisVuitton,53000
5847,688,Jacket Uniqlo,74000
5848,767,TShirt LouisVuitton,84000
5849,537,TShirt Adidas,37000
5850,777,Backpack Uniqlo,78000
5851,296,Hoodie H&M,93000
5852,1432,TShirt Gucci,85000
5853,605,Backpack Puma,51000
5854,540,Handbag Gucci,27000
5855,1307,Handbag Uniqlo,20000
5856,1687,Handbag Zara,90000
5857,1157,Jeans Gucci,44000
5858,1072,Jeans Uniqlo,99000
5859,1089,Hoodie H&M,35000
5860,1021,Jeans Puma,76000
5861,1496,Jacket Zara,19000
5862,455,Sneakers Puma,98000
5863,1667,Jacket LouisVuitton,56000
5864,1033,Backpack Puma,11000
5865,783,Backpack Nike,91000
5866,913,Backpack Nike,75000
5867,1705,Backpack LouisVuitton,81000
5868,877,TShirt Nike,55000
5869,1571,Jeans H&M,95000
5870,47,TShirt LouisVuitton,64000
5871,1612,Handbag H&M,97000
5872,1737,Jacket Puma,97000
5873,859,TShirt Uniqlo,12000
5874,1761,TShirt LouisVuitton,93000
5875,277,Backpack LouisVuitton,76000
5876,766,TShirt H&M,54000
5877,1298,Cap LouisVuitton,91000
5878,872,Jeans Puma,62000
5879,1499,Hoodie Gucci,15000
5880,219,TShirt Zara,72000
5881,1758,Jeans Adidas,14000
5882,484,Jacket Puma,34000
5883,472,Handbag Uniqlo,13000
5884,610,Hoodie Adidas,58000
5885,73,Sneakers Puma,21000
5886,166,Sneakers LouisVuitton,47000
5887,771,Jeans Adidas,39000
5888,1939,Backpack Uniqlo,70000
5889,411,Cap Gucci,72000
5890,1502,Hoodie Adidas,66000
5891,1686,Cap Puma,18000
5892,1966,Cap Adidas,28000
5893,957,TShirt LouisVuitton,35000
5894,508,Jeans Puma,52000
5895,873,Backpack Adidas,13000
5896,1428,Hoodie Zara,59000
5897,1958,TShirt Gucci,98000
5898,258,Hoodie Gucci,26000
5899,708,Cap H&M,17000
5900,1462,Cap LouisVuitton,46000
5901,1985,Jacket Gucci,32000
5902,207,Cap Uniqlo,74000
5903,1359,Jeans Uniqlo,57000
5904,3,TShirt Nike,88000
5905,292,Jeans H&M,54000
5906,325,Backpack Zara,37000
5907,1972,TShirt H&M,78000
5908,493,Cap Gucci,51000
5909,937,Backpack Adidas,72000
5910,932,Jeans LouisVuitton,35000
5911,571,Cap Adidas,56000
5912,1604,Backpack LouisVuitton,56000
5913,1800,Cap H&M,82000
5914,539,Handbag Adidas,59000
5915,1645,TShirt Gucci,79000
5916,888,Sneakers Gucci,36000
5917,441,Cap LouisVuitton,75000
5918,1692,Jacket Uniqlo,99000
5919,577,Hoodie Nike,17000
5920,91,Sneakers Puma,61000
5921,470,Jacket Puma,84000
5922,1416,Hoodie LouisVuitton,21000
5923,752,Handbag Puma,23000
5924,1531,Sneakers Puma,23000
5925,1718,Jeans Zara,30000
5926,1966,Jeans Zara,75000
5927,435,Backpack Puma,69000
5928,539,Jacket Nike,40000
5929,1954,Sneakers Zara,39000
5930,191,Jacket H&M,60000
5931,1683,Jeans Adidas,34000
5932,1658,Jeans Gucci,53000
5933,659,Handbag H&M,45000
5934,1164,Backpack Adidas,65000
5935,551,TShirt Gucci,61000
5936,697,Hoodie Adidas,47000
5937,1009,Backpack LouisVuitton,31000
5938,422,Jeans Nike,36000
5939,328,Hoodie Adidas,11000
5940,1593,Handbag Gucci,43000
5941,1013,Jeans Uniqlo,12000
5942,188,Sneakers Uniqlo,47000
5943,416,Cap Uniqlo,30000
5944,921,Jacket Gucci,81000
5945,230,Handbag LouisVuitton,52000
5946,1871,Hoodie Puma,10000
5947,1814,Jeans Zara,62000
5948,1323,Jeans Gucci,94000
5949,494,Jacket Nike,70000
5950,1088,Jeans Uniqlo,45000
5951,962,Jeans Puma,21000
5952,31,Cap LouisVuitton,65000
5953,1942,Cap LouisVuitton,33000
5954,15,TShirt Gucci,83000
5955,350,TShirt LouisVuitton,61000
5956,869,Hoodie Puma,79000
5957,1540,Backpack Nike,95000
5958,108,Hoodie Uniqlo,62000
5959,1954,Sneakers Adidas,39000
5960,1759,Cap Zara,32000
5961,1139,Jacket Gucci,96000
5962,1465,Jacket Uniqlo,90000
5963,790,Jeans H&M,69000
5964,1083,Hoodie Gucci,46000
5965,970,Handbag Gucci,69000
5966,486,Handbag H&M,89000
5967,1523,Cap Uniqlo,95000
5968,188,Handbag Adidas,28000
5969,995,Cap Gucci,86000
5970,1027,Backpack Nike,95000
5971,1249,Cap Nike,36000
5972,481,Sneakers Nike,49000
5973,309,Handbag Adidas,59000
5974,32,Hoodie H&M,47000
5975,265,Jacket LouisVuitton,19000
5976,715,Jeans Uniqlo,16000
5977,1193,TShirt Gucci,11000
5978,1023,TShirt Gucci,91000
5979,1075,Cap Gucci,86000
5980,27,Cap Zara,51000
5981,1480,Hoodie H&M,27000
5982,1663,TShirt H&M,90000
5983,1016,Jacket LouisVuitton,89000
5984,1184,Cap Gucci,43000
5985,1049,Jeans Zara,23000
5986,1426,Hoodie Puma,81000
5987,593,Jeans Adidas,87000
5988,1948,Cap H&M,59000
5989,919,Jeans Puma,47000
5990,1527,Jeans Nike,69000
5991,1541,Jacket Adidas,53000
5992,1247,Cap Puma,39000
5993,1000,Cap Puma,88000
5994,1200,Jeans Uniqlo,41000
5995,542,Jeans LouisVuitton,89000
5996,281,TShirt Adidas,34000
5997,486,Jacket Zara,15000
5998,1724,TShirt Zara,23000
5999,1011,Jeans Adidas,92000
6000,1307,Hoodie Adidas,35000
6001,633,Cap Nike,26000
6002,1036,TShirt Puma,36000
6003,942,Sneakers Zara,47000
6004,262,Sneakers Nike,69000
6005,74,Backpack Zara,28000
6006,1809,Cap Adidas,32000
6007,471,Jacket LouisVuitton,93000
6008,169,TShirt Adidas,22000
6009,32,Jeans Gucci,84000
6010,11,Backpack Nike,25000
6011,1189,TShirt Uniqlo,62000
6012,262,Jeans Puma,86000
6013,438,Hoodie Puma,81000
6014,411,Sneakers Nike,55000
6015,1075,Handbag Zara,49000
6016,1085,TShirt Puma,87000
6017,1906,TShirt Adidas,93000
6018,1986,Hoodie Adidas,74000
6019,264,Jacket LouisVuitton,54000
6020,943,Hoodie Uniqlo,97000
6021,1598,Jacket H&M,43000
6022,574,Hoodie LouisVuitton,71000
6023,1853,Jeans Nike,98000
6024,267,Hoodie Nike,48000
6025,898,Jeans H&M,49000
6026,1922,Jeans Adidas,40000
6027,74,Cap LouisVuitton,43000
6028,1763,TShirt LouisVuitton,91000
6029,998,Jeans Adidas,84000
6030,158,Backpack Adidas,74000
6031,664,Jacket Gucci,22000
6032,1815,Jacket Gucci,11000
6033,628,Cap Zara,18000
6034,1954,Cap Uniqlo,90000
6035,783,Cap Nike,33000
6036,119,TShirt LouisVuitton,50000
6037,1235,Cap Gucci,31000
6038,319,Handbag H&M,67000
6039,889,Hoodie LouisVuitton,77000
6040,388,Sneakers Uniqlo,47000
6041,1340,Hoodie Zara,56000
6042,1957,Jacket Zara,60000
6043,444,Jeans Nike,24000
6044,1375,Cap H&M,32000
6045,1896,Jacket Gucci,57000
6046,1396,Handbag Nike,29000
6047,1106,TShirt Puma,56000
6048,1239,Jacket H&M,60000
6049,1967,Hoodie Puma,41000
6050,686,Handbag H&M,53000
6051,1220,Hoodie Zara,53000
6052,222,Jeans Puma,17000
6053,1433,TShirt Uniqlo,46000
6054,642,Backpack Gucci,60000
6055,1785,Jeans Gucci,51000
6056,228,Jeans Adidas,28000
6057,1632,Sneakers LouisVuitton,60000
6058,1314,Hoodie LouisVuitton,18000
6059,1899,Jacket Uniqlo,80000
6060,1994,Cap LouisVuitton,72000
6061,923,Sneakers H&M,98000
6062,1485,TShirt Puma,69000
6063,1666,Sneakers Zara,98000
6064,959,Cap Gucci,91000
6065,1107,Jeans Adidas,39000
6066,1525,TShirt Zara,22000
6067,645,Jeans Gucci,11000
6068,245,Cap Uniqlo,60000
6069,1617,Jacket Adidas,96000
6070,745,Cap Nike,33000
6071,1871,Jeans Zara,34000
6072,844,Hoodie Gucci,62000
6073,1341,Sneakers Zara,49000
6074,714,Cap Nike,93000
6075,759,Jacket Gucci,41000
6076,884,Backpack H&M,20000
6077,1551,Jacket Puma,63000
6078,793,TShirt Puma,29000
6079,406,Handbag Gucci,51000
6080,1342,Backpack LouisVuitton,44000
6081,1008,Jacket Puma,90000
6082,1751,Jeans Gucci,59000
6083,1364,Jeans Uniqlo,44000
6084,794,Hoodie Uniqlo,76000
6085,1257,Backpack Puma,27000
6086,1906,Cap Puma,87000
6087,858,TShirt LouisVuitton,45000
6088,1722,Hoodie Puma,86000
6089,306,Jeans Uniqlo,12000
6090,1838,Sneakers Zara,47000
6091,1232,Jacket Zara,23000
6092,1837,Jacket Uniqlo,17000
6093,868,TShirt Nike,62000
6094,505,TShirt Zara,75000
6095,432,Cap Uniqlo,33000
6096,52,Cap Puma,28000
6097,1303,TShirt Adidas,66000
6098,532,Jeans Nike,73000
6099,592,Jeans Adidas,18000
6100,639,Sneakers LouisVuitton,98000
6101,1507,Jeans Puma,58000
6102,751,Jacket Puma,25000
6103,1946,Hoodie H&M,41000
6104,1359,TShirt Adidas,83000
6105,1585,Backpack LouisVuitton,22000
6106,380,Hoodie Zara,23000
6107,1367,Backpack Nike,23000
6108,1525,Jeans Gucci,43000
6109,1018,Hoodie Nike,95000
6110,1227,Jacket LouisVuitton,56000
6111,1870,Sneakers Gucci,37000
6112,81,Hoodie Nike,46000
6113,1878,Handbag LouisVuitton,16000
6114,140,TShirt Zara,17000
6115,105,Handbag Puma,67000
6116,1587,Handbag Gucci,37000
6117,798,Hoodie Adidas,71000
6118,1663,Jeans H&M,46000
6119,911,Backpack Gucci,56000
6120,1564,Hoodie Gucci,93000
6121,1194,Backpack Uniqlo,22000
6122,134,Sneakers Adidas,93000
6123,746,Jacket Gucci,65000
6124,1484,TShirt Nike,33000
6125,1202,Sneakers Nike,30000
6126,512,Backpack Gucci,39000
6127,290,Jeans Gucci,42000
6128,213,TShirt Puma,79000
6129,1599,Handbag H&M,42000
6130,431,Jeans Zara,57000
6131,1855,TShirt Uniqlo,20000
6132,1446,Handbag H&M,73000
6133,58,Sneakers Uniqlo,93000
6134,466,Handbag Nike,58000
6135,1978,Handbag LouisVuitton,53000
6136,1152,Handbag Uniqlo,89000
6137,1579,Handbag LouisVuitton,97000
6138,1515,Jacket Adidas,41000
6139,1563,Hoodie Uniqlo,55000
6140,1587,Jacket Gucci,70000
6141,1402,Handbag Nike,80000
6142,457,Jacket Uniqlo,44000
6143,1211,TShirt Nike,97000
6144,1120,Backpack Gucci,29000
6145,65,Backpack Nike,84000
6146,1181,Jeans LouisVuitton,43000
6147,978,Sneakers Puma,29000
6148,840,Jeans Puma,87000
6149,1431,Sneakers Zara,30000
6150,1369,Backpack H&M,86000
6151,1081,Jacket Puma,57000
6152,779,Hoodie Adidas,86000
6153,245,Handbag Puma,83000
6154,763,Handbag Nike,23000
6155,489,Backpack Uniqlo,73000
6156,905,Hoodie LouisVuitton,64000
6157,212,Jeans LouisVuitton,65000
6158,1285,Handbag Nike,99000
6159,1641,Backpack Zara,33000
6160,707,Backpack Zara,19000
6161,1804,Backpack Adidas,28000
6162,743,Handbag Zara,33000
6163,642,Hoodie Uniqlo,89000
6164,1289,Hoodie Puma,18000
6165,965,TShirt H&M,49000
6166,1522,TShirt Zara,91000
6167,974,Sneakers Zara,67000
6168,1165,Cap Adidas,53000
6169,1641,Jeans Uniqlo,17000
6170,294,TShirt Nike,83000
6171,276,Cap Zara,27000
6172,1949,Jacket Adidas,78000
6173,1919,TShirt Nike,82000
6174,1124,Sneakers Nike,12000
6175,1116,Jacket Nike,20000
6176,1436,Jeans Uniqlo,98000
6177,1264,TShirt Adidas,90000
6178,908,Jacket Uniqlo,51000
6179,1696,Cap Adidas,72000
6180,1849,Cap Adidas,37000
6181,1508,Handbag Uniqlo,36000
6182,382,Hoodie H&M,17000
6183,1960,Handbag Nike,22000
6184,694,Cap Gucci,36000
6185,1013,Cap Zara,58000
6186,1484,Jeans Gucci,35000
6187,748,Sneakers LouisVuitton,81000
6188,1473,Jeans H&M,57000
6189,971,Handbag Uniqlo,45000
6190,470,Backpack Uniqlo,83000
6191,1764,TShirt Zara,74000
6192,1037,TShirt Uniqlo,23000
6193,717,Hoodie Uniqlo,65000
6194,1036,Hoodie Zara,23000
6195,410,TShirt Zara,80000
6196,1369,Cap LouisVuitton,70000
6197,1573,Hoodie H&M,47000
6198,798,Handbag Adidas,31000
6199,1062,Sneakers Nike,24000
6200,166,Sneakers Nike,78000
6201,1419,Hoodie Gucci,97000
6202,1790,Jacket H&M,10000
6203,929,Backpack Zara,10000
6204,1124,Sneakers Zara,20000
6205,1240,Cap Puma,37000
6206,731,Backpack LouisVuitton,56000
6207,466,Cap H&M,12000
6208,1765,Jacket Uniqlo,95000
6209,1187,Jeans Gucci,79000
6210,1446,Jeans Gucci,16000
6211,1826,TShirt Puma,70000
6212,951,Sneakers LouisVuitton,84000
6213,1111,Jeans H&M,60000
6214,1249,TShirt Nike,34000
6215,106,Jacket H&M,42000
6216,573,Jacket Zara,66000
6217,1754,Cap H&M,17000
6218,1354,Backpack Uniqlo,49000
6219,211,Cap H&M,53000
6220,422,Hoodie Nike,96000
6221,550,Cap Adidas,10000
6222,627,Sneakers Uniqlo,18000
6223,740,Sneakers LouisVuitton,38000
6224,580,Jeans Nike,82000
6225,531,Cap Zara,70000
6226,1373,Handbag Adidas,26000
6227,615,TShirt LouisVuitton,69000
6228,389,Hoodie LouisVuitton,92000
6229,441,Cap H&M,11000
6230,1703,Hoodie Nike,27000
6231,243,Jacket Uniqlo,63000
6232,380,Cap Nike,34000
6233,1698,Jacket LouisVuitton,46000
6234,1362,Backpack Puma,70000
6235,306,Cap Adidas,72000
6236,296,Jacket Adidas,89000
6237,1173,Jacket H&M,12000
6238,95,Handbag H&M,65000
6239,844,Cap Zara,19000
6240,234,Jeans Nike,11000
6241,1483,Backpack Nike,89000
6242,1118,Cap Puma,37000
6243,249,Cap Adidas,26000
6244,1858,Hoodie Adidas,64000
6245,1965,Cap Nike,80000
6246,1439,Cap Adidas,99000
6247,1266,Handbag Zara,65000
6248,65,Handbag Uniqlo,56000
6249,755,Handbag Gucci,35000
6250,1060,Hoodie Zara,76000
6251,239,Sneakers Uniqlo,12000
6252,472,Jacket Nike,90000
6253,885,Hoodie Uniqlo,81000
6254,269,Handbag Adidas,92000
6255,665,Cap Puma,27000
6256,1623,Jacket Puma,37000
6257,861,Hoodie H&M,30000
6258,1242,Hoodie H&M,30000
6259,1688,Handbag Nike,92000
6260,1710,Handbag Uniqlo,92000
6261,562,TShirt H&M,16000
6262,1324,Jacket Uniqlo,10000
6263,309,Backpack Adidas,49000
6264,1582,Backpack Nike,60000
6265,1725,Handbag Puma,93000
6266,1698,Jacket Uniqlo,36000
6267,1768,Handbag Puma,48000
6268,600,Jeans Gucci,98000
6269,1527,Hoodie LouisVuitton,30000
6270,1567,Cap Gucci,82000
6271,107,Hoodie Zara,54000
6272,1051,Handbag LouisVuitton,36000
6273,1544,Handbag LouisVuitton,59000
6274,305,Hoodie LouisVuitton,55000
6275,20,TShirt Gucci,25000
6276,1753,Handbag H&M,95000
6277,1368,Handbag Adidas,28000
6278,1099,Jeans H&M,21000
6279,1934,Hoodie Zara,68000
6280,130,Cap Nike,94000
6281,385,Cap LouisVuitton,36000
6282,1963,Hoodie Uniqlo,91000
6283,1967,Sneakers Nike,49000
6284,166,Jeans Nike,73000
6285,1642,Backpack Gucci,12000
6286,1492,Sneakers LouisVuitton,89000
6287,1106,Cap Uniqlo,55000
6288,406,Handbag H&M,61000
6289,1148,Sneakers H&M,16000
6290,708,Jacket H&M,12000
6291,1789,TShirt Nike,94000
6292,1923,Handbag Zara,91000
6293,815,Hoodie LouisVuitton,66000
6294,301,TShirt Puma,25000
6295,1707,Backpack H&M,87000
6296,381,Jeans LouisVuitton,16000
6297,1965,Sneakers Adidas,45000
6298,1151,TShirt LouisVuitton,23000
6299,1411,Hoodie Gucci,84000
6300,980,Jeans H&M,48000
6301,861,Cap Adidas,92000
6302,539,Sneakers Uniqlo,86000
6303,190,Handbag Uniqlo,99000
6304,601,Handbag Nike,71000
6305,425,Backpack Uniqlo,41000
6306,1666,Handbag Uniqlo,72000
6307,292,Hoodie Nike,14000
6308,1981,Jeans Adidas,82000
6309,1880,TShirt Nike,43000
6310,1971,TShirt Uniqlo,60000
6311,462,Jeans LouisVuitton,29000
6312,1135,Hoodie Zara,47000
6313,419,Hoodie H&M,99000
6314,783,Sneakers Uniqlo,37000
6315,932,TShirt H&M,97000
6316,673,Cap Gucci,96000
6317,370,Backpack Adidas,85000
6318,774,Backpack Gucci,28000
6319,1375,Cap H&M,13000
6320,1219,Jacket H&M,87000
6321,223,Backpack H&M,31000
6322,986,Handbag Uniqlo,58000
6323,135,Cap Gucci,28000
6324,5,Hoodie Gucci,73000
6325,241,Jeans Puma,20000
6326,683,Backpack Adidas,83000
6327,1702,Handbag LouisVuitton,98000
6328,1016,Sneakers Uniqlo,33000
6329,17,Jeans Gucci,50000
6330,1833,Handbag H&M,44000
6331,1634,Cap Zara,33000
6332,61,Jeans Nike,38000
6333,1464,Sneakers H&M,27000
6334,373,Hoodie Puma,97000
6335,1734,Cap Uniqlo,48000
6336,1779,Sneakers H&M,38000
6337,654,Jeans Uniqlo,42000
6338,1054,Jeans Puma,54000
6339,1416,TShirt Zara,74000
6340,29,Cap LouisVuitton,19000
6341,1708,Sneakers Zara,24000
6342,1495,Backpack Nike,51000
6343,1683,Sneakers LouisVuitton,99000
6344,601,Backpack LouisVuitton,97000
6345,1145,Handbag Gucci,55000
6346,287,Jeans LouisVuitton,39000
6347,525,Sneakers Gucci,71000
6348,1064,Hoodie Gucci,81000
6349,783,TShirt Gucci,97000
6350,262,Sneakers Gucci,96000
6351,1985,TShirt Adidas,19000
6352,619,Jacket Adidas,34000
6353,231,Handbag Puma,58000
6354,541,Handbag Nike,79000
6355,1750,TShirt Adidas,79000
6356,595,Cap Nike,37000
6357,903,Backpack Uniqlo,19000
6358,502,Jacket Gucci,77000
6359,997,Backpack LouisVuitton,39000
6360,640,TShirt Puma,12000
6361,426,Jeans Puma,77000
6362,895,Hoodie LouisVuitton,93000
6363,1654,Hoodie LouisVuitton,57000
6364,946,Hoodie H&M,37000
6365,1160,Jeans Nike,68000
6366,842,Hoodie Puma,95000
6367,834,Backpack Nike,40000
6368,1626,TShirt LouisVuitton,78000
6369,504,Backpack Nike,80000
6370,568,Hoodie Gucci,22000
6371,1921,Jacket Zara,20000
6372,921,Handbag Uniqlo,58000
6373,1812,Handbag Adidas,92000
6374,200,Jacket H&M,64000
6375,1772,Jeans H&M,34000
6376,1071,Backpack LouisVuitton,42000
6377,1284,Sneakers Adidas,59000
6378,1739,Jeans Adidas,24000
6379,1563,Jeans LouisVuitton,12000
6380,60,Jeans H&M,87000
6381,209,Jacket H&M,48000
6382,1154,Sneakers Adidas,32000
6383,1623,Backpack Adidas,19000
6384,945,Backpack Nike,87000
6385,1731,Backpack Gucci,92000
6386,829,Jacket Adidas,68000
6387,1737,Jacket Puma,85000
6388,1038,TShirt Nike,38000
6389,1698,Backpack LouisVuitton,58000
6390,573,Jeans LouisVuitton,36000
6391,136,Backpack Gucci,85000
6392,708,Backpack Gucci,40000
6393,952,Backpack Uniqlo,30000
6394,626,Hoodie Puma,55000
6395,1662,TShirt Zara,37000
6396,1556,Jeans Gucci,98000
6397,1820,Hoodie Puma,58000
6398,1772,Jacket Puma,69000
6399,1314,Jacket Nike,60000
6400,478,Jacket Gucci,43000
6401,743,Handbag Uniqlo,12000
6402,285,Jacket Uniqlo,97000
6403,1262,Cap Gucci,36000
6404,1314,Backpack Zara,34000
6405,769,Backpack Uniqlo,38000
6406,1333,Handbag Zara,44000
6407,1002,Cap H&M,17000
6408,1025,Sneakers Uniqlo,55000
6409,852,TShirt Zara,32000
6410,1124,Handbag Puma,91000
6411,798,Cap Puma,33000
6412,364,TShirt Nike,17000
6413,1511,Cap Zara,95000
6414,1098,TShirt LouisVuitton,68000
6415,1906,Backpack H&M,28000
6416,1234,Handbag Nike,19000
6417,676,TShirt Puma,46000
6418,873,Jeans Gucci,14000
6419,1088,Sneakers Uniqlo,37000
6420,1477,Jacket Nike,83000
6421,1921,Backpack Zara,81000
6422,1776,Sneakers LouisVuitton,65000
6423,832,Sneakers Uniqlo,73000
6424,373,Backpack Zara,27000
6425,1081,Handbag H&M,72000
6426,433,Backpack Gucci,40000
6427,1803,Hoodie Puma,80000
6428,1315,Jacket Adidas,82000
6429,340,Handbag Puma,16000
6430,427,Handbag Puma,45000
6431,1240,Handbag Uniqlo,59000
6432,894,Handbag Gucci,92000
6433,666,Hoodie Zara,68000
6434,256,Handbag Uniqlo,56000
6435,96,Backpack Uniqlo,30000
6436,1368,Backpack Adidas,82000
6437,1635,Backpack Zara,21000
6438,255,Jacket Nike,31000
6439,1068,Handbag Zara,84000
6440,1696,Jeans Nike,47000
6441,1320,Cap Zara,53000
6442,297,Handbag Uniqlo,65000
6443,1189,Sneakers Uniqlo,93000
6444,1352,Jeans Uniqlo,68000
6445,898,Handbag Nike,26000
6446,1823,Handbag Adidas,82000
6447,1298,Hoodie LouisVuitton,62000
6448,1680,Hoodie Zara,35000
6449,809,Backpack Adidas,39000
6450,65,Hoodie Zara,27000
6451,604,Hoodie Gucci,69000
6452,1433,Handbag Nike,30000
6453,485,Handbag Adidas,59000
6454,800,Backpack Zara,59000
6455,717,Hoodie H&M,62000
6456,466,Handbag H&M,94000
6457,1840,Backpack Adidas,56000
6458,940,Backpack Uniqlo,23000
6459,572,Sneakers Nike,63000
6460,1837,Sneakers Zara,66000
6461,689,Jeans Puma,87000
6462,902,Sneakers Gucci,55000
6463,1777,Backpack LouisVuitton,28000
6464,1754,Hoodie Zara,12000
6465,1089,Cap H&M,77000
6466,1182,Handbag LouisVuitton,22000
6467,1494,Handbag Adidas,31000
6468,602,Backpack Adidas,87000
6469,217,TShirt H&M,88000
6470,1125,Backpack Uniqlo,66000
6471,899,TShirt Puma,22000
6472,1276,TShirt Gucci,99000
6473,1185,Hoodie Gucci,56000
6474,267,Cap Zara,99000
6475,1952,Backpack LouisVuitton,57000
6476,1170,Cap Uniqlo,12000
6477,545,Cap Zara,82000
6478,1937,Cap Adidas,41000
6479,1622,TShirt Gucci,81000
6480,1259,Sneakers Puma,22000
6481,994,Sneakers Nike,70000
6482,150,Hoodie H&M,58000
6483,349,Sneakers Uniqlo,10000
6484,1657,Handbag Adidas,66000
6485,77,Jeans Zara,52000
6486,477,Sneakers Adidas,69000
6487,1966,Cap LouisVuitton,43000
6488,1244,TShirt Gucci,97000
6489,59,Handbag Uniqlo,47000
6490,1269,Cap Gucci,41000
6491,1793,Cap LouisVuitton,88000
6492,677,Jeans H&M,25000
6493,882,Sneakers LouisVuitton,52000
6494,1758,Jacket Uniqlo,74000
6495,63,Cap Uniqlo,66000
6496,243,Jacket Gucci,76000
6497,381,Hoodie Zara,49000
6498,874,TShirt Uniqlo,72000
6499,49,Jacket Adidas,55000
6500,1880,Hoodie Zara,40000
6501,1475,Backpack Nike,90000
6502,1000,Jeans H&M,83000
6503,1518,Jacket Uniqlo,98000
6504,1492,Cap Gucci,44000
6505,478,TShirt Nike,64000
6506,1641,TShirt H&M,86000
6507,240,Jeans Zara,24000
6508,359,TShirt LouisVuitton,44000
6509,997,Handbag Gucci,84000
6510,1151,Jacket LouisVuitton,91000
6511,1630,Jeans LouisVuitton,54000
6512,1122,Sneakers LouisVuitton,20000
6513,1969,Handbag Uniqlo,12000
6514,264,TShirt Uniqlo,29000
6515,626,Backpack Adidas,51000
6516,6,TShirt Zara,61000
6517,378,Jeans Nike,55000
6518,1174,Jacket Gucci,26000
6519,756,Sneakers Nike,77000
6520,723,Handbag Uniqlo,43000
6521,186,TShirt LouisVuitton,32000
6522,777,Handbag Zara,61000
6523,1723,Backpack Puma,72000
6524,953,Hoodie LouisVuitton,74000
6525,440,Backpack Puma,64000
6526,114,Hoodie Zara,93000
6527,66,Handbag LouisVuitton,56000
6528,1241,Jacket Zara,70000
6529,269,Sneakers Uniqlo,55000
6530,1169,Jacket LouisVuitton,37000
6531,496,Hoodie Adidas,10000
6532,1043,Backpack H&M,32000
6533,498,Backpack Adidas,26000
6534,407,Handbag Adidas,61000
6535,910,Hoodie Gucci,89000
6536,409,Handbag LouisVuitton,79000
6537,1631,Sneakers H&M,81000
6538,1908,Sneakers Zara,58000
6539,596,Backpack Adidas,13000
6540,553,Handbag Puma,40000
6541,493,Sneakers LouisVuitton,51000
6542,1785,TShirt H&M,48000
6543,1163,TShirt Uniqlo,16000
6544,342,Hoodie LouisVuitton,93000
6545,963,Jacket H&M,96000
6546,678,Jacket Gucci,79000
6547,1083,Cap Zara,65000
6548,943,Handbag Gucci,60000
6549,924,Jeans LouisVuitton,30000
6550,1836,Handbag H&M,97000
6551,830,Sneakers H&M,95000
6552,1013,Backpack Uniqlo,21000
6553,206,Handbag Adidas,82000
6554,810,Jeans Uniqlo,87000
6555,970,Cap H&M,41000
6556,1097,Jeans Gucci,74000
6557,1011,Cap Adidas,44000
6558,1635,Handbag Gucci,23000
6559,1801,Backpack Gucci,83000
6560,363,Handbag Zara,79000
6561,2,Jeans H&M,27000
6562,1686,Jacket Nike,28000
6563,1524,Hoodie Uniqlo,97000
6564,1355,Jacket Zara,71000
6565,1014,Cap Adidas,59000
6566,499,Handbag Puma,50000
6567,882,Cap Puma,11000
6568,1002,Hoodie Puma,91000
6569,693,Cap Zara,84000
6570,1532,Jacket Nike,15000
6571,173,Sneakers Uniqlo,73000
6572,568,Cap H&M,45000
6573,425,Cap Nike,99000
6574,752,Jeans Gucci,43000
6575,1661,Sneakers Nike,76000
6576,134,Jacket H&M,94000
6577,1515,TShirt Puma,81000
6578,1728,Cap Nike,22000
6579,1225,Jeans H&M,98000
6580,469,Cap Nike,54000
6581,1617,TShirt Zara,56000
6582,1966,Sneakers Adidas,73000
6583,1068,Cap Puma,46000
6584,1125,Cap LouisVuitton,92000
6585,742,TShirt Uniqlo,53000
6586,1624,Sneakers LouisVuitton,70000
6587,1709,Cap LouisVuitton,66000
6588,246,Hoodie Puma,16000
6589,1121,Jacket Puma,66000
6590,1920,Handbag Adidas,52000
6591,1141,Jacket LouisVuitton,69000
6592,297,Jacket Uniqlo,21000
6593,620,Cap Adidas,54000
6594,1558,Handbag LouisVuitton,52000
6595,1340,Sneakers LouisVuitton,15000
6596,1839,Cap Uniqlo,82000
6597,846,Sneakers Adidas,78000
6598,1979,Jacket Adidas,29000
6599,987,Handbag Uniqlo,55000
6600,311,Jacket Gucci,37000
6601,1488,Backpack Adidas,10000
6602,287,Jacket H&M,64000
6603,1242,Jacket LouisVuitton,97000
6604,1091,Sneakers Zara,81000
6605,203,TShirt Puma,65000
6606,835,Handbag Adidas,89000
6607,435,Sneakers Puma,10000
6608,771,Backpack Puma,52000
6609,326,Hoodie Adidas,60000
6610,263,Cap Zara,95000
6611,92,Cap H&M,31000
6612,1511,Cap Gucci,66000
6613,1004,Handbag Nike,11000
6614,1020,Jacket H&M,99000
6615,591,Backpack Gucci,75000
6616,1537,Backpack H&M,68000
6617,739,Jacket Adidas,10000
6618,834,TShirt Uniqlo,24000
6619,789,Handbag H&M,87000
6620,1519,TShirt Gucci,87000
6621,453,Handbag Nike,28000
6622,1546,Cap LouisVuitton,39000
6623,1733,Backpack Nike,96000
6624,196,TShirt Gucci,73000
6625,410,Handbag Adidas,98000
6626,724,Sneakers Puma,36000
6627,185,Cap Nike,15000
6628,1967,Sneakers Puma,41000
6629,890,Hoodie Zara,36000
6630,256,Jacket Puma,64000
6631,1272,TShirt Puma,65000
6632,1073,Handbag Nike,65000
6633,1535,Sneakers Uniqlo,14000
6634,1952,Sneakers Gucci,49000
6635,1116,Sneakers LouisVuitton,74000
6636,1963,Jacket Puma,29000
6637,1168,Backpack Uniqlo,27000
6638,195,Jeans H&M,63000
6639,477,Jeans Zara,21000
6640,44,Backpack H&M,32000
6641,487,Jeans H&M,66000
6642,1035,Jacket Puma,84000
6643,1603,Backpack H&M,62000
6644,374,Hoodie Zara,92000
6645,666,Handbag Gucci,58000
6646,1447,Backpack Nike,34000
6647,1383,Cap H&M,22000
6648,649,Backpack LouisVuitton,14000
6649,1508,TShirt H&M,65000
6650,1049,TShirt Nike,64000
6651,1409,Jeans Puma,53000
6652,117,Cap Puma,78000
6653,349,Jeans H&M,55000
6654,400,Backpack Gucci,88000
6655,570,Jacket Gucci,65000
6656,364,Jeans Nike,33000
6657,476,Cap LouisVuitton,72000
6658,1309,Handbag Nike,25000
6659,842,Handbag Adidas,26000
6660,700,Cap Adidas,23000
6661,571,Jeans Adidas,25000
6662,17,Jeans H&M,66000
6663,906,Backpack Zara,90000
6664,760,Jacket Adidas,79000
6665,211,TShirt H&M,59000
6666,1693,Backpack Zara,36000
6667,1251,Cap Puma,97000
6668,975,Handbag Adidas,99000
6669,410,Backpack LouisVuitton,98000
6670,1648,Backpack H&M,74000
6671,972,Handbag LouisVuitton,43000
6672,1474,Handbag H&M,58000
6673,1387,Hoodie Zara,96000
6674,923,Sneakers Uniqlo,34000
6675,1886,Handbag Uniqlo,50000
6676,257,TShirt LouisVuitton,50000
6677,558,Backpack Puma,34000
6678,1727,Handbag Puma,29000
6679,99,Hoodie Gucci,83000
6680,766,Backpack LouisVuitton,60000
6681,1354,Jeans Zara,81000
6682,668,Hoodie H&M,25000
6683,818,Backpack Nike,40000
6684,8,Jeans H&M,56000
6685,1033,Jeans Nike,61000
6686,19,Jeans H&M,80000
6687,387,Hoodie Gucci,24000
6688,591,Sneakers Uniqlo,36000
6689,307,Jeans Puma,48000
6690,1379,Jeans Uniqlo,50000
6691,912,Jacket Puma,55000
6692,1526,Hoodie Adidas,23000
6693,353,Backpack H&M,17000
6694,1327,TShirt H&M,69000
6695,337,Hoodie LouisVuitton,48000
6696,619,Handbag Zara,26000
6697,1611,TShirt Zara,56000
6698,406,Sneakers Zara,90000
6699,222,TShirt Uniqlo,85000
6700,208,Jeans Adidas,68000
6701,1625,Hoodie Nike,51000
6702,1705,Jeans Nike,33000
6703,1567,Sneakers Zara,37000
6704,1588,Jacket Nike,86000
6705,772,Backpack LouisVuitton,11000
6706,1143,Hoodie Gucci,28000
6707,1439,Hoodie Uniqlo,64000
6708,1817,Jeans Zara,33000
6709,453,Sneakers H&M,88000
6710,3,Sneakers Gucci,81000
6711,1283,Hoodie Adidas,43000
6712,1487,Jeans Gucci,37000
6713,1381,Hoodie Adidas,93000
6714,459,Hoodie LouisVuitton,36000
6715,1639,Hoodie Zara,55000
6716,263,Jacket Puma,80000
6717,122,Backpack Zara,14000
6718,1090,Sneakers Adidas,10000
6719,641,TShirt Gucci,83000
6720,1904,Handbag Puma,44000
6721,879,Jacket Adidas,13000
6722,1270,Jacket Puma,28000
6723,1562,Jacket Adidas,60000
6724,92,Cap Uniqlo,12000
6725,363,TShirt Uniqlo,81000
6726,1961,Hoodie Puma,54000
6727,859,Jeans Adidas,88000
6728,10,Jeans LouisVuitton,14000
6729,1415,Jeans Zara,73000
6730,108,Jacket Uniqlo,34000
6731,477,Jacket Puma,37000
6732,13,TShirt Puma,26000
6733,684,TShirt Adidas,69000
6734,1262,Backpack Nike,96000
6735,183,TShirt Gucci,86000
6736,19,Jeans Puma,13000
6737,770,Hoodie H&M,24000
6738,1120,Handbag Puma,49000
6739,1283,Jacket LouisVuitton,43000
6740,1389,Handbag Gucci,73000
6741,1170,TShirt Gucci,18000
6742,1235,Backpack Zara,15000
6743,937,TShirt Nike,61000
6744,397,Cap Uniqlo,98000
6745,1411,Jeans Uniqlo,58000
6746,7,Cap H&M,11000
6747,1680,Jeans Uniqlo,30000
6748,450,Handbag Nike,34000
6749,432,Backpack Gucci,11000
6750,269,Sneakers Puma,39000
6751,19,Backpack Gucci,55000
6752,1245,Handbag LouisVuitton,74000
6753,1631,Hoodie Puma,25000
6754,1221,TShirt Adidas,46000
6755,153,Jacket Gucci,67000
6756,62,Sneakers Gucci,61000
6757,202,Hoodie Nike,63000
6758,1504,Jeans Adidas,79000
6759,427,Handbag Gucci,40000
6760,503,Jeans Gucci,83000
6761,456,Sneakers H&M,15000
6762,622,Sneakers Puma,41000
6763,1665,TShirt Adidas,38000
6764,406,Handbag Gucci,96000
6765,500,TShirt Nike,76000
6766,1696,Sneakers Nike,97000
6767,228,Cap Adidas,43000
6768,78,Jeans Zara,62000
6769,996,Hoodie LouisVuitton,84000
6770,1990,Cap Uniqlo,19000
6771,892,Sneakers Adidas,89000
6772,1438,Backpack Puma,72000
6773,1779,Handbag Puma,41000
6774,1424,Jeans H&M,84000
6775,1266,Cap Uniqlo,26000
6776,103,TShirt Puma,50000
6777,151,Jacket Gucci,29000
6778,1696,Hoodie Adidas,23000
6779,798,Jacket Zara,76000
6780,1674,Sneakers Nike,82000
6781,1657,Cap Nike,55000
6782,1446,TShirt Nike,59000
6783,954,Sneakers Adidas,71000
6784,1462,Cap Gucci,62000
6785,1571,Hoodie Gucci,55000
6786,177,Backpack Nike,90000
6787,748,Hoodie H&M,75000
6788,285,TShirt H&M,13000
6789,749,Cap LouisVuitton,31000
6790,1924,Handbag Nike,75000
6791,1215,Cap LouisVuitton,19000
6792,1503,TShirt Nike,92000
6793,878,Sneakers Uniqlo,46000
6794,1917,Jacket Zara,80000
6795,329,Handbag Nike,87000
6796,1164,Jeans Nike,86000
6797,1536,TShirt Puma,43000
6798,142,TShirt Zara,85000
6799,757,Jeans Gucci,76000
6800,262,Jacket Zara,94000
6801,1067,Handbag Zara,18000
6802,1176,Cap H&M,27000
6803,346,Jacket Puma,81000
6804,539,Jacket H&M,87000
6805,1768,Hoodie Uniqlo,35000
6806,410,TShirt Adidas,75000
6807,16,Backpack H&M,11000
6808,926,Cap Uniqlo,85000
6809,47,Jacket Nike,33000
6810,453,Hoodie Gucci,56000
6811,817,Jacket H&M,99000
6812,910,Sneakers Puma,31000
6813,424,Jacket Uniqlo,87000
6814,202,TShirt LouisVuitton,10000
6815,485,Handbag Uniqlo,18000
6816,1756,Hoodie Uniqlo,30000
6817,1196,Cap Nike,71000
6818,473,Handbag Gucci,12000
6819,276,Backpack H&M,54000
6820,297,Backpack Uniqlo,96000
6821,1844,TShirt Gucci,30000
6822,1427,TShirt Gucci,62000
6823,487,TShirt H&M,13000
6824,4,Handbag Adidas,48000
6825,648,TShirt Zara,89000
6826,1848,TShirt Uniqlo,76000
6827,294,Cap Zara,51000
6828,751,Hoodie Adidas,33000
6829,321,TShirt LouisVuitton,34000
6830,1593,TShirt H&M,50000
6831,1098,Hoodie Nike,78000
6832,1882,Sneakers Puma,26000
6833,1222,Handbag LouisVuitton,85000
6834,1190,Sneakers Adidas,55000
6835,252,Jeans Uniqlo,77000
6836,421,Backpack Gucci,49000
6837,258,Jacket Uniqlo,53000
6838,1856,Hoodie LouisVuitton,99000
6839,627,Cap Puma,13000
6840,1585,Jacket Uniqlo,12000
6841,859,Jeans Gucci,70000
6842,87,Handbag Gucci,61000
6843,280,Hoodie LouisVuitton,44000
6844,399,TShirt Puma,62000
6845,203,TShirt Gucci,96000
6846,1083,Hoodie Uniqlo,71000
6847,1125,Sneakers Zara,91000
6848,959,TShirt Uniqlo,69000
6849,298,Sneakers Uniqlo,12000
6850,766,Cap Puma,87000
6851,1744,Hoodie Nike,40000
6852,305,Handbag H&M,12000
6853,1632,Cap Nike,95000
6854,688,Cap H&M,73000
6855,756,Sneakers Puma,13000
6856,214,Handbag Nike,32000
6857,1831,Hoodie Puma,49000
6858,848,Handbag Adidas,44000
6859,359,Jacket Nike,99000
6860,1710,Hoodie Gucci,59000
6861,662,Jeans Puma,10000
6862,881,Sneakers Puma,86000
6863,1604,Backpack Zara,37000
6864,1403,Jeans Zara,57000
6865,1782,Hoodie Nike,52000
6866,1265,Backpack Zara,36000
6867,1202,Cap Puma,84000
6868,1003,Jeans Nike,33000
6869,1568,Handbag Gucci,20000
6870,642,Backpack Zara,89000
6871,1690,Cap H&M,46000
6872,593,Sneakers LouisVuitton,41000
6873,1468,Jeans Zara,21000
6874,1621,TShirt Adidas,44000
6875,1428,Backpack H&M,13000
6876,1629,Cap LouisVuitton,12000
6877,1234,Jeans Puma,75000
6878,409,Sneakers Adidas,96000
6879,73,Sneakers H&M,75000
6880,1278,Hoodie Nike,65000
6881,940,Backpack Uniqlo,54000
6882,1535,Cap Zara,62000
6883,1809,Cap Nike,10000
6884,1877,Cap LouisVuitton,24000
6885,945,Handbag LouisVuitton,35000
6886,584,Cap LouisVuitton,57000
6887,53,Cap Gucci,41000
6888,4,Jacket LouisVuitton,69000
6889,42,Jeans Gucci,39000
6890,261,Jeans LouisVuitton,73000
6891,1981,Sneakers Nike,78000
6892,1114,Hoodie Puma,11000
6893,1216,Cap H&M,61000
6894,69,Handbag Uniqlo,94000
6895,275,Handbag Zara,76000
6896,536,Handbag Uniqlo,72000
6897,10,Jeans Uniqlo,28000
6898,393,Hoodie Nike,78000
6899,1341,Backpack Adidas,29000
6900,1790,Jacket Uniqlo,91000
6901,1379,Jeans Puma,87000
6902,1202,Hoodie Adidas,32000
6903,1925,Handbag Adidas,42000
6904,590,Hoodie Zara,15000
6905,1793,Cap Nike,50000
6906,1040,Cap LouisVuitton,99000
6907,4,Hoodie Nike,87000
6908,1078,Hoodie H&M,82000
6909,1278,Sneakers Zara,27000
6910,483,Backpack LouisVuitton,99000
6911,1729,Sneakers Zara,78000
6912,1689,Jacket Gucci,42000
6913,210,Cap Adidas,62000
6914,1309,Jacket Adidas,82000
6915,934,Handbag Nike,53000
6916,982,Handbag Adidas,98000
6917,1350,Hoodie Uniqlo,47000
6918,302,TShirt LouisVuitton,65000
6919,1387,Cap Nike,72000
6920,1246,Hoodie Gucci,16000
6921,369,TShirt H&M,54000
6922,1734,Handbag Uniqlo,39000
6923,24,Cap Adidas,85000
6924,1490,Jeans Gucci,69000
6925,1646,Cap Nike,72000
6926,1493,Jacket Puma,97000
6927,565,Handbag Nike,98000
6928,578,Hoodie Adidas,72000
6929,1683,Sneakers Zara,56000
6930,365,Jacket Adidas,10000
6931,1229,Jacket Nike,73000
6932,1150,Backpack Uniqlo,76000
6933,890,Backpack Nike,20000
6934,1261,Backpack H&M,73000
6935,1637,Handbag Adidas,34000
6936,86,Handbag LouisVuitton,61000
6937,955,Backpack Puma,28000
6938,679,Cap Adidas,75000
6939,473,Handbag Zara,66000
6940,1613,Handbag Uniqlo,53000
6941,590,Hoodie Adidas,53000
6942,170,Jacket Zara,21000
6943,911,Sneakers Uniqlo,92000
6944,1217,Cap LouisVuitton,45000
6945,1437,Cap Nike,54000
6946,1815,Jacket Uniqlo,99000
6947,256,Sneakers LouisVuitton,70000
6948,1380,TShirt LouisVuitton,66000
6949,1775,Handbag Puma,54000
6950,1904,Jeans H&M,39000
6951,661,Jeans H&M,61000
6952,1798,Hoodie Adidas,10000
6953,830,Jeans Zara,93000
6954,1203,TShirt Adidas,54000
6955,327,Jeans Gucci,13000
6956,1863,Jacket Puma,16000
6957,1136,Hoodie Adidas,73000
6958,1746,Hoodie Uniqlo,94000
6959,605,TShirt Nike,12000
6960,744,Hoodie H&M,28000
6961,1952,Sneakers Uniqlo,61000
6962,1517,Hoodie LouisVuitton,56000
6963,705,Sneakers Zara,56000
6964,1113,Backpack Gucci,24000
6965,1094,TShirt Uniqlo,74000
6966,1125,TShirt Uniqlo,27000
6967,1930,Cap Gucci,19000
6968,396,Hoodie H&M,44000
6969,1785,Sneakers Zara,96000
6970,154,Handbag LouisVuitton,16000
6971,530,Jacket LouisVuitton,25000
6972,1760,Cap Puma,84000
6973,1379,Hoodie Gucci,84000
6974,1341,Jeans H&M,11000
6975,1712,Handbag Uniqlo,92000
6976,1382,Jeans Nike,56000
6977,109,Sneakers Gucci,85000
6978,1966,Sneakers H&M,97000
6979,446,Sneakers Adidas,74000
6980,606,Jacket LouisVuitton,99000
6981,669,Handbag Puma,21000
6982,1838,Backpack Nike,54000
6983,836,Sneakers Puma,35000
6984,1593,Hoodie Uniqlo,86000
6985,1694,Jeans H&M,36000
6986,45,Sneakers Puma,37000
6987,570,Backpack LouisVuitton,85000
6988,552,Backpack Nike,80000
6989,1960,Cap Uniqlo,61000
6990,1771,Jeans Adidas,39000
6991,57,Jeans H&M,22000
6992,1914,Handbag Adidas,93000
6993,1858,Handbag Nike,44000
6994,1658,Sneakers Puma,63000
6995,457,Handbag Zara,62000
6996,1010,Sneakers Adidas,92000
6997,1638,Sneakers Nike,41000
6998,474,Jeans LouisVuitton,10000
6999,1571,Handbag Zara,94000
7000,1134,Handbag Zara,14000
7001,1804,Cap Gucci,37000
7002,1162,Sneakers Puma,74000
7003,671,Hoodie Puma,59000
7004,1103,Jacket Nike,32000
7005,669,Handbag Puma,87000
7006,157,Cap Uniqlo,46000
7007,1318,Jeans Nike,38000
7008,1831,Jacket Gucci,70000
7009,33,Jeans LouisVuitton,67000
7010,545,Cap Uniqlo,41000
7011,1281,Jeans LouisVuitton,22000
7012,1364,Backpack Adidas,78000
7013,512,Cap Zara,27000
7014,1161,Handbag Uniqlo,36000
7015,791,Jacket H&M,78000
7016,1337,Backpack Zara,56000
7017,1891,Backpack Nike,44000
7018,595,TShirt Adidas,40000
7019,194,Backpack Puma,12000
7020,1045,Jeans H&M,66000
7021,691,Hoodie Uniqlo,99000
7022,497,Jacket H&M,60000
7023,1337,Handbag Adidas,85000
7024,618,Hoodie LouisVuitton,20000
7025,840,Jacket Gucci,44000
7026,868,Sneakers LouisVuitton,66000
7027,1126,Jacket Gucci,68000
7028,502,Sneakers Gucci,73000
7029,1931,Hoodie Nike,86000
7030,1643,TShirt Uniqlo,26000
7031,913,Jacket H&M,78000
7032,1500,Cap Nike,26000
7033,1619,Handbag Puma,36000
7034,1111,TShirt Uniqlo,36000
7035,705,Hoodie Adidas,35000
7036,731,Hoodie H&M,18000
7037,1275,Sneakers Puma,90000
7038,1161,Hoodie Adidas,18000
7039,977,Hoodie Zara,40000
7040,436,Sneakers Zara,83000
7041,1849,Cap H&M,79000
7042,897,TShirt Gucci,88000
7043,1448,Jacket Nike,48000
7044,567,Hoodie Adidas,86000
7045,439,TShirt Puma,65000
7046,336,Jeans Adidas,32000
7047,1247,Cap Uniqlo,77000
7048,1782,Jeans Adidas,12000
7049,573,TShirt LouisVuitton,29000
7050,358,TShirt Gucci,89000
7051,1502,Hoodie H&M,82000
7052,208,Handbag Puma,12000
7053,1315,TShirt Nike,76000
7054,932,Jeans H&M,82000
7055,1422,Jeans Adidas,29000
7056,1477,Sneakers Puma,14000
7057,659,Cap Puma,10000
7058,1482,Cap LouisVuitton,46000
7059,1928,Jacket H&M,36000
7060,1336,Cap Zara,36000
7061,116,Hoodie Nike,17000
7062,1720,TShirt LouisVuitton,40000
7063,291,Jacket Uniqlo,84000
7064,1319,Hoodie Adidas,42000
7065,143,Hoodie H&M,90000
7066,1216,Hoodie H&M,36000
7067,1560,Hoodie Puma,61000
7068,1459,Handbag Nike,93000
7069,1149,Jeans Adidas,99000
7070,322,Jeans LouisVuitton,17000
7071,1104,Hoodie Gucci,33000
7072,926,Sneakers LouisVuitton,26000
7073,1302,Handbag Zara,21000
7074,317,Jacket LouisVuitton,95000
7075,468,Handbag Uniqlo,68000
7076,1319,Jacket Uniqlo,96000
7077,290,Jacket Zara,76000
7078,1220,Jacket Puma,84000
7079,219,TShirt Nike,96000
7080,1231,TShirt Uniqlo,73000
7081,1035,Cap Uniqlo,92000
7082,1877,Sneakers LouisVuitton,65000
7083,1231,Backpack LouisVuitton,81000
7084,150,Hoodie Uniqlo,23000
7085,200,Hoodie Gucci,94000
7086,147,Sneakers Puma,55000
7087,120,Handbag H&M,53000
7088,142,Hoodie Adidas,36000
7089,1202,Cap Puma,61000
7090,428,Cap Puma,73000
7091,462,Handbag Nike,50000
7092,613,Handbag LouisVuitton,97000
7093,882,Handbag H&M,83000
7094,530,Backpack Puma,43000
7095,1353,Hoodie Adidas,65000
7096,1726,Cap Uniqlo,97000
7097,1920,Backpack H&M,83000
7098,1430,TShirt Adidas,26000
7099,259,Sneakers Adidas,72000
7100,1336,Jacket Gucci,60000
7101,1060,Sneakers Nike,23000
7102,1015,Sneakers LouisVuitton,68000
7103,148,Cap Uniqlo,60000
7104,1332,TShirt LouisVuitton,89000
7105,343,Jacket Nike,14000
7106,1446,Backpack Gucci,73000
7107,852,Jeans Puma,41000
7108,1363,Jeans Uniqlo,27000
7109,1938,Hoodie Nike,85000
7110,1156,TShirt H&M,25000
7111,588,Hoodie Uniqlo,80000
7112,820,Hoodie Nike,91000
7113,173,Jacket Gucci,78000
7114,593,Jeans Uniqlo,27000
7115,1764,Jacket Nike,84000
7116,1033,Cap Nike,89000
7117,257,Jeans Adidas,78000
7118,670,Cap Gucci,37000
7119,230,Jeans Uniqlo,74000
7120,1378,Jacket Puma,39000
7121,54,Jeans Gucci,46000
7122,1323,Hoodie Zara,84000
7123,280,Jeans LouisVuitton,99000
7124,1248,Cap Adidas,36000
7125,1620,TShirt Zara,22000
7126,1673,Jacket LouisVuitton,54000
7127,1572,Backpack Gucci,26000
7128,914,Backpack Uniqlo,92000
7129,116,Cap LouisVuitton,33000
7130,1592,Jacket Nike,57000
7131,1379,Cap Uniqlo,38000
7132,1866,Backpack LouisVuitton,40000
7133,1103,Sneakers Nike,23000
7134,1064,TShirt Gucci,59000
7135,1212,Jeans Zara,70000
7136,919,Jacket Gucci,19000
7137,701,Cap Puma,40000
7138,1195,Handbag LouisVuitton,69000
7139,1321,Sneakers LouisVuitton,23000
7140,363,Jeans Adidas,25000
7141,1447,Jeans Zara,41000
7142,1201,Sneakers H&M,17000
7143,1313,Cap H&M,49000
7144,503,Handbag Zara,14000
7145,757,TShirt Adidas,10000
7146,714,Handbag Gucci,74000
7147,350,Sneakers Nike,10000
7148,1401,Backpack Puma,23000
7149,751,TShirt LouisVuitton,16000
7150,1174,Sneakers Adidas,95000
7151,56,Hoodie Adidas,75000
7152,1411,Cap Puma,54000
7153,654,Handbag Zara,88000
7154,807,TShirt H&M,31000
7155,1399,Handbag Adidas,58000
7156,1942,Cap LouisVuitton,76000
7157,1755,Backpack Adidas,25000
7158,268,Jacket Zara,18000
7159,996,Backpack LouisVuitton,30000
7160,114,Backpack Puma,68000
7161,1262,Sneakers Nike,83000
7162,358,Backpack LouisVuitton,67000
7163,1911,Hoodie Nike,52000
7164,1864,Backpack Adidas,85000
7165,1807,Backpack Gucci,62000
7166,487,Cap Adidas,56000
7167,809,Jeans Nike,96000
7168,631,Jacket LouisVuitton,14000
7169,1800,Cap Puma,82000
7170,253,Backpack Nike,80000
7171,1314,Hoodie Puma,40000
7172,2000,Jacket Adidas,92000
7173,1232,Jacket LouisVuitton,82000
7174,1626,Cap Puma,11000
7175,1595,Jeans H&M,58000
7176,549,Handbag Zara,57000
7177,880,Backpack Gucci,66000
7178,1070,Jacket Puma,71000
7179,557,Jacket H&M,82000
7180,165,Sneakers Gucci,93000
7181,1921,TShirt Adidas,57000
7182,458,Jacket H&M,38000
7183,1327,Backpack Gucci,78000
7184,961,TShirt Gucci,42000
7185,923,Jacket Puma,30000
7186,1231,Jeans LouisVuitton,71000
7187,1515,Handbag H&M,96000
7188,234,Jacket Zara,31000
7189,790,Jacket H&M,97000
7190,587,TShirt Zara,12000
7191,1928,Jacket Nike,54000
7192,991,Jacket Puma,51000
7193,940,Backpack Adidas,19000
7194,2,Hoodie Adidas,58000
7195,1184,Handbag LouisVuitton,92000
7196,1682,Jeans Uniqlo,57000
7197,1460,Sneakers Zara,60000
7198,769,Sneakers Zara,46000
7199,778,Handbag Adidas,39000
7200,723,Jacket Zara,69000
7201,1863,Backpack H&M,52000
7202,1307,Cap H&M,63000
7203,1856,Backpack Gucci,29000
7204,1250,Hoodie Zara,89000
7205,1630,TShirt Puma,48000
7206,256,Handbag Nike,61000
7207,442,Backpack LouisVuitton,87000
7208,1776,Sneakers Zara,89000
7209,1888,Backpack Adidas,80000
7210,992,Sneakers LouisVuitton,27000
7211,544,Backpack LouisVuitton,97000
7212,1406,Handbag Adidas,46000
7213,88,Backpack H&M,50000
7214,1899,Jeans Zara,81000
7215,650,Handbag H&M,98000
7216,283,Sneakers H&M,57000
7217,1660,Backpack Uniqlo,17000
7218,1347,Handbag Adidas,80000
7219,1459,TShirt H&M,27000
7220,1529,Jacket LouisVuitton,71000
7221,934,Backpack Adidas,69000
7222,1800,Jeans Nike,53000
7223,384,Backpack Adidas,95000
7224,328,Sneakers LouisVuitton,90000
7225,766,Hoodie H&M,61000
7226,1689,Handbag Adidas,31000
7227,1965,Jeans Adidas,29000
7228,1657,Sneakers Adidas,93000
7229,1213,Hoodie Gucci,27000
7230,1320,Jacket Adidas,38000
7231,1856,Hoodie Puma,40000
7232,1563,Sneakers Zara,73000
7233,1834,Handbag Puma,73000
7234,198,Sneakers Gucci,43000
7235,1826,Handbag Uniqlo,71000
7236,1536,Backpack Zara,14000
7237,1760,Cap Adidas,54000
7238,98,Cap Puma,26000
7239,828,TShirt Zara,77000
7240,344,TShirt Nike,27000
7241,533,Jacket Nike,49000
7242,1806,Sneakers LouisVuitton,67000
7243,1575,Jeans Adidas,18000
7244,1651,Cap LouisVuitton,96000
7245,627,Backpack Zara,10000
7246,137,Jacket Zara,29000
7247,1434,Cap LouisVuitton,35000
7248,562,Sneakers Nike,41000
7249,818,TShirt Gucci,42000
7250,1700,Cap Uniqlo,89000
7251,879,Hoodie Nike,98000
7252,1798,Jeans Gucci,31000
7253,1610,TShirt LouisVuitton,35000
7254,1600,Handbag Uniqlo,34000
7255,606,Handbag Nike,40000
7256,718,Hoodie H&M,55000
7257,901,Backpack Puma,92000
7258,525,Backpack Uniqlo,68000
7259,1438,Handbag Zara,95000
7260,1740,Hoodie Uniqlo,16000
7261,298,Jacket Adidas,28000
7262,156,TShirt LouisVuitton,43000
7263,1130,TShirt Puma,46000
7264,1856,Cap LouisVuitton,85000
7265,594,TShirt Nike,67000
7266,845,Handbag Puma,33000
7267,361,Handbag H&M,57000
7268,1307,Jeans Gucci,47000
7269,390,Cap Uniqlo,31000
7270,1441,Sneakers Nike,22000
7271,916,Jeans Nike,34000
7272,1740,Jeans Adidas,34000
7273,542,Handbag LouisVuitton,31000
7274,120,Backpack H&M,24000
7275,1475,Jeans Uniqlo,26000
7276,565,Jeans Puma,51000
7277,722,Hoodie Zara,13000
7278,707,Sneakers Zara,83000
7279,1455,Sneakers Adidas,26000
7280,1189,Jacket Adidas,39000
7281,716,Sneakers Nike,30000
7282,1314,Sneakers Gucci,54000
7283,288,Jeans Uniqlo,51000
7284,958,TShirt Zara,44000
7285,1267,Backpack H&M,60000
7286,1717,Jacket H&M,48000
7287,1327,Handbag Uniqlo,18000
7288,1953,Cap H&M,87000
7289,1504,Sneakers Zara,79000
7290,942,Jeans Zara,62000
7291,660,Cap H&M,95000
7292,652,Backpack Adidas,65000
7293,1596,Backpack H&M,70000
7294,1180,Handbag Gucci,43000
7295,1257,Handbag H&M,93000
7296,1442,Jeans Zara,43000
7297,767,Backpack LouisVuitton,51000
7298,401,Jacket Gucci,76000
7299,1828,Handbag Nike,22000
7300,834,Handbag LouisVuitton,23000
7301,97,TShirt Puma,96000
7302,188,Backpack Zara,72000
7303,912,Jacket H&M,55000
7304,1468,Hoodie Zara,79000
7305,1132,TShirt Zara,32000
7306,863,Cap LouisVuitton,55000
7307,659,Hoodie Gucci,32000
7308,1747,Handbag Puma,64000
7309,1639,Cap Zara,94000
7310,1081,Jacket Puma,33000
7311,904,Jeans Gucci,20000
7312,1509,Jacket Adidas,70000
7313,203,Jacket Puma,90000
7314,732,Jeans LouisVuitton,78000
7315,1334,Hoodie Nike,39000
7316,868,Handbag Nike,49000
7317,704,Cap Gucci,76000
7318,1431,Backpack Nike,26000
7319,533,Handbag Nike,34000
7320,1007,Jacket Puma,69000
7321,1360,Jacket Gucci,27000
7322,91,Backpack Nike,37000
7323,1423,Cap Zara,55000
7324,1400,Jeans Nike,65000
7325,1442,Backpack Gucci,10000
7326,1337,Backpack H&M,47000
7327,28,Hoodie Nike,19000
7328,336,Handbag Zara,62000
7329,288,Sneakers Uniqlo,51000
7330,1121,Jeans Puma,75000
7331,1988,Backpack Zara,43000
7332,1845,Hoodie H&M,83000
7333,1537,Cap Nike,17000
7334,900,Sneakers Gucci,22000
7335,640,Jeans Uniqlo,72000
7336,89,Hoodie H&M,97000
7337,1518,Hoodie Puma,37000
7338,1378,Hoodie H&M,39000
7339,1832,Jacket Gucci,52000
7340,1661,Cap Adidas,49000
7341,527,Sneakers H&M,19000
7342,1468,Backpack Uniqlo,44000
7343,1125,Hoodie Adidas,88000
7344,913,Hoodie H&M,91000
7345,1166,Jacket Puma,97000
7346,706,Sneakers Puma,48000
7347,16,Jeans Puma,81000
7348,357,Cap LouisVuitton,78000
7349,1122,Jeans Puma,60000
7350,725,Cap Uniqlo,89000
7351,784,Handbag Zara,55000
7352,139,Cap Uniqlo,94000
7353,388,Cap LouisVuitton,92000
7354,1125,Sneakers H&M,72000
7355,1470,Hoodie Zara,16000
7356,1489,Jacket Zara,67000
7357,1901,Hoodie Uniqlo,59000
7358,1538,Backpack H&M,65000
7359,1236,TShirt Adidas,93000
7360,1658,Sneakers LouisVuitton,72000
7361,1269,Jacket LouisVuitton,76000
7362,574,Backpack LouisVuitton,95000
7363,152,Jeans Zara,37000
7364,565,Handbag Gucci,66000
7365,901,Sneakers Nike,18000
7366,184,Backpack Puma,67000
7367,997,Hoodie H&M,62000
7368,611,Jeans H&M,61000
7369,836,Handbag LouisVuitton,25000
7370,706,Jacket Adidas,52000
7371,1905,TShirt Zara,74000
7372,1029,TShirt Zara,44000
7373,348,Jacket Puma,69000
7374,1387,Backpack Puma,38000
7375,311,Jacket Adidas,36000
7376,1770,Backpack Uniqlo,37000
7377,806,Cap Uniqlo,86000
7378,533,Jeans Nike,89000
7379,1790,Cap Zara,82000
7380,1332,Cap Uniqlo,76000
7381,1096,Sneakers Uniqlo,66000
7382,1327,Cap Uniqlo,68000
7383,671,Cap LouisVuitton,42000
7384,1219,Sneakers Adidas,64000
7385,1101,Handbag Zara,94000
7386,1995,Jacket H&M,86000
7387,770,Handbag LouisVuitton,20000
7388,1143,Sneakers Uniqlo,54000
7389,221,Backpack H&M,36000
7390,760,Handbag Zara,60000
7391,128,Sneakers Zara,13000
7392,433,Backpack Puma,74000
7393,159,TShirt Adidas,66000
7394,1863,Sneakers Adidas,37000
7395,1457,Backpack Nike,91000
7396,1458,Hoodie Nike,17000
7397,1485,Sneakers Gucci,32000
7398,329,Jacket Zara,57000
7399,1518,Handbag LouisVuitton,80000
7400,1177,Cap H&M,89000
7401,1599,Jacket LouisVuitton,67000
7402,1326,Handbag Adidas,58000
7403,271,Cap Nike,45000
7404,216,TShirt LouisVuitton,62000
7405,734,Jeans LouisVuitton,12000
7406,1415,Jacket Uniqlo,54000
7407,1774,Sneakers Nike,93000
7408,815,Cap Zara,89000
7409,1442,Hoodie H&M,14000
7410,500,TShirt Adidas,73000
7411,545,Hoodie Adidas,36000
7412,1695,Hoodie Gucci,17000
7413,387,Jeans Adidas,58000
7414,1286,TShirt H&M,88000
7415,1330,Backpack Zara,60000
7416,1367,Hoodie Gucci,50000
7417,1931,Jacket Puma,76000
7418,733,TShirt Zara,28000
7419,1210,Cap LouisVuitton,60000
7420,457,Hoodie Gucci,83000
7421,401,Handbag Nike,14000
7422,378,Backpack Gucci,21000
7423,32,Sneakers Adidas,85000
7424,276,TShirt H&M,56000
7425,14,Hoodie H&M,46000
7426,1725,Backpack H&M,15000
7427,670,Sneakers Zara,17000
7428,507,Cap Adidas,63000
7429,554,Backpack Uniqlo,46000
7430,1047,Cap Uniqlo,37000
7431,1948,TShirt Nike,85000
7432,1052,Jeans H&M,89000
7433,1967,Hoodie Zara,13000
7434,1143,Sneakers Adidas,58000
7435,1554,Cap Zara,22000
7436,1576,TShirt Adidas,47000
7437,1796,Hoodie Zara,38000
7438,928,Cap LouisVuitton,85000
7439,808,Sneakers LouisVuitton,69000
7440,1249,Sneakers Adidas,99000
7441,675,Backpack H&M,26000
7442,816,Cap LouisVuitton,59000
7443,761,Backpack Puma,38000
7444,150,Backpack Puma,46000
7445,802,Sneakers Puma,57000
7446,474,Jeans Puma,64000
7447,362,Jeans Zara,16000
7448,456,Handbag Gucci,14000
7449,1980,Cap Zara,88000
7450,492,Hoodie Puma,74000
7451,631,Handbag Puma,18000
7452,1975,Backpack Zara,95000
7453,409,Jacket Puma,34000
7454,1913,TShirt Puma,33000
7455,870,Hoodie Nike,54000
7456,676,Sneakers Adidas,31000
7457,1953,Jeans Uniqlo,40000
7458,1215,Backpack Nike,35000
7459,1056,Jeans H&M,60000
7460,16,Handbag Gucci,54000
7461,556,Hoodie LouisVuitton,17000
7462,512,Hoodie LouisVuitton,17000
7463,398,Jeans LouisVuitton,67000
7464,715,Jeans LouisVuitton,94000
7465,1203,TShirt LouisVuitton,55000
7466,637,Cap H&M,56000
7467,1881,Jeans Puma,50000
7468,837,Sneakers Nike,68000
7469,1695,Cap Adidas,90000
7470,1029,Cap Gucci,74000
7471,856,Handbag LouisVuitton,15000
7472,1663,TShirt Puma,89000
7473,1064,Sneakers Nike,47000
7474,1353,Jeans Zara,63000
7475,1669,Hoodie H&M,32000
7476,1834,TShirt Nike,18000
7477,1414,Hoodie Uniqlo,77000
7478,1866,Backpack Gucci,77000
7479,1991,Sneakers Uniqlo,63000
7480,1333,Sneakers Adidas,51000
7481,243,Backpack Zara,96000
7482,1992,Jeans H&M,21000
7483,1576,TShirt Uniqlo,65000
7484,1490,Cap Puma,15000
7485,1990,Sneakers H&M,97000
7486,1956,Handbag Uniqlo,42000
7487,255,Sneakers H&M,37000
7488,1793,Jacket Zara,73000
7489,1080,TShirt LouisVuitton,21000
7490,46,Sneakers Uniqlo,44000
7491,646,Cap Zara,98000
7492,1538,Hoodie LouisVuitton,60000
7493,578,Jeans Uniqlo,98000
7494,1351,TShirt Gucci,14000
7495,1157,Jeans Adidas,35000
7496,550,Hoodie H&M,48000
7497,652,Handbag H&M,16000
7498,735,Jacket Nike,14000
7499,1044,TShirt H&M,80000
7500,1086,Handbag Gucci,55000
7501,1150,Sneakers Puma,70000
7502,1702,Cap Adidas,36000
7503,124,Handbag Nike,96000
7504,1194,Handbag Puma,66000
7505,1121,Jeans Gucci,28000
7506,1742,Sneakers H&M,96000
7507,469,Hoodie Puma,17000
7508,1002,Jacket LouisVuitton,76000
7509,127,Sneakers H&M,54000
7510,1286,Cap Adidas,78000
7511,632,Backpack Adidas,44000
7512,623,Backpack Uniqlo,44000
7513,1870,Hoodie LouisVuitton,41000
7514,448,Hoodie Zara,61000
7515,1213,Cap Gucci,93000
7516,377,Cap Uniqlo,78000
7517,935,Hoodie Adidas,96000
7518,972,Handbag H&M,38000
7519,1533,Backpack Nike,17000
7520,90,TShirt LouisVuitton,51000
7521,644,Sneakers LouisVuitton,49000
7522,1385,Jeans Gucci,41000
7523,641,Jacket Uniqlo,70000
7524,673,TShirt LouisVuitton,74000
7525,1676,Sneakers Adidas,80000
7526,729,Handbag Puma,50000
7527,720,Jeans Gucci,83000
7528,126,Sneakers Puma,51000
7529,1433,TShirt H&M,92000
7530,1261,Hoodie Gucci,45000
7531,1364,Handbag Adidas,13000
7532,868,Jacket Gucci,79000
7533,66,Backpack Nike,66000
7534,388,TShirt LouisVuitton,54000
7535,1636,Jacket H&M,87000
7536,1393,Jacket Uniqlo,75000
7537,1696,Jeans LouisVuitton,84000
7538,1599,Jeans Nike,62000
7539,250,Backpack Zara,94000
7540,1479,Hoodie Nike,48000
7541,1131,Sneakers Nike,25000
7542,1391,Jeans Puma,56000
7543,1406,Cap Adidas,38000
7544,357,Cap LouisVuitton,62000
7545,1629,TShirt H&M,98000
7546,1669,Jacket Uniqlo,47000
7547,199,Backpack H&M,77000
7548,877,Jacket Nike,81000
7549,541,Hoodie Adidas,67000
7550,1632,Cap Gucci,20000
7551,1824,Jacket Puma,69000
7552,1727,Hoodie Gucci,78000
7553,549,Jacket Zara,41000
7554,1377,Cap LouisVuitton,79000
7555,1088,TShirt H&M,67000
7556,348,Jacket Zara,64000
7557,571,Jacket Adidas,68000
7558,1993,Handbag Puma,86000
7559,784,Backpack LouisVuitton,56000
7560,51,Handbag Nike,56000
7561,1178,Hoodie Uniqlo,13000
7562,680,Jeans LouisVuitton,26000
7563,312,Handbag Puma,44000
7564,1814,Jacket Uniqlo,70000
7565,874,Backpack Gucci,69000
7566,1134,Jacket Adidas,64000
7567,913,Jeans LouisVuitton,98000
7568,789,Backpack Gucci,23000
7569,722,Backpack Uniqlo,24000
7570,29,Jacket Puma,94000
7571,740,Sneakers LouisVuitton,50000
7572,1584,Jeans Uniqlo,30000
7573,477,TShirt Gucci,70000
7574,1413,TShirt LouisVuitton,26000
7575,1944,Jeans Nike,84000
7576,1368,Jeans Gucci,15000
7577,1121,Cap Puma,62000
7578,38,Hoodie Gucci,36000
7579,838,Jeans Adidas,52000
7580,302,Handbag H&M,17000
7581,1176,Hoodie Uniqlo,18000
7582,800,Hoodie Zara,94000
7583,1943,Sneakers Adidas,96000
7584,1601,Cap Zara,51000
7585,329,Jeans Nike,21000
7586,1701,Jeans Nike,48000
7587,932,Jacket Zara,22000
7588,211,Jeans Uniqlo,60000
7589,1679,Jeans Zara,37000
7590,756,Jacket Zara,94000
7591,1924,Backpack Uniqlo,66000
7592,1140,Cap LouisVuitton,66000
7593,1024,Sneakers Nike,70000
7594,1023,Jeans LouisVuitton,52000
7595,1857,Handbag Nike,76000
7596,741,Jacket Gucci,49000
7597,918,Jeans Zara,63000
7598,1525,Cap H&M,50000
7599,1427,Cap Adidas,47000
7600,405,Backpack Adidas,21000
7601,794,Jacket Puma,43000
7602,552,Jacket Nike,64000
7603,1986,Handbag Puma,35000
7604,230,Sneakers Puma,43000
7605,930,Jeans Puma,68000
7606,1143,Hoodie Adidas,18000
7607,1718,Hoodie Nike,20000
7608,327,Hoodie LouisVuitton,14000
7609,1993,Jeans Adidas,39000
7610,259,Hoodie Nike,43000
7611,1001,Hoodie Nike,59000
7612,555,Handbag Gucci,19000
7613,1847,Sneakers Puma,84000
7614,1982,Cap Nike,40000
7615,1971,Jeans Nike,70000
7616,1680,Jacket Zara,10000
7617,1555,Cap LouisVuitton,90000
7618,1094,Sneakers Nike,52000
7619,44,Backpack Adidas,86000
7620,375,TShirt H&M,25000
7621,215,Handbag Puma,20000
7622,541,Cap Adidas,91000
7623,1405,Backpack Zara,40000
7624,1330,Hoodie Uniqlo,88000
7625,1995,Hoodie Zara,92000
7626,1987,Handbag Zara,48000
7627,494,Jeans Adidas,88000
7628,928,TShirt Nike,78000
7629,1912,TShirt Zara,89000
7630,425,Sneakers H&M,13000
7631,761,Cap Zara,15000
7632,914,Jeans Zara,32000
7633,1669,Jacket H&M,81000
7634,1199,Sneakers Zara,13000
7635,404,TShirt Zara,47000
7636,1608,Jacket Puma,85000
7637,845,Handbag LouisVuitton,15000
7638,1030,Jacket Puma,22000
7639,1737,Hoodie Gucci,50000
7640,83,Jeans Puma,37000
7641,454,Cap H&M,63000
7642,1694,Hoodie Gucci,96000
7643,1937,Backpack Nike,98000
7644,932,TShirt LouisVuitton,22000
7645,10,Backpack H&M,95000
7646,951,Cap Adidas,97000
7647,707,Backpack Puma,99000
7648,395,Hoodie H&M,76000
7649,1745,Handbag Uniqlo,70000
7650,1555,Jacket Zara,64000
7651,569,Hoodie Adidas,62000
7652,696,Handbag Puma,70000
7653,707,Handbag Uniqlo,38000
7654,514,Cap Uniqlo,13000
7655,43,TShirt H&M,32000
7656,1196,Sneakers Puma,79000
7657,1050,Hoodie Zara,22000
7658,1619,Sneakers Puma,67000
7659,1408,Jeans Puma,51000
7660,1271,Backpack H&M,70000
7661,93,Hoodie Puma,55000
7662,1721,Jeans Uniqlo,43000
7663,1939,Jeans Zara,50000
7664,1915,Jeans Uniqlo,71000
7665,550,Handbag Zara,18000
7666,1202,Cap Uniqlo,30000
7667,1755,Jeans LouisVuitton,45000
7668,1527,Jacket H&M,58000
7669,1371,Jeans Nike,40000
7670,1809,Cap Uniqlo,49000
7671,929,Sneakers LouisVuitton,81000
7672,1404,Sneakers LouisVuitton,61000
7673,135,Handbag Puma,11000
7674,1748,Cap Gucci,56000
7675,1837,Sneakers H&M,88000
7676,106,Cap H&M,25000
7677,82,TShirt LouisVuitton,73000
7678,797,Hoodie Puma,64000
7679,1592,Jacket Zara,82000
7680,978,TShirt Nike,13000
7681,1235,Sneakers Gucci,66000
7682,1869,Jeans Adidas,47000
7683,1306,TShirt Gucci,61000
7684,1221,Sneakers Zara,88000
7685,1269,TShirt H&M,70000
7686,179,Sneakers H&M,75000
7687,1772,Jeans Gucci,83000
7688,50,Jacket Puma,28000
7689,1358,TShirt Puma,22000
7690,656,Sneakers H&M,34000
7691,279,TShirt Adidas,16000
7692,859,Hoodie Uniqlo,57000
7693,1799,Jeans Puma,32000
7694,901,Jacket H&M,98000
7695,1826,Handbag H&M,72000
7696,1680,Handbag Adidas,43000
7697,474,Jacket Puma,17000
7698,978,Backpack Gucci,90000
7699,247,Sneakers Uniqlo,79000
7700,1506,Jeans Adidas,15000
7701,623,Cap LouisVuitton,60000
7702,248,Cap Adidas,56000
7703,189,Sneakers Adidas,96000
7704,960,Backpack H&M,22000
7705,1309,Jacket Puma,97000
7706,1863,Sneakers H&M,41000
7707,702,Jeans LouisVuitton,75000
7708,1516,Jacket LouisVuitton,85000
7709,62,Jeans Gucci,69000
7710,1664,Jeans H&M,96000
7711,1921,Cap Gucci,27000
7712,502,Sneakers Uniqlo,90000
7713,394,Hoodie Gucci,10000
7714,1459,Jacket H&M,78000
7715,1760,Cap Gucci,54000
7716,1470,Jacket LouisVuitton,96000
7717,1754,Handbag Nike,31000
7718,417,Sneakers LouisVuitton,91000
7719,755,Backpack H&M,79000
7720,37,Jacket Uniqlo,68000
7721,1862,Sneakers H&M,64000
7722,266,Hoodie Gucci,54000
7723,850,Jeans Nike,64000
7724,716,Hoodie Gucci,10000
7725,1382,Sneakers Adidas,35000
7726,558,Hoodie H&M,43000
7727,693,Jeans H&M,80000
7728,899,Sneakers Adidas,37000
7729,1300,Hoodie Adidas,19000
7730,223,Handbag Uniqlo,79000
7731,1511,Hoodie Adidas,81000
7732,58,Jacket Nike,49000
7733,1238,Backpack LouisVuitton,10000
7734,1836,Jeans Zara,50000
7735,653,Sneakers LouisVuitton,54000
7736,370,Cap Puma,70000
7737,1400,Cap LouisVuitton,81000
7738,1607,Jacket H&M,66000
7739,851,Jeans Puma,36000
7740,763,Cap LouisVuitton,57000
7741,639,Backpack Uniqlo,22000
7742,383,Cap Gucci,65000
7743,303,Cap H&M,56000
7744,1622,Backpack Uniqlo,69000
7745,1430,Hoodie Adidas,95000
7746,614,Jeans Nike,82000
7747,410,Handbag Zara,39000
7748,1236,Cap H&M,35000
7749,628,Backpack Zara,93000
7750,1115,Cap Puma,42000
7751,1053,Cap H&M,71000
7752,357,Sneakers Zara,18000
7753,386,Jacket Adidas,53000
7754,383,Jeans Puma,28000
7755,497,Hoodie Puma,62000
7756,1897,Sneakers Uniqlo,35000
7757,1961,Sneakers Puma,77000
7758,1316,Sneakers Nike,51000
7759,141,Backpack Uniqlo,38000
7760,1249,Cap Uniqlo,46000
7761,1857,Jacket Gucci,15000
7762,248,Hoodie Nike,12000
7763,1707,Sneakers Zara,94000
7764,430,Jeans Adidas,57000
7765,195,Cap Gucci,76000
7766,765,Jeans Zara,60000
7767,1507,Jacket Uniqlo,66000
7768,1935,Jeans Zara,40000
7769,902,Jeans Puma,42000
7770,1603,Cap Nike,60000
7771,1436,Sneakers Nike,91000
7772,886,Backpack Gucci,62000
7773,1461,Hoodie Zara,79000
7774,219,Jacket Gucci,58000
7775,225,Jeans Puma,84000
7776,211,Handbag Nike,91000
7777,1014,Cap Nike,45000
7778,1637,Backpack H&M,12000
7779,1577,Backpack H&M,44000
7780,1511,Hoodie Puma,51000
7781,1475,Handbag H&M,80000
7782,322,TShirt LouisVuitton,74000
7783,1037,Jacket Adidas,99000
7784,1121,TShirt Zara,48000
7785,1203,Jeans Zara,43000
7786,754,Sneakers LouisVuitton,41000
7787,981,Cap Adidas,25000
7788,419,TShirt H&M,79000
7789,1697,Jacket Gucci,40000
7790,1221,Handbag Nike,35000
7791,906,TShirt LouisVuitton,72000
7792,205,Sneakers Nike,43000
7793,467,Handbag LouisVuitton,10000
7794,1965,TShirt Nike,49000
7795,740,Hoodie Zara,68000
7796,1647,Handbag Nike,79000
7797,1780,Hoodie Puma,43000
7798,378,Cap H&M,93000
7799,956,Backpack Nike,53000
7800,1930,Sneakers Puma,82000
7801,1434,TShirt Uniqlo,79000
7802,1036,Backpack Puma,18000
7803,1066,Cap Puma,51000
7804,814,Hoodie Puma,57000
7805,942,Jacket Gucci,33000
7806,1555,TShirt Zara,99000
7807,1976,Hoodie H&M,22000
7808,397,Cap Zara,72000
7809,1034,Backpack Uniqlo,89000
7810,129,Backpack Nike,43000
7811,1580,Backpack LouisVuitton,32000
7812,230,Hoodie Puma,45000
7813,918,Jacket Puma,79000
7814,1173,Hoodie Puma,24000
7815,593,TShirt Zara,66000
7816,1930,TShirt Nike,46000
7817,601,Handbag H&M,38000
7818,1617,Hoodie LouisVuitton,51000
7819,829,Hoodie Uniqlo,90000
7820,649,Jacket Adidas,70000
7821,1005,Sneakers LouisVuitton,61000
7822,1844,Hoodie H&M,40000
7823,1371,Hoodie Zara,11000
7824,1012,Handbag Uniqlo,23000
7825,1210,TShirt Nike,59000
7826,687,Handbag Zara,97000
7827,530,Handbag LouisVuitton,37000
7828,1196,Backpack Adidas,80000
7829,1289,Handbag Puma,87000
7830,803,Hoodie Gucci,88000
7831,282,Backpack Gucci,53000
7832,1041,Jeans Nike,42000
7833,818,Handbag Uniqlo,85000
7834,577,Handbag Gucci,28000
7835,205,Hoodie Gucci,24000
7836,643,Cap H&M,75000
7837,1133,Hoodie H&M,55000
7838,232,Handbag Adidas,59000
7839,1747,Handbag Uniqlo,77000
7840,659,Cap Nike,63000
7841,1219,Backpack Zara,41000
7842,1081,Hoodie Adidas,18000
7843,660,Jeans Zara,13000
7844,369,Jacket Uniqlo,63000
7845,77,Jeans Adidas,34000
7846,1637,Jacket Adidas,38000
7847,105,Cap LouisVuitton,94000
7848,1615,Backpack Adidas,51000
7849,1747,Backpack Puma,19000
7850,396,Sneakers Nike,96000
7851,1978,Handbag Uniqlo,30000
7852,1404,Cap H&M,45000
7853,1662,Backpack LouisVuitton,58000
7854,847,Cap Zara,45000
7855,544,Backpack Zara,95000
7856,440,Jacket Zara,89000
7857,1973,Handbag Zara,79000
7858,1406,Jeans Uniqlo,68000
7859,1060,Jeans H&M,90000
7860,1718,Jacket Puma,52000
7861,1411,Jeans Nike,61000
7862,1993,Jeans LouisVuitton,90000
7863,813,TShirt Gucci,60000
7864,356,Jacket Puma,25000
7865,78,Sneakers LouisVuitton,92000
7866,1778,Handbag H&M,57000
7867,148,Jacket Zara,53000
7868,788,Jacket Zara,51000
7869,1984,Cap Adidas,28000
7870,1993,TShirt Uniqlo,79000
7871,1555,Handbag H&M,58000
7872,1109,Handbag Nike,10000
7873,593,Sneakers Uniqlo,84000
7874,510,Sneakers H&M,96000
7875,1136,TShirt Puma,39000
7876,169,Cap Nike,88000
7877,841,Sneakers Puma,35000
7878,497,Backpack H&M,73000
7879,150,Handbag Uniqlo,23000
7880,1280,Cap Gucci,97000
7881,1442,Handbag Uniqlo,91000
7882,148,TShirt LouisVuitton,31000
7883,507,Hoodie H&M,86000
7884,1227,TShirt Gucci,38000
7885,1779,Jacket LouisVuitton,16000
7886,1142,Handbag LouisVuitton,32000
7887,1754,Sneakers Puma,28000
7888,57,Cap H&M,86000
7889,837,Hoodie Adidas,89000
7890,537,Cap LouisVuitton,55000
7891,762,Sneakers Gucci,79000
7892,1692,Jeans LouisVuitton,52000
7893,625,Jacket Gucci,83000
7894,1820,Backpack Puma,94000
7895,436,Sneakers Adidas,37000
7896,404,Jeans Gucci,75000
7897,415,TShirt H&M,12000
7898,1760,TShirt Gucci,87000
7899,832,Jeans Nike,68000
7900,561,Jeans Zara,48000
7901,807,Jeans H&M,19000
7902,711,Jacket Puma,20000
7903,1751,Handbag Nike,18000
7904,1588,Backpack H&M,49000
7905,451,Handbag Puma,74000
7906,1551,Hoodie Zara,14000
7907,1921,Handbag Gucci,37000
7908,1934,Jeans Gucci,55000
7909,26,Jacket Uniqlo,49000
7910,506,Handbag Puma,61000
7911,1175,TShirt Gucci,50000
7912,638,Cap Gucci,78000
7913,501,Cap Nike,27000
7914,1432,Sneakers Gucci,58000
7915,337,Jacket Zara,49000
7916,486,Jeans LouisVuitton,18000
7917,1261,Backpack Puma,72000
7918,170,Jeans Uniqlo,24000
7919,681,Jacket Nike,99000
7920,1030,Backpack Zara,85000
7921,473,TShirt LouisVuitton,88000
7922,256,Backpack Puma,58000
7923,565,Handbag Puma,88000
7924,831,TShirt Gucci,15000
7925,1124,Jacket Gucci,54000
7926,1003,Hoodie Zara,73000
7927,1759,Handbag Nike,39000
7928,544,Jeans Gucci,94000
7929,1716,Jacket Zara,58000
7930,1307,Hoodie Uniqlo,81000
7931,1696,Jacket H&M,82000
7932,619,TShirt Uniqlo,73000
7933,1139,Hoodie H&M,67000
7934,1889,Sneakers Adidas,41000
7935,239,Hoodie Adidas,24000
7936,1296,TShirt H&M,91000
7937,409,Handbag Nike,44000
7938,445,TShirt LouisVuitton,71000
7939,438,Jacket LouisVuitton,46000
7940,719,Sneakers H&M,83000
7941,239,Jacket LouisVuitton,85000
7942,1903,Jeans Adidas,65000
7943,605,Cap Zara,77000
7944,1753,Hoodie Nike,71000
7945,1452,Sneakers Adidas,59000
7946,169,Backpack H&M,41000
7947,1260,Cap H&M,12000
7948,1711,Hoodie Gucci,39000
7949,1371,Handbag H&M,85000
7950,1291,Hoodie Puma,35000
7951,1755,TShirt Zara,17000
7952,1760,Jeans LouisVuitton,55000
7953,1362,Backpack Gucci,77000
7954,1540,Sneakers LouisVuitton,70000
7955,1461,Sneakers Zara,88000
7956,1118,Sneakers Puma,96000
7957,971,Sneakers Gucci,52000
7958,1207,TShirt Puma,92000
7959,1679,Jacket Nike,79000
7960,601,Jeans Nike,85000
7961,1422,Jeans Uniqlo,16000
7962,1442,Hoodie Zara,10000
7963,1253,Hoodie H&M,97000
7964,593,Jeans Gucci,29000
7965,659,Backpack Nike,39000
7966,647,Cap Gucci,87000
7967,1341,Sneakers H&M,45000
7968,1592,Cap LouisVuitton,88000
7969,1380,Backpack Uniqlo,62000
7970,1223,TShirt Uniqlo,82000
7971,432,Sneakers Uniqlo,21000
7972,1020,Sneakers Puma,63000
7973,392,Handbag Uniqlo,30000
7974,625,Hoodie Nike,63000
7975,407,Jeans LouisVuitton,38000
7976,1024,Cap Gucci,69000
7977,1161,Jeans Gucci,67000
7978,918,Sneakers LouisVuitton,97000
7979,283,Backpack Adidas,44000
7980,1571,Backpack Adidas,64000
7981,541,Sneakers Adidas,57000
7982,823,Jeans Uniqlo,56000
7983,1139,Handbag Uniqlo,89000
7984,566,Jacket Nike,64000
7985,63,Cap Nike,23000
7986,853,TShirt Zara,64000
7987,1129,Cap Adidas,60000
7988,1146,Sneakers Adidas,19000
7989,1671,TShirt Adidas,12000
7990,1727,TShirt Uniqlo,80000
7991,1188,TShirt H&M,16000
7992,1310,Jeans LouisVuitton,90000
7993,1036,Sneakers H&M,84000
7994,934,Jeans Adidas,95000
7995,1246,Hoodie Zara,54000
7996,1188,Jeans H&M,75000
7997,1000,TShirt LouisVuitton,44000
7998,1355,Jeans LouisVuitton,18000
7999,1950,Cap LouisVuitton,13000
8000,220,Sneakers H&M,54000
8001,84,Jacket Uniqlo,95000
8002,158,Jeans H&M,78000
8003,1886,Hoodie Puma,81000
8004,758,Sneakers H&M,22000
8005,326,Cap Gucci,21000
8006,175,Cap Nike,38000
8007,310,Jacket Nike,42000
8008,580,Jeans Uniqlo,43000
8009,985,Cap H&M,90000
8010,1920,Hoodie Nike,77000
8011,14,Jeans Uniqlo,42000
8012,36,Jeans LouisVuitton,29000
8013,1349,Cap Nike,31000
8014,1441,Sneakers Puma,58000
8015,1119,TShirt Zara,79000
8016,1433,Backpack Zara,88000
8017,1969,Handbag Puma,27000
8018,1538,Hoodie Adidas,63000
8019,1985,Jeans Nike,95000
8020,450,Backpack Nike,44000
8021,1031,Jeans Gucci,53000
8022,531,Jacket Nike,86000
8023,1997,Handbag Puma,31000
8024,1952,Handbag Adidas,17000
8025,1343,Hoodie Adidas,67000
8026,518,TShirt Adidas,66000
8027,1867,Hoodie Gucci,55000
8028,1812,Sneakers Puma,48000
8029,18,TShirt Zara,57000
8030,74,Handbag Gucci,83000
8031,1813,Handbag Gucci,80000
8032,813,Handbag Gucci,52000
8033,856,Jeans Zara,81000
8034,337,Handbag Gucci,32000
8035,1537,Handbag Adidas,29000
8036,77,Hoodie H&M,96000
8037,857,Sneakers H&M,87000
8038,778,Jeans Adidas,56000
8039,1609,Hoodie Gucci,65000
8040,612,Cap Adidas,64000
8041,350,Jeans Adidas,26000
8042,487,Cap Zara,90000
8043,358,Backpack Nike,21000
8044,946,Sneakers Adidas,65000
8045,1264,Jeans Nike,29000
8046,1799,Handbag Zara,44000
8047,1791,Hoodie Adidas,48000
8048,1400,Hoodie Gucci,18000
8049,631,Cap Uniqlo,94000
8050,859,Cap Nike,71000
8051,158,Jacket Adidas,77000
8052,311,Handbag Puma,46000
8053,28,Backpack Puma,98000
8054,948,TShirt Uniqlo,51000
8055,347,Jeans H&M,51000
8056,94,Sneakers LouisVuitton,13000
8057,918,TShirt LouisVuitton,40000
8058,51,Cap LouisVuitton,34000
8059,269,Cap LouisVuitton,95000
8060,1023,TShirt Uniqlo,55000
8061,192,Hoodie Puma,28000
8062,1254,Jeans LouisVuitton,88000
8063,271,Hoodie H&M,87000
8064,522,Handbag Uniqlo,96000
8065,272,Handbag Puma,73000
8066,1169,Sneakers Puma,56000
8067,680,Sneakers Gucci,15000
8068,1568,Hoodie Gucci,65000
8069,1104,Handbag Zara,85000
8070,1713,TShirt Uniqlo,20000
8071,737,TShirt LouisVuitton,10000
8072,1472,Backpack Zara,39000
8073,904,Handbag Adidas,77000
8074,1690,Cap Gucci,97000
8075,194,TShirt Zara,32000
8076,108,TShirt Zara,46000
8077,576,Handbag Puma,68000
8078,1929,Jeans Puma,87000
8079,1460,Handbag Adidas,14000
8080,436,Hoodie LouisVuitton,75000
8081,514,Hoodie Uniqlo,79000
8082,1633,Cap H&M,11000
8083,1296,Hoodie Puma,11000
8084,328,Cap Adidas,93000
8085,613,Jeans Puma,11000
8086,2,Backpack Puma,74000
8087,1517,Hoodie LouisVuitton,27000
8088,1225,Handbag Adidas,64000
8089,1698,Handbag H&M,32000
8090,492,Cap Puma,19000
8091,132,Sneakers Zara,44000
8092,168,Jeans Nike,65000
8093,658,Jacket Nike,75000
8094,63,Jacket LouisVuitton,92000
8095,1598,Jacket Zara,68000
8096,4,Cap Uniqlo,23000
8097,605,Backpack H&M,49000
8098,253,Cap Gucci,56000
8099,1796,Hoodie H&M,33000
8100,127,Cap Uniqlo,18000
8101,651,Handbag Puma,24000
8102,1301,Jeans Zara,23000
8103,829,Hoodie H&M,75000
8104,601,Backpack Nike,79000
8105,1734,TShirt Nike,94000
8106,1993,Hoodie Uniqlo,19000
8107,483,Jacket Adidas,40000
8108,1635,Jacket H&M,39000
8109,1253,TShirt Adidas,90000
8110,632,Jeans Gucci,36000
8111,1614,Handbag Puma,72000
8112,700,Jacket Zara,88000
8113,561,Handbag Adidas,67000
8114,324,Handbag Uniqlo,25000
8115,486,Jacket Gucci,99000
8116,870,Hoodie Zara,41000
8117,339,TShirt Uniqlo,45000
8118,156,Jacket Zara,60000
8119,1395,Handbag Gucci,58000
8120,1553,Jacket Adidas,36000
8121,1491,Handbag Adidas,77000
8122,593,Handbag Gucci,36000
8123,1823,Backpack Gucci,51000
8124,1709,Handbag LouisVuitton,33000
8125,1609,Cap Uniqlo,53000
8126,1076,TShirt Gucci,44000
8127,1746,Hoodie Nike,79000
8128,571,Cap H&M,17000
8129,686,Cap Nike,28000
8130,1238,Sneakers Gucci,99000
8131,4,Backpack Puma,72000
8132,1883,Jacket Puma,35000
8133,1003,TShirt Gucci,35000
8134,646,Sneakers Adidas,74000
8135,830,Backpack H&M,69000
8136,1327,Cap Uniqlo,45000
8137,233,Backpack Uniqlo,32000
8138,1109,Cap Nike,97000
8139,1128,Sneakers Adidas,22000
8140,1334,Handbag Uniqlo,88000
8141,1102,TShirt Gucci,20000
8142,1460,Backpack Zara,83000
8143,28,Handbag Uniqlo,11000
8144,1713,Cap Uniqlo,13000
8145,1413,Backpack H&M,45000
8146,1379,Backpack Puma,72000
8147,1712,Jacket Uniqlo,22000
8148,1408,Hoodie LouisVuitton,75000
8149,1813,Backpack Gucci,56000
8150,2,Jacket Adidas,72000
8151,990,Handbag Puma,39000
8152,1284,Hoodie Nike,90000
8153,488,Handbag H&M,31000
8154,883,Backpack Puma,49000
8155,1615,Handbag Uniqlo,95000
8156,382,Jacket Uniqlo,74000
8157,212,Hoodie Gucci,30000
8158,22,TShirt Uniqlo,57000
8159,970,Cap Nike,81000
8160,414,Hoodie H&M,59000
8161,180,Jacket H&M,18000
8162,395,Jeans LouisVuitton,88000
8163,1337,Handbag Adidas,72000
8164,884,Cap Nike,28000
8165,1616,Jeans Nike,83000
8166,1970,Sneakers Nike,49000
8167,116,Jacket Gucci,18000
8168,849,Backpack Puma,78000
8169,960,Handbag Nike,10000
8170,813,Handbag Puma,44000
8171,898,Jacket LouisVuitton,63000
8172,1750,TShirt Gucci,76000
8173,1340,Jeans Gucci,60000
8174,812,Jacket Zara,58000
8175,686,Jacket Zara,42000
8176,1154,Sneakers Zara,30000
8177,1917,Cap Gucci,12000
8178,270,Sneakers Gucci,86000
8179,127,Hoodie Puma,57000
8180,1559,TShirt H&M,58000
8181,1916,Jeans Gucci,21000
8182,245,Handbag H&M,97000
8183,1646,Handbag Uniqlo,13000
8184,1669,Handbag Puma,84000
8185,481,Backpack Uniqlo,45000
8186,1522,Hoodie Puma,24000
8187,1251,Jacket Uniqlo,59000
8188,1420,Hoodie Adidas,61000
8189,772,Jacket LouisVuitton,84000
8190,1764,TShirt Zara,35000
8191,1639,Jacket Gucci,15000
8192,109,Jeans LouisVuitton,71000
8193,1039,Handbag Zara,66000
8194,717,Hoodie H&M,76000
8195,1490,TShirt Adidas,75000
8196,1545,Handbag Uniqlo,34000
8197,889,Cap H&M,27000
8198,12,Backpack H&M,55000
8199,301,Jeans Zara,59000
8200,928,Sneakers Puma,73000
8201,1803,Handbag Uniqlo,46000
8202,210,Sneakers Adidas,50000
8203,1585,TShirt Uniqlo,57000
8204,1442,Backpack Nike,54000
8205,158,Cap Gucci,61000
8206,1216,Jeans Uniqlo,52000
8207,1941,Backpack Puma,59000
8208,848,TShirt Uniqlo,54000
8209,698,Jeans Gucci,39000
8210,182,Cap Gucci,38000
8211,1859,Cap LouisVuitton,79000
8212,1066,Hoodie H&M,15000
8213,1367,Handbag Uniqlo,91000
8214,149,Jeans Zara,76000
8215,1906,TShirt Zara,13000
8216,386,TShirt Nike,44000
8217,1727,Cap LouisVuitton,79000
8218,1469,Backpack Nike,50000
8219,700,Backpack Adidas,57000
8220,1702,Cap Gucci,13000
8221,1353,Jeans Gucci,78000
8222,399,Sneakers H&M,18000
8223,392,Jeans Adidas,64000
8224,1545,Cap Gucci,82000
8225,1070,Hoodie Nike,34000
8226,603,Jeans Uniqlo,83000
8227,1152,Cap Puma,20000
8228,283,Hoodie Puma,12000
8229,1847,Jeans Adidas,34000
8230,353,Hoodie Uniqlo,40000
8231,108,Jacket Uniqlo,36000
8232,923,Hoodie LouisVuitton,24000
8233,603,Jacket Gucci,84000
8234,899,Hoodie Nike,19000
8235,1572,Jeans Zara,82000
8236,138,Jacket LouisVuitton,41000
8237,1477,Cap H&M,24000
8238,1777,Cap LouisVuitton,57000
8239,432,Jeans LouisVuitton,49000
8240,506,Cap Uniqlo,16000
8241,1963,Jacket Zara,43000
8242,699,Cap Puma,42000
8243,1227,Cap H&M,58000
8244,954,Hoodie H&M,50000
8245,1239,TShirt Uniqlo,73000
8246,1169,Cap LouisVuitton,16000
8247,26,Handbag H&M,68000
8248,939,Jeans LouisVuitton,97000
8249,1809,Hoodie Zara,25000
8250,341,TShirt Adidas,31000
8251,1481,Sneakers Zara,34000
8252,1037,Sneakers Uniqlo,71000
8253,530,Handbag Gucci,97000
8254,182,Jacket Gucci,75000
8255,1470,TShirt LouisVuitton,21000
8256,1314,Jacket LouisVuitton,50000
8257,97,Handbag Gucci,19000
8258,550,Backpack Nike,75000
8259,1106,Sneakers H&M,42000
8260,553,Cap Adidas,75000
8261,1001,TShirt H&M,28000
8262,1524,Hoodie Zara,53000
8263,1630,Handbag LouisVuitton,62000
8264,1186,Sneakers Puma,19000
8265,608,Jacket LouisVuitton,51000
8266,1425,Jeans LouisVuitton,30000
8267,939,Hoodie H&M,31000
8268,367,Hoodie Gucci,11000
8269,1920,Jeans H&M,64000
8270,1806,Jacket Adidas,49000
8271,1600,Sneakers H&M,92000
8272,417,Cap Adidas,47000
8273,1073,Sneakers Nike,79000
8274,252,Cap Nike,61000
8275,311,Hoodie Uniqlo,89000
8276,1398,Jacket Puma,86000
8277,1115,Sneakers Zara,27000
8278,1994,Handbag Adidas,48000
8279,488,Jacket Puma,31000
8280,289,Backpack Adidas,23000
8281,504,TShirt Zara,82000
8282,985,Handbag Uniqlo,11000
8283,474,Jeans Adidas,12000
8284,1905,Sneakers H&M,72000
8285,959,Jeans Puma,76000
8286,1978,Jacket Zara,24000
8287,1112,Handbag H&M,77000
8288,455,Handbag Zara,66000
8289,1529,Jacket Adidas,20000
8290,1837,TShirt Puma,73000
8291,505,Jeans H&M,20000
8292,243,Hoodie LouisVuitton,50000
8293,751,Hoodie Puma,33000
8294,1571,Sneakers Adidas,14000
8295,1446,Backpack Adidas,97000
8296,1046,Hoodie H&M,49000
8297,985,Jacket Puma,63000
8298,1020,Jeans Gucci,43000
8299,439,Sneakers Puma,29000
8300,1441,Backpack Adidas,31000
8301,271,Handbag Gucci,73000
8302,920,Sneakers Puma,27000
8303,789,Cap LouisVuitton,27000
8304,724,TShirt LouisVuitton,52000
8305,699,Jacket Uniqlo,24000
8306,345,TShirt Zara,98000
8307,408,Cap LouisVuitton,32000
8308,1231,Handbag Nike,19000
8309,660,Handbag Uniqlo,22000
8310,287,Jeans Puma,23000
8311,1913,Cap Zara,87000
8312,1539,Hoodie Zara,88000
8313,643,Cap Adidas,69000
8314,633,Sneakers LouisVuitton,23000
8315,81,TShirt Nike,22000
8316,1089,Jacket Adidas,41000
8317,1649,Hoodie Uniqlo,82000
8318,298,Handbag Adidas,21000
8319,1831,Sneakers H&M,20000
8320,1384,Jacket LouisVuitton,11000
8321,1926,Sneakers Nike,44000
8322,1921,Jacket Zara,76000
8323,1620,Cap Nike,95000
8324,10,TShirt Zara,64000
8325,714,Cap LouisVuitton,68000
8326,1214,TShirt LouisVuitton,88000
8327,1826,Backpack Uniqlo,49000
8328,551,TShirt Zara,74000
8329,1447,Hoodie Uniqlo,94000
8330,882,Sneakers Nike,62000
8331,7,Jeans Gucci,35000
8332,255,Jacket Nike,25000
8333,1396,Hoodie Adidas,72000
8334,319,Backpack Puma,82000
8335,1278,Handbag Adidas,21000
8336,1284,Jacket Nike,36000
8337,1450,Jacket Uniqlo,49000
8338,707,Handbag Nike,44000
8339,302,Sneakers Adidas,54000
8340,516,Backpack LouisVuitton,68000
8341,481,Sneakers H&M,32000
8342,1968,Jeans H&M,34000
8343,1935,Backpack Puma,55000
8344,1090,Handbag LouisVuitton,89000
8345,1331,Hoodie Gucci,37000
8346,1831,Jeans Uniqlo,29000
8347,491,Hoodie Zara,22000
8348,829,Backpack H&M,11000
8349,711,Handbag LouisVuitton,98000
8350,935,Jacket LouisVuitton,67000
8351,570,Handbag Zara,88000
8352,1398,Sneakers Uniqlo,68000
8353,103,Jeans Zara,91000
8354,769,Cap Zara,99000
8355,1172,Hoodie Uniqlo,76000
8356,1614,Jacket Zara,39000
8357,234,Jacket H&M,20000
8358,1830,TShirt LouisVuitton,29000
8359,1010,Jeans Uniqlo,91000
8360,452,Handbag Adidas,26000
8361,1353,Sneakers Adidas,21000
8362,1574,Backpack Zara,58000
8363,1868,Hoodie Adidas,46000
8364,1626,Jacket Nike,26000
8365,748,TShirt Nike,55000
8366,882,Backpack Adidas,23000
8367,1035,Jacket H&M,79000
8368,1184,Handbag Zara,34000
8369,269,Hoodie Adidas,19000
8370,570,Cap Uniqlo,39000
8371,424,Sneakers Adidas,36000
8372,1702,Jacket Nike,82000
8373,1347,Handbag Zara,76000
8374,14,Jeans Nike,22000
8375,650,Jacket Zara,86000
8376,1213,Backpack Gucci,64000
8377,103,Hoodie Adidas,46000
8378,1824,Hoodie LouisVuitton,35000
8379,1498,Cap Nike,23000
8380,1750,Hoodie LouisVuitton,61000
8381,1282,Handbag LouisVuitton,25000
8382,704,Handbag Gucci,99000
8383,274,Jeans Gucci,84000
8384,897,Cap H&M,95000
8385,1052,Hoodie Uniqlo,14000
8386,605,Jeans Zara,59000
8387,136,Handbag Uniqlo,47000
8388,1422,Jeans H&M,37000
8389,1838,Backpack H&M,28000
8390,1434,Handbag Nike,42000
8391,1959,Jacket LouisVuitton,85000
8392,302,TShirt Nike,84000
8393,1631,Handbag Zara,47000
8394,406,Jacket Adidas,94000
8395,1158,TShirt Puma,11000
8396,1569,Sneakers H&M,26000
8397,537,Hoodie Gucci,95000
8398,209,Cap Puma,97000
8399,1229,Cap Nike,97000
8400,952,Sneakers H&M,29000
8401,1061,TShirt Zara,31000
8402,765,TShirt Nike,46000
8403,1718,Jeans Nike,77000
8404,548,TShirt Puma,14000
8405,1641,Jeans Zara,32000
8406,89,Jacket LouisVuitton,32000
8407,537,TShirt LouisVuitton,31000
8408,1093,Sneakers Nike,43000
8409,1792,Jacket Puma,90000
8410,310,Sneakers Adidas,60000
8411,414,Jacket Adidas,75000
8412,1899,Backpack Puma,36000
8413,34,Handbag Nike,64000
8414,1781,Hoodie LouisVuitton,46000
8415,1694,Jeans LouisVuitton,92000
8416,535,Sneakers H&M,13000
8417,454,Hoodie Uniqlo,63000
8418,1191,TShirt H&M,83000
8419,1553,TShirt LouisVuitton,24000
8420,1226,Jeans Nike,39000
8421,1862,Sneakers Zara,14000
8422,1835,TShirt H&M,89000
8423,1328,Jeans LouisVuitton,55000
8424,84,Jeans Uniqlo,33000
8425,1290,Jacket LouisVuitton,59000
8426,1778,TShirt Puma,87000
8427,1139,Cap Zara,35000
8428,453,Backpack Puma,24000
8429,1291,Cap LouisVuitton,83000
8430,253,Jeans Nike,79000
8431,1204,Handbag Nike,96000
8432,782,Hoodie Nike,38000
8433,1553,Backpack H&M,46000
8434,60,Hoodie LouisVuitton,75000
8435,857,Cap Zara,57000
8436,575,Sneakers Gucci,14000
8437,1636,Backpack Puma,85000
8438,528,Cap Adidas,75000
8439,28,Jeans Adidas,25000
8440,921,Jacket Puma,99000
8441,1150,Sneakers LouisVuitton,12000
8442,1417,Backpack Nike,18000
8443,1526,Hoodie Puma,13000
8444,845,Jeans Nike,73000
8445,1446,Sneakers Zara,54000
8446,1096,Jeans H&M,30000
8447,14,TShirt LouisVuitton,18000
8448,507,Jeans LouisVuitton,98000
8449,949,Hoodie Gucci,59000
8450,972,TShirt Uniqlo,24000
8451,1502,TShirt Uniqlo,88000
8452,803,Jeans Adidas,77000
8453,1907,Cap Nike,72000
8454,856,TShirt H&M,35000
8455,574,Cap H&M,80000
8456,1958,Handbag Uniqlo,98000
8457,282,Handbag Zara,79000
8458,1867,Hoodie Gucci,36000
8459,310,Handbag H&M,85000
8460,277,Hoodie LouisVuitton,70000
8461,1777,Handbag H&M,32000
8462,1765,Backpack Nike,67000
8463,1582,Jeans Puma,14000
8464,271,Hoodie Adidas,64000
8465,754,Jeans Zara,77000
8466,200,Jeans Puma,65000
8467,753,Sneakers H&M,22000
8468,694,Hoodie LouisVuitton,98000
8469,355,Jeans Uniqlo,83000
8470,547,Sneakers Puma,86000
8471,964,TShirt Nike,69000
8472,586,Jeans Zara,14000
8473,543,Hoodie Gucci,64000
8474,1096,Jeans Zara,61000
8475,19,Sneakers Uniqlo,49000
8476,1660,Cap Uniqlo,12000
8477,206,Cap H&M,20000
8478,1718,Backpack LouisVuitton,24000
8479,1604,Cap Puma,55000
8480,1931,Jeans H&M,71000
8481,184,Cap Gucci,14000
8482,959,Hoodie Gucci,87000
8483,560,Jacket Uniqlo,75000
8484,489,Hoodie Adidas,47000
8485,757,TShirt H&M,47000
8486,1138,Cap Zara,44000
8487,224,TShirt Zara,66000
8488,1893,Jeans H&M,34000
8489,718,Jeans Gucci,62000
8490,1072,Handbag Zara,64000
8491,317,Jeans Zara,57000
8492,417,Hoodie LouisVuitton,85000
8493,1052,Cap Nike,96000
8494,1930,Hoodie Gucci,88000
8495,1134,Jacket Puma,16000
8496,174,Cap Nike,68000
8497,1223,Jacket Uniqlo,15000
8498,1888,Jeans Puma,52000
8499,1773,Backpack Puma,23000
8500,602,Backpack Adidas,75000
8501,1735,Sneakers H&M,41000
8502,707,TShirt Puma,84000
8503,1809,Jeans H&M,39000
8504,1304,TShirt Uniqlo,98000
8505,342,Hoodie Nike,88000
8506,756,Jeans Gucci,88000
8507,484,Handbag Gucci,40000
8508,1254,Sneakers Gucci,41000
8509,539,Handbag Uniqlo,88000
8510,1441,TShirt H&M,68000
8511,637,Handbag Zara,76000
8512,247,Handbag Uniqlo,90000
8513,495,Handbag Gucci,53000
8514,1277,Jacket Gucci,23000
8515,662,Jacket Zara,59000
8516,1275,Jacket H&M,20000
8517,891,Hoodie H&M,32000
8518,1768,Jacket Gucci,77000
8519,1335,Hoodie H&M,66000
8520,465,Handbag Adidas,50000
8521,679,Hoodie Puma,20000
8522,1890,Jacket Adidas,82000
8523,1176,Jacket Zara,27000
8524,315,Handbag Adidas,77000
8525,139,Jacket H&M,98000
8526,1052,Hoodie H&M,20000
8527,690,Handbag Nike,35000
8528,24,Handbag H&M,39000
8529,289,Jeans H&M,25000
8530,1237,Backpack Nike,79000
8531,253,Cap Zara,32000
8532,1818,Jeans Adidas,35000
8533,1488,TShirt Uniqlo,52000
8534,1824,Cap Puma,26000
8535,1218,Jacket Nike,17000
8536,1713,Sneakers Puma,82000
8537,961,Backpack Nike,85000
8538,412,Jacket H&M,87000
8539,137,Jacket Adidas,42000
8540,478,Jacket Puma,21000
8541,956,Sneakers Puma,62000
8542,633,Cap H&M,69000
8543,556,Jacket LouisVuitton,48000
8544,848,Jeans Nike,44000
8545,11,Backpack H&M,44000
8546,697,Jeans H&M,67000
8547,673,Hoodie Puma,19000
8548,1145,Jeans Uniqlo,45000
8549,1349,Hoodie LouisVuitton,52000
8550,731,Cap Puma,50000
8551,114,Cap LouisVuitton,62000
8552,137,TShirt LouisVuitton,17000
8553,836,Jacket Gucci,90000
8554,1120,Hoodie Gucci,63000
8555,1432,Jacket Zara,72000
8556,1104,Jeans Nike,55000
8557,1487,Sneakers Nike,98000
8558,1002,Jacket Gucci,14000
8559,1658,Handbag Adidas,12000
8560,1535,Jeans Puma,28000
8561,447,Jacket H&M,74000
8562,1399,Jeans Gucci,84000
8563,1362,TShirt Zara,13000
8564,727,Sneakers Adidas,10000
8565,1020,Cap Puma,95000
8566,841,Backpack Adidas,71000
8567,200,Cap H&M,96000
8568,216,TShirt Adidas,98000
8569,1136,Sneakers LouisVuitton,82000
8570,1616,Handbag Zara,17000
8571,1332,Backpack H&M,76000
8572,98,TShirt Puma,13000
8573,882,Jacket Zara,35000
8574,813,Hoodie H&M,92000
8575,686,Hoodie LouisVuitton,34000
8576,1878,Backpack Uniqlo,91000
8577,572,Hoodie LouisVuitton,36000
8578,1776,Sneakers Puma,14000
8579,544,Hoodie Puma,48000
8580,1412,Cap Gucci,25000
8581,1892,Backpack H&M,24000
8582,1834,Cap Adidas,80000
8583,1378,Handbag Puma,99000
8584,1006,Sneakers Gucci,80000
8585,1557,Handbag Zara,85000
8586,91,TShirt LouisVuitton,66000
8587,1372,Hoodie Nike,23000
8588,1474,Handbag Adidas,93000
8589,183,Cap Uniqlo,59000
8590,1204,Jacket Nike,37000
8591,183,Handbag LouisVuitton,81000
8592,1283,TShirt Gucci,24000
8593,1393,Cap H&M,43000
8594,309,Jacket LouisVuitton,28000
8595,668,Jeans Adidas,75000
8596,208,Jeans Gucci,75000
8597,190,Handbag Nike,98000
8598,1279,Handbag Gucci,22000
8599,1682,TShirt Nike,67000
8600,11,Jacket Zara,42000
8601,1492,Cap Nike,86000
8602,497,Backpack Gucci,76000
8603,66,Handbag Puma,56000
8604,546,Hoodie Adidas,72000
8605,461,Hoodie Uniqlo,66000
8606,1454,Jacket Adidas,18000
8607,645,Backpack Gucci,25000
8608,808,Jeans Uniqlo,94000
8609,241,Backpack Zara,13000
8610,1445,Cap Gucci,15000
8611,1588,Sneakers H&M,29000
8612,1164,Sneakers Gucci,25000
8613,1272,Backpack LouisVuitton,67000
8614,454,Backpack Zara,71000
8615,1766,Backpack Zara,87000
8616,1135,Jacket Puma,21000
8617,1531,Jacket Zara,60000
8618,1459,Cap Uniqlo,70000
8619,1893,Cap LouisVuitton,73000
8620,833,TShirt Gucci,88000
8621,1172,TShirt Uniqlo,65000
8622,267,Handbag Zara,24000
8623,1417,TShirt Adidas,17000
8624,451,Sneakers Adidas,68000
8625,777,Hoodie Uniqlo,55000
8626,671,TShirt LouisVuitton,62000
8627,298,Jeans Zara,36000
8628,86,Cap LouisVuitton,85000
8629,1331,Backpack H&M,72000
8630,273,Handbag Zara,64000
8631,1024,Backpack Uniqlo,53000
8632,1786,Hoodie Nike,13000
8633,940,TShirt LouisVuitton,82000
8634,559,Sneakers LouisVuitton,37000
8635,613,Handbag Uniqlo,99000
8636,1903,Jacket Zara,45000
8637,124,Sneakers Zara,94000
8638,555,Handbag Adidas,80000
8639,369,Jeans H&M,42000
8640,886,Backpack Uniqlo,88000
8641,1466,Jeans Adidas,38000
8642,1205,Sneakers LouisVuitton,93000
8643,1228,Cap H&M,91000
8644,896,Hoodie Zara,54000
8645,688,TShirt H&M,64000
8646,1278,Handbag LouisVuitton,12000
8647,959,Jeans Gucci,11000
8648,1596,Sneakers LouisVuitton,18000
8649,870,Handbag Puma,44000
8650,838,Handbag LouisVuitton,93000
8651,659,TShirt H&M,31000
8652,1164,Backpack Uniqlo,28000
8653,709,Sneakers Adidas,24000
8654,1486,TShirt Puma,34000
8655,975,TShirt Adidas,70000
8656,464,Handbag Gucci,77000
8657,1764,Cap LouisVuitton,47000
8658,1350,Jeans Adidas,91000
8659,1804,Jeans H&M,64000
8660,1112,Jacket LouisVuitton,31000
8661,1310,Cap Puma,17000
8662,1855,Jacket Puma,30000
8663,1827,TShirt Zara,59000
8664,758,Sneakers Zara,41000
8665,9,Cap Zara,35000
8666,553,Hoodie H&M,71000
8667,1565,Backpack Adidas,71000
8668,936,Backpack Gucci,43000
8669,399,Backpack Uniqlo,61000
8670,1797,Cap Zara,99000
8671,1809,Jacket Uniqlo,66000
8672,1825,Jeans Adidas,82000
8673,1352,Sneakers H&M,73000
8674,659,Jacket H&M,49000
8675,1273,Cap Puma,63000
8676,1200,TShirt Uniqlo,94000
8677,765,Handbag Zara,52000
8678,1939,Hoodie Zara,55000
8679,1837,Cap Zara,97000
8680,1862,Hoodie Adidas,74000
8681,1029,TShirt Uniqlo,24000
8682,1847,Cap LouisVuitton,97000
8683,1076,Hoodie Nike,30000
8684,308,Cap Zara,20000
8685,1690,Handbag Puma,37000
8686,1070,Handbag Adidas,70000
8687,153,Jeans Puma,39000
8688,729,Cap H&M,73000
8689,1557,TShirt H&M,56000
8690,410,Jeans Puma,21000
8691,1731,Jacket Gucci,94000
8692,359,Cap Gucci,43000
8693,1436,Jacket Uniqlo,66000
8694,106,Cap H&M,97000
8695,1259,Backpack Adidas,62000
8696,62,Handbag Nike,10000
8697,650,Jacket LouisVuitton,45000
8698,1984,Cap Nike,13000
8699,1513,Handbag Puma,39000
8700,142,Hoodie LouisVuitton,73000
8701,183,Cap Gucci,91000
8702,1819,Backpack Zara,45000
8703,1910,Cap Zara,19000
8704,137,TShirt Puma,52000
8705,1466,Sneakers Gucci,85000
8706,652,Handbag Nike,71000
8707,1130,Hoodie LouisVuitton,71000
8708,509,Handbag Adidas,82000
8709,1246,Jacket Zara,40000
8710,404,Sneakers Adidas,93000
8711,1102,Handbag Zara,70000
8712,1789,Cap H&M,41000
8713,1321,Jeans Puma,54000
8714,1844,Jeans Puma,75000
8715,347,TShirt H&M,65000
8716,1352,Hoodie Nike,46000
8717,53,TShirt LouisVuitton,54000
8718,939,Jeans H&M,82000
8719,1144,Handbag Nike,63000
8720,623,Jacket Zara,68000
8721,1657,Jacket Puma,89000
8722,1802,Backpack H&M,77000
8723,1423,TShirt LouisVuitton,62000
8724,1554,Hoodie Nike,96000
8725,336,TShirt Zara,35000
8726,1378,TShirt Gucci,90000
8727,455,Sneakers Gucci,11000
8728,35,Sneakers Nike,63000
8729,1456,TShirt Gucci,89000
8730,35,TShirt LouisVuitton,33000
8731,1450,Backpack LouisVuitton,20000
8732,785,Cap Puma,88000
8733,547,TShirt Adidas,25000
8734,1966,Backpack H&M,89000
8735,1119,Cap LouisVuitton,87000
8736,525,TShirt Gucci,83000
8737,705,Cap H&M,32000
8738,563,Backpack H&M,15000
8739,560,Jacket Nike,39000
8740,1783,Cap Zara,72000
8741,675,Handbag H&M,11000
8742,1666,Sneakers Uniqlo,42000
8743,1333,Sneakers LouisVuitton,26000
8744,656,TShirt Uniqlo,87000
8745,833,Hoodie Gucci,35000
8746,1565,Hoodie H&M,93000
8747,790,TShirt LouisVuitton,33000
8748,1321,Backpack Nike,19000
8749,1043,Hoodie H&M,11000
8750,356,Cap LouisVuitton,44000
8751,603,Sneakers Puma,75000
8752,1233,Backpack Gucci,57000
8753,627,Jacket Gucci,25000
8754,1350,Backpack Gucci,37000
8755,1295,Jeans Zara,18000
8756,1770,Backpack Puma,84000
8757,1512,Jacket Gucci,98000
8758,150,Jacket Nike,92000
8759,440,TShirt Uniqlo,63000
8760,1364,Hoodie Nike,94000
8761,1467,Handbag Adidas,25000
8762,370,Backpack Nike,34000
8763,447,Hoodie H&M,51000
8764,1936,TShirt Zara,27000
8765,308,Sneakers Nike,18000
8766,621,Hoodie H&M,17000
8767,1197,Cap LouisVuitton,85000
8768,221,Handbag H&M,45000
8769,861,Handbag LouisVuitton,93000
8770,389,Hoodie Gucci,42000
8771,1706,Jeans Puma,68000
8772,845,Sneakers Gucci,79000
8773,205,Sneakers Adidas,63000
8774,781,Handbag Gucci,45000
8775,303,Handbag Zara,74000
8776,1264,Jeans Uniqlo,33000
8777,1181,Sneakers Puma,75000
8778,1219,Sneakers Puma,79000
8779,597,Cap Zara,67000
8780,918,Hoodie Zara,99000
8781,86,Backpack Nike,73000
8782,25,Backpack Gucci,65000
8783,1107,Jeans Adidas,25000
8784,752,Handbag Zara,49000
8785,2000,Jacket Gucci,35000
8786,1903,Backpack Gucci,28000
8787,291,Jacket LouisVuitton,33000
8788,1518,Backpack Puma,18000
8789,1156,TShirt Nike,30000
8790,902,Cap Nike,28000
8791,397,Backpack Nike,38000
8792,18,TShirt Puma,49000
8793,1145,Sneakers Gucci,16000
8794,415,Hoodie Nike,48000
8795,1000,Cap Uniqlo,42000
8796,459,Cap LouisVuitton,35000
8797,186,Sneakers Puma,35000
8798,952,TShirt Zara,26000
8799,1839,TShirt LouisVuitton,65000
8800,730,Jeans Uniqlo,57000
8801,1485,Jeans Nike,94000
8802,1093,Hoodie H&M,51000
8803,1497,Backpack Gucci,84000
8804,127,Jacket Puma,76000
8805,108,Sneakers Gucci,50000
8806,1907,Cap Zara,80000
8807,799,Backpack Adidas,66000
8808,860,Cap Nike,86000
8809,1135,Sneakers LouisVuitton,51000
8810,469,Backpack Uniqlo,30000
8811,457,Jacket H&M,74000
8812,1455,TShirt Adidas,67000
8813,590,Sneakers Adidas,80000
8814,1723,Jacket Nike,29000
8815,16,Jacket Adidas,76000
8816,699,Sneakers LouisVuitton,65000
8817,1858,Handbag Uniqlo,86000
8818,1557,Backpack Puma,64000
8819,1452,TShirt Nike,32000
8820,735,Cap LouisVuitton,63000
8821,1013,Sneakers Puma,19000
8822,1619,Backpack Puma,43000
8823,1014,Handbag H&M,20000
8824,636,Cap Uniqlo,95000
8825,1133,Sneakers LouisVuitton,13000
8826,39,Jacket Nike,84000
8827,1767,Jeans Nike,44000
8828,1107,Jeans Uniqlo,39000
8829,371,Cap Zara,33000
8830,193,Handbag Uniqlo,53000
8831,134,Cap Uniqlo,41000
8832,1459,Jeans Adidas,29000
8833,1697,Handbag Uniqlo,88000
8834,1984,Hoodie H&M,93000
8835,1564,Jeans Puma,17000
8836,302,Jacket Gucci,54000
8837,1695,Hoodie Uniqlo,23000
8838,295,Backpack Puma,60000
8839,179,Cap Nike,77000
8840,1588,Jacket H&M,67000
8841,1124,Backpack Nike,78000
8842,1124,Hoodie Puma,33000
8843,1713,Jacket Nike,59000
8844,1654,Jeans Nike,33000
8845,570,Handbag LouisVuitton,89000
8846,1689,Hoodie Adidas,34000
8847,449,Jeans Nike,46000
8848,835,TShirt Adidas,50000
8849,633,Jacket H&M,53000
8850,455,Backpack Puma,32000
8851,778,Handbag Puma,80000
8852,765,TShirt Puma,50000
8853,1946,Sneakers Zara,65000
8854,717,Sneakers Adidas,10000
8855,868,Sneakers Nike,48000
8856,275,TShirt Puma,50000
8857,517,Backpack H&M,83000
8858,716,Jacket Uniqlo,27000
8859,1257,Cap Adidas,83000
8860,151,Handbag H&M,30000
8861,690,Backpack LouisVuitton,77000
8862,437,Handbag Uniqlo,25000
8863,1425,Hoodie Gucci,14000
8864,1817,Sneakers Nike,46000
8865,106,Handbag Uniqlo,81000
8866,9,Cap H&M,74000
8867,404,TShirt Uniqlo,18000
8868,378,Cap Nike,14000
8869,422,Sneakers LouisVuitton,97000
8870,726,Sneakers Zara,53000
8871,187,Jeans Zara,40000
8872,825,Backpack Nike,97000
8873,1758,Hoodie Uniqlo,67000
8874,1584,Hoodie LouisVuitton,65000
8875,1230,Handbag Nike,33000
8876,1976,Jeans Adidas,52000
8877,1755,Handbag Uniqlo,80000
8878,20,Jeans H&M,13000
8879,1334,Jeans Nike,16000
8880,1975,Backpack H&M,93000
8881,1972,Handbag Nike,33000
8882,421,Backpack LouisVuitton,30000
8883,92,TShirt Gucci,59000
8884,1862,Cap Nike,19000
8885,804,Jeans Adidas,11000
8886,1491,Backpack H&M,50000
8887,231,Jacket Puma,59000
8888,39,Backpack H&M,83000
8889,641,Handbag Adidas,71000
8890,94,Jacket Nike,74000
8891,464,Jeans H&M,44000
8892,1128,Handbag Nike,92000
8893,869,Handbag Gucci,34000
8894,1926,Jeans Nike,88000
8895,1233,Handbag Nike,61000
8896,1548,TShirt LouisVuitton,72000
8897,1672,Handbag Nike,24000
8898,893,Jacket H&M,42000
8899,944,Handbag Adidas,76000
8900,1682,Hoodie Zara,27000
8901,1218,Jacket Uniqlo,73000
8902,1155,Jacket Adidas,50000
8903,168,Jacket H&M,36000
8904,1515,Jeans Puma,77000
8905,1037,TShirt Gucci,39000
8906,1767,Backpack Zara,69000
8907,256,Jacket H&M,81000
8908,263,Jeans Puma,46000
8909,1504,Jacket Adidas,48000
8910,1948,Cap H&M,55000
8911,384,Hoodie Gucci,37000
8912,1496,Jeans Uniqlo,28000
8913,1012,Handbag Gucci,21000
8914,704,Hoodie Adidas,35000
8915,1906,TShirt Gucci,82000
8916,717,Backpack LouisVuitton,26000
8917,930,Jeans Uniqlo,31000
8918,1046,Handbag Uniqlo,40000
8919,174,Sneakers Gucci,72000
8920,1174,TShirt Gucci,68000
8921,1378,TShirt H&M,28000
8922,684,TShirt LouisVuitton,55000
8923,1020,Jeans LouisVuitton,45000
8924,1174,Cap Uniqlo,45000
8925,1292,Handbag Adidas,21000
8926,1140,Handbag Puma,80000
8927,1413,Sneakers LouisVuitton,15000
8928,1419,Backpack Adidas,16000
8929,1866,TShirt Adidas,69000
8930,78,Hoodie Zara,26000
8931,1761,Jeans H&M,58000
8932,1606,Handbag Adidas,89000
8933,1235,TShirt LouisVuitton,59000
8934,1388,Hoodie Puma,33000
8935,633,Backpack Gucci,33000
8936,1913,Backpack Puma,56000
8937,864,Cap Uniqlo,71000
8938,860,Backpack Zara,58000
8939,933,TShirt Adidas,52000
8940,1235,TShirt Nike,22000
8941,1674,Sneakers H&M,50000
8942,1344,Cap LouisVuitton,97000
8943,255,Cap Adidas,76000
8944,1669,Hoodie Nike,75000
8945,776,Sneakers Gucci,16000
8946,664,Jacket Uniqlo,90000
8947,285,Jeans Uniqlo,67000
8948,303,Sneakers Gucci,50000
8949,325,Jeans Adidas,68000
8950,1093,Jeans LouisVuitton,15000
8951,249,Cap Nike,84000
8952,707,Backpack Adidas,28000
8953,1879,Sneakers Zara,68000
8954,1719,Jeans Uniqlo,25000
8955,412,Handbag LouisVuitton,69000
8956,767,Backpack Uniqlo,66000
8957,1272,Handbag LouisVuitton,61000
8958,430,Handbag Uniqlo,26000
8959,1725,Backpack Nike,59000
8960,262,Handbag H&M,28000
8961,1536,Backpack Adidas,45000
8962,1516,Cap Zara,11000
8963,534,Handbag Puma,81000
8964,1591,TShirt Gucci,68000
8965,1416,Handbag Puma,95000
8966,1537,Jeans H&M,13000
8967,1775,Jeans Zara,40000
8968,276,Jeans H&M,33000
8969,615,Jacket LouisVuitton,41000
8970,701,TShirt H&M,77000
8971,576,Backpack Puma,87000
8972,363,Jacket H&M,64000
8973,424,Backpack Zara,45000
8974,592,Jeans Uniqlo,94000
8975,1058,Backpack Puma,45000
8976,351,TShirt Uniqlo,67000
8977,1857,Cap H&M,19000
8978,108,Cap Nike,42000
8979,1709,Cap Nike,13000
8980,815,Sneakers Puma,27000
8981,972,Sneakers Uniqlo,62000
8982,1936,Jacket Nike,12000
8983,1593,Hoodie Nike,22000
8984,1179,Sneakers Adidas,38000
8985,257,Backpack Gucci,48000
8986,1966,Hoodie Nike,72000
8987,1201,Backpack Uniqlo,36000
8988,1366,Cap Adidas,48000
8989,265,Hoodie Adidas,95000
8990,117,TShirt H&M,66000
8991,939,Hoodie Puma,56000
8992,14,Hoodie H&M,54000
8993,1179,Jeans Adidas,60000
8994,1894,Backpack Adidas,76000
8995,320,TShirt Nike,64000
8996,869,Handbag LouisVuitton,23000
8997,65,Jacket Puma,46000
8998,1299,Cap H&M,18000
8999,1625,Hoodie Nike,11000
9000,1547,Jacket Adidas,78000
9001,596,Jeans LouisVuitton,28000
9002,1770,Jeans Nike,37000
9003,415,Handbag Zara,57000
9004,1024,Sneakers Uniqlo,49000
9005,842,Handbag Zara,97000
9006,445,Jeans LouisVuitton,53000
9007,1225,TShirt H&M,60000
9008,965,Backpack Puma,91000
9009,1518,TShirt H&M,49000
9010,1036,Handbag Gucci,79000
9011,1937,Handbag H&M,71000
9012,1754,Sneakers LouisVuitton,89000
9013,184,TShirt Zara,94000
9014,1512,Sneakers Adidas,36000
9015,1790,Jeans Adidas,47000
9016,993,Handbag Puma,39000
9017,1983,Jeans Zara,46000
9018,289,Sneakers Nike,19000
9019,474,TShirt Zara,51000
9020,1497,Hoodie Zara,50000
9021,29,Sneakers Adidas,35000
9022,472,Cap Uniqlo,12000
9023,156,Jacket Adidas,54000
9024,403,Jacket H&M,33000
9025,395,Handbag Adidas,15000
9026,493,Jeans LouisVuitton,42000
9027,1710,Sneakers Uniqlo,61000
9028,95,Cap Puma,52000
9029,655,Jeans Uniqlo,65000
9030,641,Hoodie Nike,27000
9031,328,Jacket Adidas,99000
9032,1342,Backpack H&M,87000
9033,1364,TShirt Puma,94000
9034,228,Jeans Nike,76000
9035,578,Sneakers Gucci,87000
9036,129,Jacket Puma,18000
9037,402,Handbag Gucci,65000
9038,1894,Cap Gucci,40000
9039,133,Jeans Zara,10000
9040,952,Hoodie Zara,28000
9041,560,Jacket Puma,79000
9042,1625,Handbag Nike,10000
9043,169,TShirt Gucci,24000
9044,1571,Handbag LouisVuitton,91000
9045,984,Cap LouisVuitton,79000
9046,77,Jeans Nike,18000
9047,791,Handbag Nike,88000
9048,147,Hoodie Adidas,29000
9049,1810,Cap Puma,65000
9050,1521,TShirt Uniqlo,61000
9051,823,Backpack Adidas,44000
9052,40,Cap Nike,79000
9053,791,Sneakers Puma,37000
9054,1464,Sneakers Puma,43000
9055,1219,Jeans Adidas,23000
9056,1988,TShirt Nike,39000
9057,751,Handbag Uniqlo,92000
9058,1760,Jacket Adidas,18000
9059,401,Jacket Zara,50000
9060,149,Cap Adidas,81000
9061,1746,Cap Zara,83000
9062,956,Hoodie Adidas,52000
9063,1243,Hoodie Nike,78000
9064,750,Handbag Uniqlo,49000
9065,1433,Handbag Puma,50000
9066,1658,Hoodie Gucci,56000
9067,1546,Sneakers Nike,32000
9068,1519,TShirt Puma,28000
9069,525,Jeans Uniqlo,47000
9070,1324,Jacket Uniqlo,38000
9071,1797,Cap Zara,19000
9072,1751,Jacket Uniqlo,17000
9073,886,Backpack Zara,76000
9074,1619,Jacket Nike,15000
9075,22,Handbag Zara,68000
9076,1751,TShirt LouisVuitton,88000
9077,1805,Sneakers Nike,10000
9078,1246,TShirt H&M,13000
9079,725,Handbag Gucci,76000
9080,225,Jeans Zara,11000
9081,986,Hoodie H&M,98000
9082,1614,TShirt Puma,27000
9083,746,Cap H&M,56000
9084,1732,Backpack H&M,52000
9085,1861,Handbag LouisVuitton,32000
9086,388,Handbag LouisVuitton,20000
9087,381,Backpack Uniqlo,86000
9088,849,Sneakers LouisVuitton,52000
9089,1703,Hoodie Gucci,26000
9090,1408,Hoodie Nike,35000
9091,648,TShirt Puma,24000
9092,712,Hoodie Puma,95000
9093,89,Hoodie Uniqlo,11000
9094,1283,Jeans Zara,48000
9095,275,Cap LouisVuitton,89000
9096,1611,TShirt Nike,42000
9097,947,TShirt Gucci,81000
9098,701,Jeans Adidas,58000
9099,1014,TShirt LouisVuitton,43000
9100,1001,Sneakers Zara,45000
9101,1101,Sneakers H&M,56000
9102,495,Hoodie Puma,21000
9103,906,TShirt H&M,15000
9104,1842,Cap Zara,43000
9105,721,Jeans Nike,37000
9106,1369,Handbag Puma,39000
9107,1928,Jacket Zara,42000
9108,1513,Hoodie Uniqlo,13000
9109,518,Cap Gucci,49000
9110,683,Jeans LouisVuitton,92000
9111,167,Backpack Nike,46000
9112,1436,Jacket H&M,75000
9113,1061,Sneakers Puma,40000
9114,1271,TShirt Zara,13000
9115,320,Hoodie Zara,31000
9116,684,TShirt Gucci,56000
9117,1447,Handbag Zara,84000
9118,1965,Jacket Adidas,58000
9119,364,Handbag H&M,71000
9120,1627,Jacket Nike,29000
9121,404,Jeans Uniqlo,39000
9122,748,TShirt H&M,80000
9123,1540,Jacket H&M,83000
9124,1416,Cap LouisVuitton,73000
9125,308,Cap Uniqlo,16000
9126,759,Backpack Zara,53000
9127,1567,Sneakers Nike,90000
9128,964,TShirt Gucci,46000
9129,1137,TShirt Puma,44000
9130,444,Handbag Adidas,15000
9131,167,Hoodie H&M,67000
9132,1983,Jeans Uniqlo,62000
9133,1346,TShirt Nike,58000
9134,1582,Sneakers H&M,86000
9135,1572,Cap Gucci,79000
9136,1435,Jacket Adidas,79000
9137,1712,Jacket Zara,47000
9138,1819,Handbag Nike,64000
9139,1406,Sneakers Puma,48000
9140,1078,Hoodie Uniqlo,40000
9141,484,Handbag Uniqlo,93000
9142,1493,TShirt Adidas,42000
9143,541,Backpack Puma,25000
9144,1651,Handbag Adidas,62000
9145,1814,Handbag Adidas,32000
9146,637,Hoodie Uniqlo,26000
9147,1611,TShirt Adidas,88000
9148,593,Sneakers Uniqlo,50000
9149,1166,Hoodie Nike,35000
9150,674,Backpack H&M,21000
9151,976,Cap Nike,70000
9152,1857,Sneakers Uniqlo,58000
9153,1621,Handbag Gucci,84000
9154,1733,TShirt Uniqlo,52000
9155,1156,Sneakers Puma,65000
9156,68,Jacket Puma,82000
9157,948,Cap H&M,79000
9158,599,Jeans LouisVuitton,36000
9159,1184,Handbag Puma,90000
9160,921,Hoodie Uniqlo,24000
9161,1188,Jacket H&M,18000
9162,1464,Hoodie Nike,18000
9163,1485,Sneakers Gucci,25000
9164,626,TShirt H&M,63000
9165,1019,Hoodie Puma,25000
9166,1865,Jacket Zara,20000
9167,898,Jacket Adidas,61000
9168,207,Hoodie Adidas,14000
9169,260,Jeans H&M,17000
9170,954,TShirt Nike,43000
9171,1576,Cap Gucci,51000
9172,1537,Jeans Zara,82000
9173,822,Jeans Puma,54000
9174,556,TShirt Zara,54000
9175,1800,Jeans Zara,16000
9176,1095,Jeans LouisVuitton,39000
9177,1755,Jacket Adidas,83000
9178,1743,TShirt Adidas,82000
9179,939,TShirt Puma,71000
9180,611,Hoodie Adidas,49000
9181,1961,Handbag Adidas,76000
9182,1444,Sneakers Gucci,38000
9183,1272,Hoodie Zara,18000
9184,68,Cap LouisVuitton,50000
9185,1547,Handbag Gucci,67000
9186,1994,Cap Puma,90000
9187,137,TShirt Zara,65000
9188,861,Jacket Puma,79000
9189,745,Handbag Gucci,91000
9190,1844,Jeans Uniqlo,13000
9191,566,Handbag Uniqlo,41000
9192,1932,Jacket H&M,29000
9193,155,Hoodie Nike,76000
9194,1217,Jacket H&M,49000
9195,902,Backpack Adidas,88000
9196,770,Jacket Adidas,99000
9197,1289,Jeans Gucci,82000
9198,1121,Handbag Puma,26000
9199,900,Handbag LouisVuitton,85000
9200,241,Jacket LouisVuitton,71000
9201,1916,Hoodie Zara,74000
9202,726,Sneakers Nike,20000
9203,23,Handbag Zara,10000
9204,359,Backpack Adidas,11000
9205,1981,Sneakers Nike,79000
9206,1567,Jeans H&M,21000
9207,1528,Backpack H&M,28000
9208,87,Jacket Zara,99000
9209,644,Handbag Nike,51000
9210,1437,TShirt Puma,68000
9211,1039,Sneakers Zara,30000
9212,497,Sneakers Zara,30000
9213,1913,Cap Puma,52000
9214,690,Hoodie Gucci,55000
9215,1125,Jacket Zara,86000
9216,1412,Hoodie Puma,49000
9217,1366,Backpack Gucci,77000
9218,1532,Jacket H&M,65000
9219,1842,Sneakers H&M,38000
9220,594,Handbag Zara,23000
9221,194,Handbag Puma,69000
9222,45,Handbag LouisVuitton,37000
9223,1743,Cap Nike,48000
9224,1242,Handbag H&M,68000
9225,70,Jacket H&M,90000
9226,965,Jeans Uniqlo,92000
9227,85,Jacket Puma,17000
9228,622,Jacket H&M,58000
9229,891,Handbag Puma,49000
9230,1605,Sneakers LouisVuitton,77000
9231,1259,Handbag Uniqlo,66000
9232,1518,Hoodie Adidas,29000
9233,361,Jacket Uniqlo,85000
9234,1854,Jeans Nike,78000
9235,715,TShirt Adidas,70000
9236,907,Hoodie Zara,80000
9237,840,Handbag Gucci,38000
9238,1727,Cap LouisVuitton,64000
9239,508,Jeans Nike,22000
9240,324,Sneakers LouisVuitton,74000
9241,1058,Jacket Gucci,33000
9242,1129,Backpack Gucci,15000
9243,984,Sneakers H&M,32000
9244,603,Cap Nike,82000
9245,862,Sneakers H&M,42000
9246,1708,TShirt LouisVuitton,95000
9247,1030,TShirt LouisVuitton,19000
9248,1056,Jacket Nike,76000
9249,1765,Hoodie LouisVuitton,26000
9250,1754,Jeans Gucci,40000
9251,1216,TShirt Uniqlo,91000
9252,1715,Handbag Zara,10000
9253,656,Jeans LouisVuitton,30000
9254,899,Cap LouisVuitton,54000
9255,558,Handbag Gucci,23000
9256,1109,Sneakers Nike,62000
9257,566,Handbag Nike,47000
9258,1287,Cap Zara,18000
9259,1288,Handbag Puma,79000
9260,263,Jeans LouisVuitton,77000
9261,754,Sneakers Gucci,66000
9262,1094,Cap Adidas,36000
9263,1238,Sneakers H&M,30000
9264,856,Handbag Gucci,57000
9265,858,Backpack Nike,95000
9266,754,TShirt Gucci,94000
9267,51,Cap Gucci,25000
9268,58,Jeans Uniqlo,16000
9269,280,TShirt Uniqlo,28000
9270,779,Jeans Adidas,58000
9271,885,Sneakers Gucci,59000
9272,973,Sneakers Gucci,89000
9273,900,Handbag Uniqlo,57000
9274,176,Backpack H&M,56000
9275,1285,Jacket Nike,45000
9276,210,Cap H&M,24000
9277,455,Backpack Puma,77000
9278,308,Hoodie LouisVuitton,33000
9279,28,Cap Puma,20000
9280,872,Jacket LouisVuitton,55000
9281,152,Handbag H&M,11000
9282,1813,Cap Gucci,42000
9283,354,Handbag Nike,15000
9284,1121,TShirt LouisVuitton,44000
9285,274,Backpack Zara,93000
9286,1045,Jeans LouisVuitton,21000
9287,112,Handbag H&M,99000
9288,1373,Hoodie Uniqlo,80000
9289,1387,Cap Zara,91000
9290,1349,Backpack Gucci,70000
9291,815,Sneakers Puma,46000
9292,812,Cap Puma,80000
9293,1693,TShirt Uniqlo,78000
9294,1332,TShirt Nike,13000
9295,1958,Backpack Gucci,29000
9296,591,Sneakers H&M,74000
9297,176,Hoodie Uniqlo,83000
9298,339,Sneakers Uniqlo,13000
9299,895,Sneakers Adidas,73000
9300,1255,Hoodie H&M,72000
9301,1452,Handbag H&M,23000
9302,755,Sneakers Puma,82000
9303,434,Hoodie Puma,48000
9304,1715,TShirt Adidas,14000
9305,1915,TShirt Gucci,70000
9306,228,Sneakers LouisVuitton,17000
9307,870,Backpack Puma,99000
9308,1621,Hoodie Uniqlo,33000
9309,1828,Jacket H&M,10000
9310,1607,Handbag Nike,44000
9311,214,Cap Zara,98000
9312,1181,Cap LouisVuitton,35000
9313,1168,Sneakers Gucci,96000
9314,348,TShirt H&M,86000
9315,313,TShirt H&M,51000
9316,732,Handbag Uniqlo,30000
9317,840,Handbag Nike,31000
9318,52,TShirt Nike,36000
9319,456,TShirt Zara,47000
9320,609,Backpack H&M,67000
9321,1492,Sneakers Nike,57000
9322,895,TShirt Puma,19000
9323,1291,Jacket Uniqlo,26000
9324,286,TShirt Adidas,76000
9325,1500,Sneakers Adidas,53000
9326,606,Jeans Zara,78000
9327,795,Jacket Uniqlo,30000
9328,1730,Cap Puma,29000
9329,42,TShirt Nike,54000
9330,1649,Jacket LouisVuitton,39000
9331,32,Cap Gucci,15000
9332,1888,Sneakers LouisVuitton,12000
9333,533,Handbag Gucci,66000
9334,904,TShirt Puma,35000
9335,19,Backpack Gucci,64000
9336,22,Cap Nike,14000
9337,902,Handbag Nike,41000
9338,1557,Handbag Uniqlo,13000
9339,189,Backpack Adidas,67000
9340,149,Jacket Adidas,20000
9341,358,Hoodie Zara,24000
9342,967,Sneakers LouisVuitton,80000
9343,901,Backpack Nike,66000
9344,1679,Jeans LouisVuitton,94000
9345,1901,Backpack Gucci,82000
9346,1824,Cap Adidas,88000
9347,1380,Jacket H&M,58000
9348,643,Backpack Zara,62000
9349,1011,Sneakers H&M,32000
9350,47,Jacket Uniqlo,83000
9351,1572,Sneakers Uniqlo,40000
9352,353,Sneakers Gucci,30000
9353,738,Cap Zara,58000
9354,102,Backpack Zara,50000
9355,171,Handbag Adidas,64000
9356,1580,Handbag Uniqlo,67000
9357,1585,Backpack Puma,46000
9358,196,Cap Gucci,92000
9359,1652,Jeans Uniqlo,58000
9360,178,Hoodie LouisVuitton,23000
9361,1769,Cap Puma,13000
9362,1243,Cap Zara,95000
9363,678,Sneakers Puma,43000
9364,1285,Hoodie Gucci,54000
9365,290,Sneakers LouisVuitton,98000
9366,490,Jeans Uniqlo,34000
9367,809,Handbag H&M,34000
9368,308,TShirt Uniqlo,62000
9369,1286,Jacket Zara,91000
9370,1154,Jacket Gucci,58000
9371,1479,Hoodie Uniqlo,95000
9372,1154,Handbag Nike,98000
9373,636,Jeans Puma,72000
9374,1732,Cap Uniqlo,81000
9375,888,Backpack Gucci,73000
9376,941,Backpack LouisVuitton,49000
9377,398,TShirt Nike,61000
9378,1216,Cap LouisVuitton,22000
9379,532,Sneakers Gucci,41000
9380,1702,Backpack H&M,46000
9381,1763,Handbag Nike,38000
9382,1575,Jacket Puma,15000
9383,468,Handbag Uniqlo,60000
9384,1903,TShirt Zara,55000
9385,980,Cap Nike,53000
9386,1449,TShirt H&M,32000
9387,1552,Handbag Uniqlo,11000
9388,102,Cap Uniqlo,76000
9389,1353,Jeans Adidas,75000
9390,711,TShirt Nike,25000
9391,1825,Jeans Zara,90000
9392,1182,Jeans Adidas,59000
9393,60,Backpack LouisVuitton,19000
9394,1185,Backpack Zara,33000
9395,48,Sneakers LouisVuitton,53000
9396,1751,Backpack Uniqlo,91000
9397,356,Jacket Nike,14000
9398,72,Jacket Nike,58000
9399,1844,TShirt Gucci,37000
9400,864,Jacket Gucci,19000
9401,218,TShirt Nike,17000
9402,364,Sneakers LouisVuitton,65000
9403,230,Backpack Zara,22000
9404,378,Sneakers LouisVuitton,14000
9405,1223,Cap Gucci,77000
9406,1917,Backpack H&M,44000
9407,272,Handbag Nike,73000
9408,647,Sneakers Uniqlo,99000
9409,883,Sneakers Puma,92000
9410,1405,Jeans Gucci,79000
9411,1352,Sneakers H&M,48000
9412,1958,Backpack H&M,69000
9413,663,Sneakers Uniqlo,90000
9414,1115,TShirt Uniqlo,62000
9415,169,Sneakers Uniqlo,66000
9416,1000,Handbag Puma,42000
9417,938,Jeans Zara,99000
9418,1817,Handbag Puma,68000
9419,794,Sneakers H&M,30000
9420,574,Cap Puma,45000
9421,614,Jacket Zara,29000
9422,423,Backpack Uniqlo,77000
9423,515,Backpack Gucci,22000
9424,23,TShirt LouisVuitton,36000
9425,1524,Handbag Gucci,27000
9426,1844,Hoodie Uniqlo,70000
9427,574,Hoodie Gucci,96000
9428,661,Cap H&M,37000
9429,1626,Jeans Puma,42000
9430,306,TShirt LouisVuitton,20000
9431,195,Jacket LouisVuitton,32000
9432,1240,Sneakers Adidas,81000
9433,1555,Jacket Uniqlo,66000
9434,626,TShirt Nike,85000
9435,1098,TShirt Zara,62000
9436,1104,TShirt Puma,67000
9437,919,Handbag Adidas,72000
9438,1603,Jeans LouisVuitton,27000
9439,1660,Jeans Uniqlo,58000
9440,734,Jeans Puma,15000
9441,621,TShirt LouisVuitton,25000
9442,1158,Backpack H&M,38000
9443,545,Jacket Nike,44000
9444,643,Jacket H&M,92000
9445,735,TShirt LouisVuitton,22000
9446,236,Jeans Adidas,18000
9447,98,Jacket Adidas,74000
9448,1822,TShirt Nike,92000
9449,1765,Jeans Zara,89000
9450,1878,TShirt Nike,25000
9451,679,Jeans Adidas,42000
9452,657,Jeans Zara,43000
9453,200,Backpack Zara,17000
9454,1362,Jeans LouisVuitton,77000
9455,1690,Backpack LouisVuitton,27000
9456,1644,TShirt Gucci,16000
9457,944,Handbag LouisVuitton,12000
9458,468,Hoodie Zara,94000
9459,1009,TShirt Nike,65000
9460,1744,Cap Nike,90000
9461,1589,Backpack Puma,49000
9462,521,Cap Adidas,97000
9463,534,Backpack Uniqlo,81000
9464,700,Jacket Puma,63000
9465,961,Handbag Zara,48000
9466,164,Jacket Nike,57000
9467,770,TShirt Gucci,58000
9468,1314,Hoodie H&M,62000
9469,571,Sneakers Puma,98000
9470,1621,Handbag Zara,80000
9471,684,Jacket Gucci,39000
9472,321,Sneakers Nike,53000
9473,76,Cap Adidas,95000
9474,284,Backpack Gucci,12000
9475,446,Cap Zara,63000
9476,1916,Jeans H&M,30000
9477,620,Jacket Adidas,62000
9478,282,Backpack Nike,14000
9479,1424,Jacket Adidas,27000
9480,369,Cap Gucci,47000
9481,1205,Hoodie Adidas,65000
9482,78,Jeans H&M,19000
9483,1578,Jeans Zara,48000
9484,705,Jacket Zara,84000
9485,1070,TShirt Nike,34000
9486,1659,Jacket Nike,40000
9487,1653,Jeans Gucci,43000
9488,1806,Sneakers H&M,19000
9489,737,Jeans Adidas,25000
9490,1280,Backpack H&M,38000
9491,1753,Backpack Puma,75000
9492,471,Jacket Zara,65000
9493,1429,Backpack Nike,67000
9494,1165,Jacket Adidas,17000
9495,238,TShirt Adidas,40000
9496,93,Backpack H&M,27000
9497,178,Handbag Puma,92000
9498,323,Jeans Zara,81000
9499,127,Sneakers Puma,88000
9500,256,Hoodie Nike,62000
9501,51,Jeans Nike,74000
9502,1188,Cap Nike,40000
9503,1922,Jacket Nike,76000
9504,1809,TShirt LouisVuitton,58000
9505,1535,Hoodie Nike,18000
9506,798,Handbag LouisVuitton,89000
9507,592,Jacket Zara,82000
9508,1553,Cap Gucci,84000
9509,1086,TShirt Adidas,19000
9510,1651,Cap LouisVuitton,70000
9511,1794,Sneakers Puma,17000
9512,1504,Sneakers Puma,85000
9513,1865,Sneakers Zara,92000
9514,36,Cap Adidas,82000
9515,1361,Hoodie Nike,29000
9516,686,TShirt Nike,51000
9517,937,Cap LouisVuitton,40000
9518,1520,Jeans Puma,73000
9519,500,TShirt Puma,79000
9520,12,TShirt Zara,54000
9521,870,Jeans Gucci,23000
9522,1224,TShirt Uniqlo,48000
9523,1605,Backpack LouisVuitton,74000
9524,1803,TShirt LouisVuitton,69000
9525,1240,Cap Puma,11000
9526,493,Jacket Nike,38000
9527,1419,Backpack Nike,56000
9528,1706,TShirt Gucci,82000
9529,489,TShirt Zara,62000
9530,1663,TShirt Adidas,86000
9531,1808,Sneakers Gucci,45000
9532,667,Backpack LouisVuitton,48000
9533,1600,TShirt LouisVuitton,34000
9534,1055,Sneakers Puma,68000
9535,1995,Sneakers H&M,93000
9536,270,Jeans Adidas,40000
9537,1510,Hoodie Uniqlo,35000
9538,1485,Hoodie Nike,13000
9539,1878,Jeans Adidas,50000
9540,227,Hoodie Puma,25000
9541,1300,Hoodie Nike,54000
9542,602,Sneakers Gucci,19000
9543,329,TShirt Uniqlo,23000
9544,1995,TShirt Puma,29000
9545,322,Hoodie Puma,98000
9546,870,Hoodie Zara,79000
9547,1564,Hoodie Gucci,46000
9548,743,Sneakers Uniqlo,20000
9549,424,Jeans LouisVuitton,86000
9550,1329,Backpack Zara,70000
9551,744,Hoodie H&M,92000
9552,903,Jeans Uniqlo,22000
9553,672,Jacket Uniqlo,29000
9554,893,Sneakers H&M,61000
9555,1685,Handbag Zara,63000
9556,171,Cap H&M,57000
9557,305,Backpack Puma,44000
9558,1258,Backpack Adidas,55000
9559,268,Handbag Adidas,26000
9560,1844,Hoodie Zara,83000
9561,1684,Handbag Zara,67000
9562,1239,Jeans Zara,74000
9563,725,Jacket Nike,69000
9564,1218,Jeans Adidas,17000
9565,561,Jeans Uniqlo,36000
9566,87,Hoodie Gucci,23000
9567,554,TShirt LouisVuitton,83000
9568,375,Jeans LouisVuitton,84000
9569,1714,Sneakers H&M,92000
9570,120,Jacket LouisVuitton,27000
9571,129,Cap H&M,24000
9572,1010,Jacket Gucci,53000
9573,638,Sneakers Gucci,42000
9574,876,Handbag LouisVuitton,45000
9575,1652,Cap Adidas,61000
9576,148,TShirt LouisVuitton,84000
9577,687,Jeans Puma,22000
9578,1300,Hoodie H&M,20000
9579,604,Jacket H&M,79000
9580,1661,TShirt H&M,56000
9581,1580,Hoodie Adidas,62000
9582,687,TShirt Puma,49000
9583,768,Jacket Gucci,61000
9584,1646,Sneakers Nike,74000
9585,1102,Handbag Zara,62000
9586,270,TShirt H&M,48000
9587,650,Handbag Nike,58000
9588,1464,Jacket Puma,43000
9589,1485,Cap Adidas,69000
9590,1043,Cap Puma,29000
9591,738,Hoodie Adidas,33000
9592,1626,Handbag Uniqlo,61000
9593,1763,TShirt H&M,52000
9594,1052,TShirt Zara,16000
9595,1280,Sneakers LouisVuitton,75000
9596,502,Jacket H&M,68000
9597,1431,Cap Uniqlo,29000
9598,59,Hoodie LouisVuitton,27000
9599,1724,Handbag Gucci,55000
9600,844,Cap Gucci,72000
9601,867,Backpack Nike,32000
9602,272,Jacket Nike,24000
9603,256,TShirt Nike,23000
9604,653,TShirt Uniqlo,67000
9605,1901,Jacket H&M,96000
9606,748,Jacket Gucci,81000
9607,644,Jacket Zara,50000
9608,600,TShirt Puma,47000
9609,176,Handbag Zara,57000
9610,575,TShirt Uniqlo,29000
9611,640,Cap Zara,84000
9612,1071,TShirt Adidas,55000
9613,740,TShirt Nike,83000
9614,1690,Backpack Zara,93000
9615,397,Jeans Zara,68000
9616,626,Jeans Gucci,74000
9617,1856,Jacket Uniqlo,17000
9618,476,Handbag Gucci,42000
9619,500,TShirt Gucci,82000
9620,881,Backpack H&M,24000
9621,559,TShirt Zara,84000
9622,1656,Handbag Puma,85000
9623,1644,Hoodie Uniqlo,94000
9624,269,Backpack Nike,54000
9625,1319,Backpack Adidas,56000
9626,1677,Cap Gucci,34000
9627,1518,Jacket Gucci,37000
9628,423,Jacket LouisVuitton,70000
9629,482,TShirt H&M,17000
9630,1291,Backpack H&M,91000
9631,1331,Hoodie LouisVuitton,12000
9632,782,Cap Adidas,43000
9633,264,TShirt Adidas,59000
9634,228,TShirt Zara,73000
9635,1828,Cap Zara,22000
9636,276,Hoodie Zara,51000
9637,881,Jacket H&M,81000
9638,1112,Cap Adidas,29000
9639,360,Backpack Uniqlo,10000
9640,1609,Handbag Uniqlo,49000
9641,566,Jacket Zara,84000
9642,1270,Backpack LouisVuitton,63000
9643,441,Backpack Nike,32000
9644,1438,Handbag Adidas,18000
9645,449,Jacket LouisVuitton,10000
9646,1024,Backpack Nike,66000
9647,1759,Backpack Uniqlo,92000
9648,1426,Jeans Zara,18000
9649,344,Hoodie Puma,69000
9650,695,Hoodie Zara,21000
9651,146,Sneakers Adidas,94000
9652,1751,Backpack Zara,44000
9653,1316,Hoodie Zara,90000
9654,874,Cap Zara,82000
9655,234,Backpack Zara,80000
9656,828,Cap Puma,55000
9657,287,Jacket LouisVuitton,58000
9658,1307,Cap Nike,60000
9659,705,Jacket LouisVuitton,66000
9660,532,Jeans Nike,60000
9661,865,Jacket Puma,92000
9662,1337,Handbag Gucci,83000
9663,1759,Sneakers Uniqlo,39000
9664,717,Backpack Puma,87000
9665,1233,Sneakers Puma,68000
9666,149,Jeans Uniqlo,49000
9667,1580,Hoodie LouisVuitton,10000
9668,1112,Hoodie Adidas,12000
9669,1113,TShirt Adidas,52000
9670,416,Sneakers Zara,58000
9671,897,Handbag Uniqlo,46000
9672,439,TShirt Puma,45000
9673,817,Jacket Nike,10000
9674,922,Jeans Gucci,61000
9675,247,TShirt H&M,22000
9676,1337,Jeans Adidas,91000
9677,914,Jeans Adidas,86000
9678,1012,TShirt LouisVuitton,84000
9679,1797,Sneakers Uniqlo,85000
9680,927,Jeans Nike,23000
9681,435,Jeans Nike,13000
9682,1678,Sneakers Gucci,78000
9683,276,Jacket H&M,75000
9684,441,Handbag Nike,90000
9685,1839,Jeans Gucci,39000
9686,1369,Hoodie Zara,47000
9687,109,Handbag Zara,89000
9688,888,TShirt Gucci,94000
9689,460,Handbag Adidas,17000
9690,1845,Jeans Adidas,43000
9691,185,Handbag Uniqlo,12000
9692,1773,TShirt LouisVuitton,81000
9693,1588,Handbag Nike,77000
9694,1778,Handbag Gucci,32000
9695,815,Handbag Zara,63000
9696,1640,TShirt Zara,27000
9697,111,Jeans Adidas,61000
9698,642,Hoodie Zara,45000
9699,633,Hoodie Puma,50000
9700,841,Cap Adidas,67000
9701,854,Cap Uniqlo,76000
9702,405,Jacket Gucci,48000
9703,255,Jacket Nike,68000
9704,753,Hoodie Nike,68000
9705,528,Handbag H&M,88000
9706,1418,TShirt Uniqlo,80000
9707,280,TShirt H&M,17000
9708,960,Hoodie LouisVuitton,25000
9709,631,Cap Gucci,59000
9710,1940,TShirt Uniqlo,90000
9711,1487,Jeans Uniqlo,40000
9712,1640,TShirt Adidas,64000
9713,1092,Jacket Gucci,28000
9714,1617,Hoodie Uniqlo,35000
9715,219,Jacket H&M,61000
9716,584,Cap Adidas,19000
9717,301,TShirt Uniqlo,68000
9718,1508,Sneakers Gucci,87000
9719,917,Cap H&M,81000
9720,1249,Hoodie Adidas,44000
9721,461,Cap Gucci,79000
9722,187,Hoodie H&M,15000
9723,1893,Hoodie H&M,54000
9724,467,Sneakers Uniqlo,60000
9725,620,Backpack Puma,67000
9726,456,Jeans H&M,15000
9727,596,Handbag Nike,18000
9728,991,Hoodie Uniqlo,52000
9729,1697,Jacket Zara,83000
9730,1564,Backpack Nike,64000
9731,1946,Backpack Puma,90000
9732,630,Sneakers Adidas,11000
9733,1943,Backpack Puma,60000
9734,214,Backpack Adidas,30000
9735,144,Hoodie Nike,25000
9736,599,Cap Puma,17000
9737,1156,Backpack Gucci,94000
9738,1687,Hoodie LouisVuitton,59000
9739,319,Cap Gucci,32000
9740,692,Hoodie H&M,12000
9741,786,TShirt Puma,32000
9742,752,Hoodie Nike,89000
9743,1054,Jacket Uniqlo,54000
9744,750,Jeans Uniqlo,20000
9745,168,Jeans Nike,97000
9746,1649,Sneakers H&M,63000
9747,103,TShirt Zara,31000
9748,1763,Handbag Adidas,70000
9749,1489,TShirt Adidas,87000
9750,283,Cap Uniqlo,55000
9751,1441,TShirt Adidas,33000
9752,1317,Handbag Nike,58000
9753,499,Sneakers Zara,35000
9754,1966,Backpack Uniqlo,84000
9755,1222,Jeans Puma,22000
9756,1349,Backpack Uniqlo,48000
9757,808,Cap Adidas,29000
9758,619,Handbag Nike,81000
9759,1053,Backpack Adidas,64000
9760,1459,Hoodie Uniqlo,83000
9761,1768,Sneakers H&M,66000
9762,1650,Hoodie Adidas,95000
9763,1648,Handbag H&M,18000
9764,175,Handbag Adidas,61000
9765,556,Jacket Nike,83000
9766,948,TShirt LouisVuitton,84000
9767,615,Sneakers Adidas,94000
9768,1802,Hoodie Nike,10000
9769,876,Jeans LouisVuitton,53000
9770,1089,Handbag Adidas,55000
9771,1850,Jeans LouisVuitton,50000
9772,261,Jacket LouisVuitton,41000
9773,576,Jeans Adidas,79000
9774,793,Backpack Adidas,96000
9775,1073,Jacket Adidas,22000
9776,448,TShirt Uniqlo,82000
9777,1986,Hoodie Gucci,85000
9778,1134,Handbag Zara,12000
9779,1127,Handbag Gucci,49000
9780,1019,Jeans Gucci,71000
9781,1769,TShirt Adidas,27000
9782,111,Handbag H&M,92000
9783,946,Handbag LouisVuitton,58000
9784,1447,Jacket Uniqlo,19000
9785,286,Handbag Uniqlo,45000
9786,238,Backpack H&M,23000
9787,587,Jacket LouisVuitton,82000
9788,1668,Jacket Gucci,60000
9789,745,TShirt LouisVuitton,64000
9790,1498,Jacket Zara,33000
9791,1451,TShirt Nike,66000
9792,500,Cap H&M,74000
9793,52,Jacket Puma,35000
9794,1205,Sneakers H&M,93000
9795,138,Hoodie Puma,89000
9796,1685,Backpack Zara,60000
9797,886,Sneakers Adidas,78000
9798,478,Jacket LouisVuitton,59000
9799,1506,Backpack Nike,32000
9800,1002,Jeans Gucci,87000
9801,856,Backpack LouisVuitton,27000
9802,1398,Backpack Uniqlo,49000
9803,1641,Handbag Adidas,58000
9804,610,Jacket Nike,70000
9805,675,Handbag Adidas,15000
9806,1439,Backpack Gucci,50000
9807,153,Cap Gucci,98000
9808,1326,Sneakers Uniqlo,37000
9809,783,Backpack H&M,49000
9810,1399,Sneakers Zara,79000
9811,1371,Jacket Gucci,34000
9812,1071,Jeans H&M,18000
9813,1493,Sneakers Uniqlo,44000
9814,816,Jacket Adidas,99000
9815,151,Handbag Nike,57000
9816,1621,Jacket Zara,91000
9817,1900,Backpack Uniqlo,86000
9818,522,Jeans Uniqlo,58000
9819,532,Hoodie LouisVuitton,83000
9820,1408,Cap Zara,93000
9821,575,Handbag H&M,69000
9822,1814,Backpack Uniqlo,20000
9823,285,Jacket Gucci,88000
9824,1600,Sneakers Nike,88000
9825,1924,TShirt Adidas,74000
9826,900,Handbag Uniqlo,89000
9827,953,Sneakers Zara,93000
9828,680,Cap Adidas,18000
9829,1893,Jacket Zara,98000
9830,1077,Backpack Zara,45000
9831,17,Jeans Gucci,43000
9832,342,Backpack Puma,93000
9833,1306,Handbag Uniqlo,55000
9834,201,Hoodie Gucci,50000
9835,1901,Jeans Uniqlo,63000
9836,108,TShirt H&M,78000
9837,795,Hoodie H&M,12000
9838,544,Cap Nike,14000
9839,1686,Cap Puma,19000
9840,1418,Jacket Adidas,50000
9841,50,Sneakers Adidas,32000
9842,1372,Jeans LouisVuitton,80000
9843,660,Handbag Zara,67000
9844,416,Hoodie Zara,30000
9845,1270,Jacket Gucci,43000
9846,669,Jacket Zara,23000
9847,1040,Cap Puma,81000
9848,1551,Handbag Gucci,27000
9849,304,Backpack Uniqlo,27000
9850,1843,Handbag Adidas,86000
9851,1763,Sneakers Puma,75000
9852,1495,Jeans Uniqlo,98000
9853,1913,Handbag Zara,13000
9854,1054,Jeans H&M,36000
9855,500,Hoodie H&M,90000
9856,1450,Cap Nike,53000
9857,440,Cap Gucci,82000
9858,2000,Hoodie H&M,94000
9859,684,Backpack Zara,24000
9860,215,Sneakers Adidas,35000
9861,872,TShirt Nike,41000
9862,808,Cap LouisVuitton,55000
9863,1573,Handbag Adidas,12000
9864,1455,Hoodie H&M,30000
9865,799,Jacket Zara,92000
9866,1576,Hoodie H&M,19000
9867,197,Cap Puma,76000
9868,418,Cap Adidas,48000
9869,199,Hoodie Adidas,84000
9870,1375,Cap Zara,92000
9871,1063,Sneakers LouisVuitton,91000
9872,529,Handbag Nike,24000
9873,920,Cap LouisVuitton,27000
9874,734,TShirt Zara,14000
9875,1426,Handbag Gucci,23000
9876,1661,Sneakers Puma,41000
9877,1179,Cap LouisVuitton,81000
9878,22,Hoodie H&M,73000
9879,78,Jacket H&M,59000
9880,1958,Sneakers Gucci,19000
9881,552,Jeans Gucci,95000
9882,8,Jacket H&M,95000
9883,485,Jeans Puma,26000
9884,1676,Backpack Nike,74000
9885,1063,Cap Adidas,21000
9886,1811,Handbag Adidas,24000
9887,591,Backpack Nike,61000
9888,384,Cap Gucci,46000
9889,1441,Backpack Zara,53000
9890,1864,Backpack Adidas,57000
9891,788,Jeans Adidas,87000
9892,386,TShirt LouisVuitton,48000
9893,671,Jeans Uniqlo,91000
9894,920,Cap Adidas,13000
9895,1981,TShirt Puma,21000
9896,260,TShirt Zara,82000
9897,1737,Cap Puma,17000
9898,1491,Handbag Zara,63000
9899,562,TShirt Nike,42000
9900,5,Jeans Gucci,51000
9901,1864,Backpack Zara,20000
9902,1754,Jeans LouisVuitton,17000
9903,892,Handbag H&M,59000
9904,1638,TShirt LouisVuitton,50000
9905,451,Jacket Gucci,41000
9906,141,Jeans Nike,64000
9907,1332,Jacket Nike,30000
9908,919,Hoodie LouisVuitton,35000
9909,1877,Jeans Adidas,29000
9910,1165,Hoodie Adidas,30000
9911,1777,TShirt Zara,74000
9912,313,Jacket Uniqlo,30000
9913,308,Cap Uniqlo,39000
9914,1113,Handbag LouisVuitton,26000
9915,1388,Hoodie Adidas,75000
9916,1309,Backpack Gucci,92000
9917,122,Cap Nike,48000
9918,580,Jeans H&M,96000
9919,1935,Jeans Uniqlo,10000
9920,1074,TShirt Zara,11000
9921,63,Backpack H&M,92000
9922,173,Hoodie Puma,87000
9923,1152,Sneakers Puma,17000
9924,1258,Backpack Nike,57000
9925,203,TShirt LouisVuitton,13000
9926,1476,TShirt Adidas,14000
9927,58,Handbag H&M,91000
9928,1893,Sneakers Zara,48000
9929,968,Jacket Puma,50000
9930,491,Sneakers Uniqlo,62000
9931,468,Jacket Puma,52000
9932,1060,TShirt Zara,63000
9933,1453,Jeans Zara,64000
9934,993,Hoodie Uniqlo,11000
9935,918,TShirt Zara,64000
9936,870,Backpack Zara,75000
9937,835,Handbag H&M,69000
9938,1672,Cap Nike,33000
9939,970,Hoodie H&M,35000
9940,845,TShirt Adidas,37000
9941,1571,Jeans LouisVuitton,79000
9942,1487,TShirt Gucci,55000
9943,152,Sneakers LouisVuitton,87000
9944,1881,Jacket Uniqlo,89000
9945,1413,TShirt LouisVuitton,46000
9946,824,Sneakers Puma,32000
9947,152,Handbag Uniqlo,92000
9948,1354,Cap Uniqlo,39000
9949,1953,Handbag Zara,53000
9950,1042,Hoodie Nike,83000
9951,1187,Jacket Uniqlo,80000
9952,1921,Jacket Gucci,19000
9953,65,Cap LouisVuitton,31000
9954,1726,Backpack Gucci,27000
9955,1313,Cap Puma,67000
9956,607,Hoodie LouisVuitton,42000
9957,1660,Handbag Gucci,48000
9958,1453,Backpack Adidas,24000
9959,1675,Handbag Gucci,40000
9960,1155,Jeans Gucci,27000
9961,187,TShirt Uniqlo,59000
9962,1327,Handbag Gucci,28000
9963,281,Backpack Adidas,55000
9964,895,Cap Gucci,17000
9965,1719,Backpack Uniqlo,42000
9966,1637,Handbag LouisVuitton,79000
9967,421,Jeans Gucci,45000
9968,1955,Jeans LouisVuitton,54000
9969,503,Jacket LouisVuitton,72000
9970,1871,Hoodie Uniqlo,51000
9971,1541,Cap Nike,88000
9972,1920,Jacket Gucci,26000
9973,1478,Handbag Nike,22000
9974,1342,Handbag Puma,75000
9975,643,Cap H&M,99000
9976,405,Sneakers Adidas,11000
9977,1690,Hoodie Zara,44000
9978,706,Backpack Adidas,14000
9979,312,Jeans H&M,54000
9980,1764,Cap LouisVuitton,96000
9981,1645,Jacket Puma,18000
9982,748,Handbag Adidas,38000
9983,1260,Handbag LouisVuitton,40000
9984,1389,Sneakers Nike,86000
9985,823,Cap LouisVuitton,71000
9986,1132,Cap Puma,87000
9987,1558,Sneakers Nike,10000
9988,1312,Handbag Gucci,76000
9989,1025,Jacket LouisVuitton,61000
9990,722,Hoodie Puma,12000
9991,145,Jacket Uniqlo,39000
9992,494,Cap Puma,44000
9993,563,Sneakers Uniqlo,67000
9994,1760,Backpack Uniqlo,88000
9995,836,Jacket Zara,46000
9996,1688,TShirt LouisVuitton,51000
9997,1125,Handbag LouisVuitton,89000
9998,1798,Jacket Uniqlo,64000
9999,840,Hoodie Nike,42000
10000,1853,Hoodie Gucci,82000
10001,752,Backpack Puma,51000
10002,1379,Jacket Adidas,35000
10003,1957,Handbag Puma,22000
10004,1951,Sneakers H&M,59000
10005,1037,Jeans Puma,86000
10006,1322,TShirt Adidas,13000
10007,627,Hoodie H&M,69000
10008,94,Backpack Gucci,52000
10009,516,Sneakers Gucci,63000
10010,1033,TShirt Zara,74000
10011,1773,Sneakers LouisVuitton,45000
10012,522,Handbag Puma,94000
10013,1726,Jacket Nike,37000
10014,275,Jeans Puma,56000
10015,1129,Cap Gucci,87000
10016,1989,Handbag Gucci,31000
10017,66,Sneakers LouisVuitton,52000
10018,790,Hoodie Gucci,11000
10019,1904,Handbag Uniqlo,75000
10020,637,Backpack Puma,56000
10021,234,Jacket Gucci,34000
10022,1796,Sneakers Nike,42000
10023,1211,Backpack Puma,58000
10024,1989,Jacket LouisVuitton,40000
10025,1247,TShirt Gucci,46000
10026,541,TShirt LouisVuitton,10000
10027,1235,Jacket Puma,20000
10028,1756,Hoodie Adidas,96000
10029,7,Jacket H&M,99000
10030,1603,Jacket Gucci,31000
10031,991,Sneakers Adidas,14000
10032,1091,Sneakers LouisVuitton,34000
10033,1901,Hoodie Adidas,91000
10034,1028,TShirt LouisVuitton,65000
10035,1113,Backpack Zara,16000
10036,651,Sneakers LouisVuitton,60000
10037,1129,Backpack LouisVuitton,58000
10038,354,Jeans H&M,36000
10039,632,TShirt Nike,48000
10040,419,Hoodie Uniqlo,23000
10041,34,Jacket Zara,36000
10042,1005,Jeans Adidas,51000
10043,374,Sneakers Zara,36000
10044,573,Cap Uniqlo,82000
10045,1378,Sneakers Puma,69000
10046,742,Handbag Gucci,19000
10047,698,Hoodie Adidas,72000
10048,729,Handbag H&M,22000
10049,1922,Cap Adidas,15000
10050,285,Backpack Puma,98000
10051,254,Jacket Adidas,24000
10052,327,TShirt Zara,15000
10053,1800,Handbag Puma,61000
10054,1458,Backpack H&M,55000
10055,1786,Cap Zara,38000
10056,1209,Hoodie Zara,76000
10057,1535,Jacket LouisVuitton,64000
10058,1751,Jeans Nike,62000
10059,1478,Cap H&M,46000
10060,717,TShirt H&M,82000
10061,1439,Handbag Uniqlo,45000
10062,1772,TShirt LouisVuitton,11000
10063,171,Hoodie Gucci,71000
10064,918,Jeans Zara,29000
10065,159,Cap Adidas,61000
10066,529,Cap Puma,62000
10067,1697,Jeans Uniqlo,23000
10068,1731,Jacket Zara,62000
10069,585,Sneakers Zara,12000
10070,630,Sneakers Nike,37000
10071,849,Hoodie H&M,97000
10072,1045,Backpack Adidas,88000
10073,965,Handbag LouisVuitton,61000
10074,957,Jacket Zara,11000
10075,1699,Sneakers Gucci,31000
10076,29,Handbag H&M,19000
10077,1308,TShirt Gucci,75000
10078,1669,Backpack Puma,93000
10079,1665,Jeans LouisVuitton,98000
10080,1802,Sneakers Puma,99000
10081,246,Backpack Puma,54000
10082,1072,Jeans Adidas,19000
10083,1857,Sneakers Adidas,79000
10084,1998,Hoodie Zara,80000
10085,971,Jeans Nike,37000
10086,861,Sneakers Adidas,61000
10087,1645,Cap Gucci,53000
10088,377,Backpack LouisVuitton,67000
10089,1844,Sneakers Nike,94000
10090,542,Sneakers H&M,97000
10091,1566,TShirt Uniqlo,65000
10092,1355,Handbag H&M,28000
10093,442,Sneakers Puma,21000
10094,418,Jeans Uniqlo,29000
10095,779,TShirt Puma,50000
10096,1173,Hoodie H&M,70000
10097,485,Cap Nike,84000
10098,106,Cap H&M,98000
10099,1406,Handbag H&M,73000
10100,1240,Backpack Puma,25000
10101,1406,Hoodie Uniqlo,62000
10102,55,Hoodie Zara,53000
10103,1647,Handbag Gucci,51000
10104,1572,Handbag Nike,34000
10105,173,Jacket Zara,22000
10106,234,Hoodie H&M,29000
10107,646,Hoodie Uniqlo,79000
10108,393,Jacket Adidas,82000
10109,1898,Handbag LouisVuitton,60000
10110,1906,Cap Nike,33000
10111,731,Cap LouisVuitton,51000
10112,568,Sneakers Puma,67000
10113,670,Jeans Gucci,20000
10114,224,TShirt Nike,79000
10115,1336,Hoodie Gucci,31000
10116,65,Hoodie H&M,92000
10117,1186,Jeans Gucci,45000
10118,213,Hoodie H&M,63000
10119,405,Backpack Uniqlo,70000
10120,229,TShirt Adidas,62000
10121,1054,Cap Uniqlo,95000
10122,1825,Handbag Gucci,14000
10123,122,Jeans Adidas,82000
10124,1125,Sneakers Uniqlo,44000
10125,506,Jeans Uniqlo,12000
10126,324,Sneakers Adidas,89000
10127,480,Cap Zara,46000
10128,497,TShirt H&M,20000
10129,160,Sneakers Gucci,67000
10130,944,Hoodie Nike,60000
10131,1456,Handbag Gucci,32000
10132,601,Jacket Puma,72000
10133,1623,TShirt H&M,63000
10134,1637,Sneakers Adidas,93000
10135,1137,Handbag Puma,53000
10136,926,Sneakers Uniqlo,64000
10137,232,Jeans H&M,40000
10138,1283,Jeans Adidas,50000
10139,636,Hoodie Gucci,94000
10140,1953,Backpack Uniqlo,26000
10141,428,Cap Gucci,34000
10142,74,Hoodie Uniqlo,83000
10143,826,Backpack Adidas,41000
10144,242,Handbag Gucci,70000
10145,283,TShirt Adidas,19000
10146,60,Backpack Uniqlo,96000
10147,1684,Jeans LouisVuitton,20000
10148,545,TShirt Nike,91000
10149,1405,Cap Puma,36000
10150,760,Jacket H&M,45000
10151,1329,Sneakers Gucci,91000
10152,1294,Cap Adidas,53000
10153,1244,Backpack Adidas,62000
10154,1312,Hoodie Uniqlo,98000
10155,1147,Hoodie H&M,78000
10156,140,TShirt Uniqlo,89000
10157,799,Jeans H&M,45000
10158,1395,Sneakers H&M,51000
10159,714,TShirt Uniqlo,22000
10160,1849,Backpack H&M,91000
10161,239,Hoodie Adidas,95000
10162,1875,Sneakers Nike,40000
10163,854,Handbag Puma,19000
10164,1655,Cap Nike,14000
10165,757,TShirt Adidas,83000
10166,415,Cap Adidas,93000
10167,743,Jeans Zara,44000
10168,646,Jeans Nike,71000
10169,537,Jeans LouisVuitton,32000
10170,696,Jacket Zara,27000
10171,135,Cap H&M,61000
10172,1526,Backpack Puma,70000
10173,1347,Sneakers H&M,17000
10174,1503,Handbag Puma,35000
10175,558,Jacket Nike,85000
10176,344,Jacket Gucci,10000
10177,29,Jacket Puma,44000
10178,1189,TShirt LouisVuitton,52000
10179,644,Sneakers Nike,66000
10180,685,Jeans Nike,73000
10181,862,Jacket Zara,21000
10182,537,Handbag Uniqlo,66000
10183,546,Hoodie Zara,65000
10184,932,Sneakers Nike,84000
10185,1743,Jacket H&M,51000
10186,796,Cap Gucci,64000
10187,993,Backpack Adidas,22000
10188,1151,Backpack Puma,73000
10189,328,Handbag Zara,53000
10190,287,Backpack Zara,88000
10191,616,Sneakers Uniqlo,60000
10192,1662,Backpack Gucci,71000
10193,1475,Handbag Puma,93000
10194,658,Backpack Puma,65000
10195,1504,Jeans Gucci,90000
10196,1345,Hoodie Zara,80000
10197,1495,Cap Zara,38000
10198,1909,Sneakers Adidas,89000
10199,1250,Hoodie LouisVuitton,59000
10200,26,TShirt LouisVuitton,71000
10201,1918,Sneakers Zara,77000
10202,250,TShirt LouisVuitton,94000
10203,1159,TShirt Zara,78000
10204,791,Backpack Zara,38000
10205,318,Cap H&M,80000
10206,673,Cap Zara,24000
10207,838,Backpack Puma,23000
10208,331,Sneakers H&M,60000
10209,1682,TShirt Zara,65000
10210,602,TShirt Nike,94000
10211,761,Cap Nike,48000
10212,709,Jacket Uniqlo,73000
10213,1330,Jacket Puma,49000
10214,693,Hoodie Uniqlo,50000
10215,1912,Backpack LouisVuitton,39000
10216,374,Hoodie Adidas,74000
10217,1046,Jeans Zara,58000
10218,1652,Handbag Nike,65000
10219,522,Hoodie H&M,67000
10220,351,Handbag H&M,61000
10221,1862,TShirt LouisVuitton,78000
10222,151,Hoodie H&M,90000
10223,474,Handbag H&M,23000
10224,527,Cap Gucci,13000
10225,1531,Hoodie Puma,98000
10226,1485,Handbag Nike,70000
10227,1775,Handbag LouisVuitton,77000
10228,408,Hoodie Puma,86000
10229,94,Jeans Adidas,79000
10230,1753,Backpack Uniqlo,36000
10231,1538,Cap Adidas,87000
10232,1050,Handbag Puma,65000
10233,103,Cap Zara,79000
10234,537,Handbag Gucci,26000
10235,139,Handbag LouisVuitton,22000
10236,981,Handbag Zara,42000
10237,1550,Jeans LouisVuitton,80000
10238,1903,Jacket Gucci,13000
10239,691,Backpack LouisVuitton,39000
10240,634,Backpack Gucci,12000
10241,1661,Backpack Gucci,17000
10242,956,Handbag Nike,11000
10243,1058,Handbag Adidas,89000
10244,154,Handbag Zara,69000
10245,1643,Jacket Zara,63000
10246,1247,Sneakers Zara,46000
10247,1873,Hoodie Gucci,74000
10248,469,Handbag Zara,59000
10249,33,Hoodie LouisVuitton,34000
10250,121,Hoodie LouisVuitton,10000
10251,217,Backpack H&M,46000
10252,1947,Jacket Gucci,99000
10253,440,Backpack Gucci,55000
10254,619,TShirt Gucci,45000
10255,1,TShirt Puma,61000
10256,477,TShirt Zara,34000
10257,792,TShirt Nike,29000
10258,853,Sneakers Uniqlo,82000
10259,1715,Cap Uniqlo,25000
10260,1115,Backpack Gucci,42000
10261,297,Handbag Gucci,28000
10262,488,Handbag LouisVuitton,27000
10263,630,Sneakers Zara,55000
10264,1783,TShirt Adidas,51000
10265,1989,Cap Adidas,90000
10266,1764,Handbag Puma,33000
10267,196,Hoodie H&M,75000
10268,1920,Cap Nike,53000
10269,1955,Jacket Nike,14000
10270,42,Cap H&M,67000
10271,116,TShirt LouisVuitton,32000
10272,1702,Cap LouisVuitton,11000
10273,1532,Jacket LouisVuitton,32000
10274,1018,Cap Uniqlo,40000
10275,1088,Handbag H&M,94000
10276,908,Handbag Gucci,89000
10277,1145,Jeans Uniqlo,20000
10278,1061,Handbag Nike,12000
10279,688,Jeans Zara,36000
10280,1312,Jeans LouisVuitton,99000
10281,481,Backpack H&M,77000
10282,1642,Handbag Zara,52000
10283,556,Jeans Puma,18000
10284,1315,Sneakers Zara,44000
10285,1535,Handbag Gucci,82000
10286,1900,Handbag Zara,92000
10287,140,Cap Zara,27000
10288,135,Cap Adidas,67000
10289,1225,Jacket LouisVuitton,35000
10290,1418,Jeans H&M,37000
10291,1915,Hoodie Puma,11000
10292,555,Backpack Zara,27000
10293,1849,TShirt LouisVuitton,76000
10294,500,Cap Zara,13000
10295,911,Backpack LouisVuitton,42000
10296,1760,Jacket Gucci,80000
10297,1447,Cap H&M,31000
10298,332,Sneakers Puma,44000
10299,1889,Backpack H&M,68000
10300,1062,Jeans Gucci,40000
10301,956,Cap Uniqlo,91000
10302,97,Jeans LouisVuitton,94000
10303,1306,Sneakers Nike,61000
10304,687,Jeans Zara,13000
10305,1583,Jacket H&M,39000
10306,597,Cap Nike,36000
10307,1202,Jacket LouisVuitton,74000
10308,250,Jeans Nike,72000
10309,1723,Jacket Zara,93000
10310,887,Sneakers H&M,19000
10311,1523,Sneakers Nike,86000
10312,935,Backpack Gucci,33000
10313,1222,TShirt Uniqlo,81000
10314,1656,Sneakers Nike,39000
10315,67,TShirt LouisVuitton,82000
10316,1225,TShirt Zara,30000
10317,266,Handbag Uniqlo,24000
10318,57,Jacket Uniqlo,36000
10319,636,Jeans Puma,64000
10320,942,Cap Puma,48000
10321,1007,Handbag Gucci,43000
10322,219,Handbag Adidas,54000
10323,1319,Jeans Puma,46000
10324,1783,TShirt Uniqlo,61000
10325,413,Hoodie Puma,83000
10326,1053,TShirt Zara,83000
10327,396,Jeans H&M,27000
10328,678,TShirt Adidas,31000
10329,1838,Sneakers Nike,34000
10330,688,TShirt H&M,94000
10331,1490,Sneakers Puma,53000
10332,186,TShirt Puma,62000
10333,1817,Jacket Adidas,34000
10334,741,TShirt Puma,77000
10335,1508,Backpack Uniqlo,71000
10336,836,Handbag Puma,45000
10337,391,Cap H&M,90000
10338,1340,Hoodie Gucci,74000
10339,473,Sneakers LouisVuitton,78000
10340,1188,Cap Zara,83000
10341,1153,Handbag Puma,61000
10342,54,Sneakers LouisVuitton,87000
10343,842,Backpack Adidas,92000
10344,1755,Backpack Zara,74000
10345,767,Cap Uniqlo,43000
10346,531,Jacket Adidas,87000
10347,543,Backpack Puma,37000
10348,42,Sneakers Uniqlo,66000
10349,1674,Cap H&M,39000
10350,1811,Handbag Gucci,40000
10351,545,Jacket Adidas,35000
10352,1361,TShirt H&M,75000
10353,1625,Jacket Puma,72000
10354,1480,Jacket Nike,35000
10355,1496,Backpack Nike,46000
10356,1696,Sneakers Puma,46000
10357,326,Sneakers LouisVuitton,86000
10358,1090,Sneakers H&M,84000
10359,189,Handbag LouisVuitton,13000
10360,376,Jacket Nike,45000
10361,985,Jacket H&M,11000
10362,496,Jeans Puma,26000
10363,1849,TShirt Puma,56000
10364,74,TShirt Uniqlo,24000
10365,1339,Handbag H&M,86000
10366,533,Handbag H&M,76000
10367,243,Hoodie H&M,15000
10368,1477,Jeans Uniqlo,89000
10369,1220,Sneakers LouisVuitton,78000
10370,720,Handbag H&M,27000
10371,1444,Hoodie LouisVuitton,84000
10372,1851,Jeans Gucci,23000
10373,780,Sneakers Nike,99000
10374,209,Jeans Zara,67000
10375,1750,Hoodie Adidas,39000
10376,1852,Handbag Uniqlo,75000
10377,1709,Cap Uniqlo,30000
10378,1305,Sneakers Nike,65000
10379,1311,Hoodie Nike,86000
10380,1608,Sneakers H&M,42000
10381,1470,TShirt H&M,63000
10382,1114,Sneakers Nike,89000
10383,1098,Jeans Nike,78000
10384,49,Sneakers Puma,99000
10385,392,Cap Puma,37000
10386,594,Handbag Puma,81000
10387,798,Sneakers Nike,38000
10388,885,Backpack Zara,27000
10389,1571,Jeans Gucci,92000
10390,1811,Handbag Uniqlo,91000
10391,403,Handbag LouisVuitton,35000
10392,1287,Jacket H&M,44000
10393,1577,Cap Adidas,77000
10394,846,Backpack Nike,48000
10395,899,Backpack Puma,48000
10396,1910,Hoodie H&M,77000
10397,1185,Backpack LouisVuitton,56000
10398,370,TShirt Gucci,38000
10399,758,Handbag Puma,78000
10400,115,Jacket Adidas,72000
10401,53,Jeans LouisVuitton,55000
10402,720,Sneakers H&M,78000
10403,52,Cap Uniqlo,36000
10404,1823,Hoodie Gucci,23000
10405,1916,Cap Uniqlo,16000
10406,9,TShirt Uniqlo,17000
10407,262,Hoodie LouisVuitton,43000
10408,1417,Backpack Nike,59000
10409,1103,Hoodie LouisVuitton,73000
10410,1437,Jacket LouisVuitton,96000
10411,1044,Jeans Nike,94000
10412,1683,Cap Uniqlo,37000
10413,1958,Jeans Puma,75000
10414,301,Cap Gucci,38000
10415,1271,Jeans Adidas,31000
10416,61,Cap Nike,53000
10417,1771,Jeans LouisVuitton,49000
10418,1161,Handbag Gucci,12000
10419,1576,Cap Gucci,88000
10420,1271,Handbag Zara,77000
10421,1941,Sneakers Gucci,38000
10422,417,Jacket Adidas,69000
10423,318,Cap Uniqlo,61000
10424,418,Jeans Uniqlo,53000
10425,1789,Jeans Uniqlo,75000
10426,1175,Jeans Nike,65000
10427,1474,Backpack Adidas,71000
10428,319,Hoodie LouisVuitton,90000
10429,44,Handbag H&M,45000
10430,523,Backpack LouisVuitton,12000
10431,1006,Sneakers Puma,60000
10432,62,Jacket Uniqlo,58000
10433,1642,Handbag Gucci,16000
10434,1229,Backpack Zara,84000
10435,488,Hoodie Puma,33000
10436,591,Sneakers Gucci,40000
10437,1520,Backpack Uniqlo,84000
10438,397,Handbag Nike,88000
10439,1227,Jeans H&M,69000
10440,1331,Handbag H&M,63000
10441,1109,Sneakers Nike,16000
10442,1373,Backpack LouisVuitton,57000
10443,974,TShirt Nike,61000
10444,282,Sneakers LouisVuitton,47000
10445,1251,Hoodie Puma,75000
10446,1724,Sneakers Gucci,79000
10447,1241,Handbag LouisVuitton,29000
10448,1078,Hoodie LouisVuitton,74000
10449,1427,Hoodie H&M,25000
10450,28,Hoodie Nike,77000
10451,342,Handbag Uniqlo,81000
10452,1733,Handbag Uniqlo,65000
10453,1547,Jeans LouisVuitton,66000
10454,1852,Backpack Gucci,83000
10455,893,Hoodie Gucci,19000
10456,1338,Handbag Zara,50000
10457,742,Jeans Gucci,14000
10458,1021,Hoodie LouisVuitton,75000
10459,982,Cap Uniqlo,77000
10460,644,Jeans Adidas,40000
10461,140,Handbag Nike,18000
10462,1920,Sneakers H&M,25000
10463,746,Handbag H&M,41000
10464,181,Jacket Puma,92000
10465,836,Jacket Nike,45000
10466,726,Hoodie LouisVuitton,46000
10467,417,Handbag Nike,81000
10468,1771,Jacket Gucci,96000
10469,600,TShirt H&M,91000
10470,1406,Jacket Adidas,72000
10471,1076,TShirt Puma,21000
10472,665,Backpack Adidas,38000
10473,1024,Cap H&M,45000
10474,57,Cap Uniqlo,32000
10475,699,Jeans Gucci,33000
10476,1422,Cap Puma,65000
10477,725,Backpack Nike,79000
10478,440,Sneakers Nike,35000
10479,304,Hoodie Nike,28000
10480,555,Sneakers Zara,87000
10481,1199,TShirt H&M,30000
10482,1627,Hoodie Adidas,56000
10483,1337,Sneakers LouisVuitton,42000
10484,912,Jeans Puma,57000
10485,38,TShirt Gucci,99000
10486,83,Hoodie Gucci,64000
10487,1392,Jacket Nike,90000
10488,1326,Backpack Zara,56000
10489,772,Handbag Zara,58000
10490,352,Backpack Uniqlo,45000
10491,1454,Hoodie H&M,97000
10492,1750,Hoodie Puma,86000
10493,96,Handbag LouisVuitton,51000
10494,947,Hoodie Adidas,54000
10495,1467,Hoodie Adidas,96000
10496,520,Hoodie Adidas,79000
10497,979,Backpack Puma,15000
10498,620,Cap Uniqlo,89000
10499,1486,Sneakers Zara,12000
10500,260,Handbag Gucci,74000
10501,133,Jeans Gucci,38000
10502,843,Sneakers Uniqlo,60000
10503,450,Jacket H&M,42000
10504,1611,TShirt Puma,15000
10505,1440,Backpack Zara,39000
10506,1858,TShirt Uniqlo,87000
10507,1518,Sneakers Zara,21000
10508,398,Cap Gucci,31000
10509,1995,Handbag H&M,16000
10510,1600,Handbag Uniqlo,40000
10511,443,Handbag LouisVuitton,66000
10512,652,Jacket Adidas,31000
10513,560,Jacket H&M,39000
10514,1367,Sneakers H&M,84000
10515,1745,Hoodie Adidas,48000
10516,1895,Handbag Nike,60000
10517,1110,TShirt Zara,69000
10518,198,Cap LouisVuitton,71000
10519,1784,TShirt Puma,45000
10520,1951,Jacket Adidas,56000
10521,1238,TShirt Puma,73000
10522,1311,Jeans Puma,38000
10523,1467,Handbag LouisVuitton,65000
10524,5,Hoodie Zara,83000
10525,1208,Backpack LouisVuitton,64000
10526,369,Jeans Adidas,30000
10527,192,Backpack LouisVuitton,65000
10528,1816,Hoodie Zara,98000
10529,1238,Backpack Zara,56000
10530,990,Handbag LouisVuitton,98000
10531,1488,Backpack Zara,61000
10532,218,Cap Nike,32000
10533,631,Sneakers LouisVuitton,45000
10534,1925,Jeans LouisVuitton,56000
10535,708,Hoodie Nike,22000
10536,1226,TShirt Nike,19000
10537,404,Hoodie Gucci,18000
10538,1959,Backpack H&M,65000
10539,821,TShirt Gucci,64000
10540,1883,Backpack Uniqlo,12000
10541,22,Cap Puma,22000
10542,1845,Jacket Adidas,51000
10543,730,TShirt Nike,62000
10544,1979,Backpack Gucci,59000
10545,533,Jacket Nike,61000
10546,1024,Jeans Gucci,70000
10547,1149,Cap Adidas,89000
10548,1851,Backpack Nike,20000
10549,1721,Jacket Adidas,75000
10550,1094,Jeans Gucci,29000
10551,421,Handbag Uniqlo,63000
10552,1165,Jeans H&M,17000
10553,444,Hoodie Gucci,72000
10554,1147,Jacket Nike,99000
10555,60,Hoodie Nike,86000
10556,320,Cap Puma,20000
10557,1493,Sneakers Adidas,72000
10558,140,Jeans H&M,29000
10559,1753,Jacket Gucci,50000
10560,1364,Jeans Zara,63000
10561,1709,Cap Puma,99000
10562,924,TShirt Nike,86000
10563,630,Handbag Puma,89000
10564,108,Backpack Zara,71000
10565,893,Jacket Adidas,58000
10566,1019,Backpack Nike,33000
10567,1739,Cap Gucci,88000
10568,118,Jeans Uniqlo,65000
10569,637,Cap Gucci,86000
10570,105,Cap Zara,85000
10571,1664,Handbag Nike,53000
10572,612,Hoodie Adidas,10000
10573,677,Handbag H&M,82000
10574,583,Sneakers H&M,83000
10575,1710,Sneakers Nike,86000
10576,981,Hoodie Gucci,30000
10577,1855,Hoodie H&M,67000
10578,1669,Handbag H&M,75000
10579,1453,Sneakers Nike,38000
10580,1419,Jeans Zara,96000
10581,1666,Backpack Adidas,89000
10582,1459,Jacket LouisVuitton,85000
10583,1734,Jeans Puma,45000
10584,1990,Cap Puma,89000
10585,1095,Sneakers Puma,55000
10586,67,Cap Adidas,12000
10587,1841,Handbag Adidas,66000
10588,839,Hoodie H&M,60000
10589,1718,Cap Puma,27000
10590,1380,Jeans Zara,54000
10591,952,Hoodie Uniqlo,70000
10592,1117,Jacket Nike,55000
10593,633,Handbag Uniqlo,40000
10594,1912,TShirt LouisVuitton,82000
10595,1345,Backpack Nike,79000
10596,682,Jacket LouisVuitton,66000
10597,1335,Backpack Adidas,72000
10598,334,Backpack Uniqlo,45000
10599,1878,Hoodie Nike,54000
10600,1486,Backpack LouisVuitton,61000
10601,746,TShirt Nike,46000
10602,583,Cap Uniqlo,72000
10603,1040,Backpack LouisVuitton,39000
10604,73,Sneakers Gucci,14000
10605,1961,TShirt Gucci,96000
10606,789,TShirt Puma,91000
10607,390,Backpack LouisVuitton,16000
10608,1933,Cap Zara,97000
10609,189,Cap Adidas,52000
10610,1174,Jeans Nike,77000
10611,450,Handbag Adidas,95000
10612,456,Sneakers Gucci,67000
10613,670,TShirt H&M,72000
10614,1516,Hoodie Uniqlo,20000
10615,1916,Backpack Nike,68000
10616,1565,Jacket Puma,45000
10617,214,Backpack Zara,24000
10618,1111,Backpack Uniqlo,72000
10619,908,Jacket Adidas,94000
10620,331,TShirt Gucci,63000
10621,508,Cap H&M,97000
10622,360,TShirt Puma,13000
10623,1066,Jeans Zara,80000
10624,1427,Cap Puma,64000
10625,666,Sneakers LouisVuitton,70000
10626,1823,Jacket Gucci,52000
10627,1504,Hoodie Nike,38000
10628,1781,Jacket Uniqlo,16000
10629,1094,Handbag Puma,36000
10630,1309,Sneakers LouisVuitton,99000
10631,1126,TShirt Zara,39000
10632,1811,Cap Uniqlo,13000
10633,1739,TShirt Nike,73000
10634,562,Handbag Zara,99000
10635,276,Backpack Gucci,67000
10636,1547,Jacket Gucci,26000
10637,161,Sneakers LouisVuitton,99000
10638,287,Jeans Gucci,64000
10639,627,Hoodie Nike,59000
10640,1968,Jacket Adidas,57000
10641,992,Hoodie Nike,39000
10642,788,TShirt Puma,51000
10643,572,Jacket Nike,13000
10644,1665,Hoodie H&M,80000
10645,672,Sneakers Nike,64000
10646,66,TShirt Zara,45000
10647,374,Sneakers Nike,24000
10648,1472,Sneakers Gucci,89000
10649,362,Handbag Adidas,26000
10650,1304,TShirt Puma,31000
10651,1002,Jacket Zara,38000
10652,1467,Handbag LouisVuitton,67000
10653,855,Handbag LouisVuitton,49000
10654,1657,Sneakers Nike,79000
10655,1425,Backpack Nike,57000
10656,677,Jeans Nike,55000
10657,1279,Jeans Puma,97000
10658,660,Jacket Puma,10000
10659,1988,Backpack Adidas,85000
10660,1613,Backpack H&M,68000
10661,650,Jacket Nike,77000
10662,249,Backpack Puma,20000
10663,954,Jacket Adidas,40000
10664,1892,Hoodie Nike,98000
10665,1538,Hoodie LouisVuitton,54000
10666,890,Hoodie H&M,59000
10667,365,TShirt Nike,48000
10668,90,Sneakers Gucci,13000
10669,718,TShirt Puma,90000
10670,1142,Jacket Zara,87000
10671,1173,Hoodie Nike,77000
10672,480,Cap LouisVuitton,39000
10673,23,Hoodie Puma,75000
10674,1230,TShirt Puma,99000
10675,218,Backpack Adidas,63000
10676,1991,Cap Nike,71000
10677,677,Jacket LouisVuitton,16000
10678,820,Cap LouisVuitton,33000
10679,1300,Cap Uniqlo,75000
10680,783,Sneakers Gucci,36000
10681,1090,Jacket Uniqlo,72000
10682,1286,Jeans Puma,88000
10683,1789,TShirt Zara,69000
10684,680,Hoodie LouisVuitton,23000
10685,390,Cap Zara,12000
10686,374,Sneakers Nike,57000
10687,1565,Backpack Uniqlo,46000
10688,323,Handbag Gucci,74000
10689,1736,Backpack Zara,94000
10690,884,Hoodie LouisVuitton,81000
10691,1436,Sneakers Zara,68000
10692,1441,Hoodie Nike,33000
10693,226,Hoodie Gucci,34000
10694,769,Hoodie Uniqlo,63000
10695,1171,Jeans LouisVuitton,28000
10696,833,Jeans Puma,82000
10697,1244,Backpack H&M,71000
10698,1022,Cap Nike,35000
10699,1419,Sneakers Puma,81000
10700,1685,Jacket Nike,84000
10701,495,Backpack Uniqlo,66000
10702,1049,Jeans Uniqlo,22000
10703,1003,TShirt Nike,22000
10704,1101,Jacket Puma,76000
10705,1266,Handbag Uniqlo,97000
10706,85,Sneakers Nike,28000
10707,508,Jeans LouisVuitton,60000
10708,9,Hoodie Zara,40000
10709,928,Cap Gucci,27000
10710,1090,Cap Adidas,69000
10711,1479,Jacket Nike,26000
10712,1451,Sneakers Uniqlo,43000
10713,863,TShirt H&M,39000
10714,2000,Hoodie H&M,82000
10715,309,Handbag LouisVuitton,83000
10716,34,Jacket Gucci,78000
10717,1193,Hoodie H&M,11000
10718,944,Cap Puma,46000
10719,797,Jacket H&M,76000
10720,990,Hoodie Zara,68000
10721,902,Backpack Gucci,89000
10722,466,Backpack Nike,72000
10723,281,Backpack Zara,17000
10724,385,Handbag H&M,50000
10725,1119,Backpack Uniqlo,28000
10726,1430,Hoodie Adidas,54000
10727,193,TShirt LouisVuitton,99000
10728,843,Sneakers H&M,47000
10729,603,Jacket Adidas,50000
10730,766,Backpack H&M,58000
10731,1532,Cap Puma,18000
10732,1117,Hoodie Gucci,96000
10733,180,Handbag LouisVuitton,55000
10734,25,TShirt Gucci,25000
10735,421,Handbag Gucci,91000
10736,150,Backpack Gucci,59000
10737,1683,Backpack LouisVuitton,28000
10738,729,Jeans Nike,40000
10739,1555,Backpack Zara,30000
10740,1912,TShirt Gucci,30000
10741,111,Jeans LouisVuitton,30000
10742,1533,Jacket H&M,70000
10743,1855,Jacket Uniqlo,74000
10744,643,Jeans Puma,73000
10745,272,Jacket Gucci,53000
10746,1143,Backpack Zara,56000
10747,1841,Cap Uniqlo,11000
10748,1319,Cap H&M,35000
10749,1009,Sneakers Nike,49000
10750,1110,Cap H&M,90000
10751,1074,Cap H&M,40000
10752,1398,TShirt Zara,63000
10753,1160,Jeans Gucci,11000
10754,1915,Cap LouisVuitton,80000
10755,794,Backpack Puma,21000
10756,1998,Cap Nike,26000
10757,1152,Jeans Uniqlo,24000
10758,1127,Cap LouisVuitton,24000
10759,850,Sneakers H&M,12000
10760,162,Jacket LouisVuitton,98000
10761,1215,Handbag Puma,68000
10762,1323,Handbag Zara,70000
10763,3,Hoodie Nike,13000
10764,1473,Cap Uniqlo,25000
10765,1615,Jacket Puma,66000
10766,742,Jeans Puma,51000
10767,276,Backpack Nike,59000
10768,1564,Jeans Gucci,53000
10769,887,Sneakers Gucci,69000
10770,1481,Cap Gucci,68000
10771,623,Handbag Adidas,18000
10772,900,Handbag LouisVuitton,47000
10773,1874,Hoodie H&M,95000
10774,485,Cap Uniqlo,37000
10775,1099,Cap Adidas,86000
10776,1784,Sneakers Puma,48000
10777,1494,Jacket Nike,40000
10778,1738,Jeans Puma,42000
10779,530,Jeans H&M,13000
10780,1802,Sneakers Nike,11000
10781,461,Backpack Adidas,77000
10782,969,Hoodie LouisVuitton,21000
10783,1147,TShirt Zara,61000
10784,458,Backpack Adidas,64000
10785,1167,Backpack Gucci,12000
10786,978,Handbag H&M,29000
10787,1712,Sneakers Uniqlo,46000
10788,712,Backpack Gucci,59000
10789,1541,TShirt Uniqlo,51000
10790,133,Sneakers Adidas,13000
10791,553,TShirt H&M,41000
10792,805,Backpack H&M,96000
10793,1399,Backpack Nike,29000
10794,1620,Hoodie Adidas,37000
10795,542,Jacket Adidas,83000
10796,1074,Handbag LouisVuitton,56000
10797,1597,TShirt Zara,17000
10798,1215,TShirt Zara,20000
10799,1176,Jacket Adidas,11000
10800,990,Cap Zara,89000
10801,1905,TShirt Adidas,99000
10802,1829,Cap Gucci,20000
10803,1695,Handbag Uniqlo,26000
10804,219,TShirt Gucci,57000
10805,1450,Handbag Zara,53000
10806,1945,Sneakers H&M,87000
10807,1068,Cap H&M,13000
10808,1593,Hoodie LouisVuitton,67000
10809,561,Backpack Gucci,67000
10810,1290,TShirt Puma,61000
10811,1431,Hoodie LouisVuitton,82000
10812,1849,TShirt Adidas,11000
10813,1566,Backpack Adidas,14000
10814,360,Jacket Puma,48000
10815,1785,Cap LouisVuitton,13000
10816,314,Backpack LouisVuitton,44000
10817,1531,TShirt Gucci,53000
10818,1668,Jacket Zara,33000
10819,1690,Handbag Uniqlo,58000
10820,1470,Jeans Gucci,78000
10821,463,Jacket Adidas,72000
10822,1728,Backpack Adidas,84000
10823,260,Hoodie Puma,11000
10824,1605,Sneakers Adidas,14000
10825,467,TShirt LouisVuitton,15000
10826,1354,Jacket Adidas,98000
10827,1789,Jacket LouisVuitton,17000
10828,1567,Jeans Adidas,73000
10829,48,Cap LouisVuitton,93000
10830,900,Hoodie Nike,14000
10831,1055,TShirt Zara,25000
10832,477,Cap H&M,74000
10833,734,Jacket Adidas,85000
10834,638,Jacket LouisVuitton,39000
10835,1635,Cap Gucci,39000
10836,1152,Backpack Zara,11000
10837,1350,Jeans Zara,12000
10838,729,Cap Nike,13000
10839,369,Jacket Uniqlo,96000
10840,423,Sneakers Puma,24000
10841,1167,Sneakers LouisVuitton,12000
10842,1414,Backpack Zara,45000
10843,544,Cap Adidas,92000
10844,1620,TShirt Zara,74000
10845,244,Handbag Gucci,11000
10846,1204,Jacket Nike,65000
10847,635,Jacket Gucci,10000
10848,679,Jacket Nike,58000
10849,1211,Jeans LouisVuitton,26000
10850,964,Cap Gucci,93000
10851,1929,Handbag Uniqlo,12000
10852,528,Cap Nike,63000
10853,270,Jacket Gucci,28000
10854,1702,Backpack Nike,17000
10855,1587,Cap LouisVuitton,56000
10856,897,Handbag H&M,21000
10857,421,Handbag Zara,33000
10858,732,Backpack Uniqlo,95000
10859,1825,Handbag LouisVuitton,88000
10860,264,Handbag Gucci,19000
10861,632,Backpack Uniqlo,25000
10862,1030,TShirt Puma,12000
10863,284,Handbag Gucci,28000
10864,808,Handbag Zara,14000
10865,1217,Jeans H&M,84000
10866,372,Jacket Adidas,64000
10867,700,Jeans Gucci,76000
10868,1104,Handbag Zara,42000
10869,1047,Sneakers Nike,61000
10870,694,Cap Nike,46000
10871,282,Backpack Adidas,82000
10872,1,Hoodie Nike,72000
10873,1299,Sneakers Uniqlo,47000
10874,174,Jacket Uniqlo,17000
10875,1215,TShirt Adidas,98000
10876,1516,Backpack H&M,89000
10877,1886,Backpack Adidas,21000
10878,1484,Handbag Uniqlo,84000
10879,498,Handbag Nike,41000
10880,1520,Hoodie Gucci,66000
10881,143,Hoodie Nike,74000
10882,1487,Backpack LouisVuitton,10000
10883,1276,Cap H&M,85000
10884,383,Handbag Zara,87000
10885,241,TShirt Zara,64000
10886,586,TShirt Uniqlo,95000
10887,1671,Sneakers Adidas,91000
10888,857,Cap Gucci,66000
10889,330,Backpack Gucci,58000
10890,1403,Handbag Puma,92000
10891,1737,Cap Uniqlo,33000
10892,1183,TShirt Nike,22000
10893,1508,Handbag Puma,72000
10894,596,Sneakers H&M,59000
10895,285,Hoodie Uniqlo,56000
10896,1600,Hoodie Nike,47000
10897,247,Jacket Nike,37000
10898,486,Hoodie Uniqlo,24000
10899,1514,Jacket Gucci,78000
10900,1598,Sneakers Nike,25000
10901,1132,Sneakers Zara,29000
10902,240,Jeans LouisVuitton,55000
10903,808,Handbag Nike,22000
10904,1064,Backpack Zara,80000
10905,1627,Handbag Uniqlo,85000
10906,531,Jeans Nike,83000
10907,1697,Jacket H&M,91000
10908,752,TShirt LouisVuitton,59000
10909,1868,Hoodie Uniqlo,25000
10910,752,Hoodie Zara,40000
10911,1021,Cap Puma,24000
10912,806,Handbag H&M,75000
10913,1048,Sneakers Puma,89000
10914,1256,Hoodie Gucci,73000
10915,852,Hoodie Nike,86000
10916,459,Handbag Puma,81000
10917,616,TShirt Nike,23000
10918,1385,Hoodie H&M,22000
10919,1439,Handbag Puma,10000
10920,1246,Hoodie Zara,62000
10921,740,Hoodie Zara,79000
10922,1255,Jeans Zara,70000
10923,134,Backpack Adidas,11000
10924,433,Hoodie Adidas,77000
10925,309,Jeans Uniqlo,54000
10926,799,Jeans Uniqlo,44000
10927,994,Cap Adidas,58000
10928,228,Jeans LouisVuitton,42000
10929,1938,Cap H&M,55000
10930,1524,Jeans Uniqlo,33000
10931,1116,Sneakers Puma,73000
10932,1655,Hoodie Zara,82000
10933,774,TShirt LouisVuitton,61000
10934,886,TShirt H&M,29000
10935,1403,Hoodie Zara,93000
10936,156,Jeans Nike,63000
10937,1783,Handbag Uniqlo,11000
10938,325,Jeans Puma,73000
10939,1080,Cap LouisVuitton,76000
10940,1217,Jeans Gucci,69000
10941,415,Hoodie Uniqlo,13000
10942,1650,Jacket Gucci,24000
10943,381,Cap Adidas,47000
10944,841,Hoodie Uniqlo,23000
10945,998,Hoodie Puma,60000
10946,956,TShirt Zara,53000
10947,800,Jacket Gucci,60000
10948,963,Hoodie H&M,56000
10949,292,Hoodie Gucci,19000
10950,1334,Jacket Zara,55000
10951,1068,Backpack Zara,58000
10952,96,Backpack Puma,14000
10953,291,Jeans Uniqlo,52000
10954,750,TShirt Nike,38000
10955,1656,Hoodie Adidas,57000
10956,1504,TShirt Gucci,34000
10957,1242,Jeans Gucci,36000
10958,1975,Sneakers H&M,54000
10959,428,Jeans Uniqlo,19000
10960,1333,Hoodie Nike,38000
10961,1186,Handbag Uniqlo,95000
10962,399,Jeans Gucci,68000
10963,1938,Jeans Uniqlo,21000
10964,1790,Jacket Puma,18000
10965,1044,Sneakers Puma,69000
10966,1017,Cap LouisVuitton,97000
10967,1970,Hoodie Uniqlo,56000
10968,203,TShirt Uniqlo,75000
10969,1928,Jacket Puma,82000
10970,611,Sneakers LouisVuitton,98000
10971,740,Hoodie Gucci,35000
10972,991,Jacket Puma,62000
10973,1462,TShirt Uniqlo,73000
10974,111,Hoodie H&M,13000
10975,1793,Sneakers H&M,33000
10976,600,Sneakers Uniqlo,11000
10977,1928,Jeans LouisVuitton,39000
10978,1102,Jeans Zara,19000
10979,1265,Jacket Nike,96000
10980,1703,Backpack Uniqlo,13000
10981,149,Jeans Zara,78000
10982,1871,Handbag Uniqlo,68000
10983,253,Jeans Puma,59000
10984,1694,Jeans Nike,84000
10985,1174,Jeans H&M,45000
10986,1267,Sneakers Adidas,89000
10987,541,Sneakers Adidas,26000
10988,60,Jacket Puma,76000
10989,1716,Jacket Gucci,96000
10990,395,Backpack Uniqlo,72000
10991,251,Backpack LouisVuitton,58000
10992,1042,Cap Zara,90000
10993,1478,Handbag H&M,28000
10994,487,Hoodie Gucci,99000
10995,1613,Handbag H&M,93000
10996,96,Sneakers LouisVuitton,39000
10997,1671,Cap Nike,42000
10998,1272,Sneakers Uniqlo,86000
10999,541,Hoodie H&M,34000
11000,968,Cap Uniqlo,71000
11001,1501,Jacket Adidas,92000
11002,1406,Hoodie Puma,90000
11003,1908,Cap Gucci,95000
11004,201,Handbag Zara,53000
11005,226,Jacket Adidas,26000
11006,1241,Jeans H&M,65000
11007,618,Cap Puma,19000
11008,1475,Jeans Puma,21000
11009,798,Cap Gucci,73000
11010,251,Jacket Gucci,10000
11011,198,Handbag Uniqlo,96000
11012,296,Jacket Puma,61000
11013,506,Sneakers LouisVuitton,95000
11014,980,Jacket Nike,96000
11015,963,Jeans LouisVuitton,86000
11016,681,Jacket LouisVuitton,94000
11017,350,Handbag Puma,63000
11018,1780,Sneakers Nike,64000
11019,1848,Jacket Gucci,37000
11020,1572,TShirt Zara,73000
11021,1090,Cap H&M,85000
11022,251,Backpack LouisVuitton,74000
11023,1230,Jeans Gucci,59000
11024,1068,Backpack Uniqlo,77000
11025,1871,Hoodie Uniqlo,87000
11026,1611,Backpack Gucci,27000
11027,541,Jeans Gucci,57000
11028,944,Sneakers Nike,70000
11029,958,Sneakers Puma,94000
11030,1235,Handbag Nike,15000
11031,1086,Sneakers Uniqlo,28000
11032,1377,Backpack Zara,37000
11033,903,Backpack Adidas,27000
11034,373,Jeans Nike,99000
11035,185,TShirt LouisVuitton,40000
11036,1599,Jeans Gucci,19000
11037,659,Cap Zara,17000
11038,816,Jeans Zara,59000
11039,1335,Backpack LouisVuitton,34000
11040,1963,Hoodie H&M,62000
11041,217,Jeans Nike,66000
11042,166,Cap Zara,31000
11043,1872,Cap Nike,62000
11044,742,Jeans LouisVuitton,68000
11045,691,Hoodie Gucci,67000
11046,1638,TShirt Puma,45000
11047,765,TShirt Puma,63000
11048,384,Jacket Zara,45000
11049,762,Jeans H&M,84000
11050,1665,TShirt H&M,96000
11051,551,Jacket Adidas,29000
11052,361,Hoodie Adidas,60000
11053,1652,Hoodie Gucci,73000
11054,344,Cap Gucci,53000
11055,805,Handbag Zara,95000
11056,98,Sneakers LouisVuitton,12000
11057,1388,Handbag H&M,87000
11058,1435,Cap Uniqlo,42000
11059,1697,Handbag Gucci,83000
11060,603,Sneakers Puma,84000
11061,1946,Jacket H&M,82000
11062,1419,Cap LouisVuitton,27000
11063,18,Hoodie Gucci,31000
11064,918,Sneakers H&M,80000
11065,1541,Hoodie Gucci,32000
11066,216,Backpack Puma,42000
11067,1458,Hoodie Zara,29000
11068,1362,Cap Zara,75000
11069,1719,Jacket Uniqlo,65000
11070,1507,Hoodie Adidas,61000
11071,1352,Handbag H&M,83000
11072,704,Jeans LouisVuitton,88000
11073,1897,Handbag Uniqlo,99000
11074,1788,Backpack LouisVuitton,33000
11075,1150,Jacket Gucci,39000
11076,1872,Jacket Gucci,48000
11077,1553,Backpack H&M,31000
11078,1444,Jeans Puma,46000
11079,1932,Jeans Zara,13000
11080,1507,Sneakers LouisVuitton,13000
11081,1258,Hoodie Adidas,16000
11082,571,Backpack H&M,80000
11083,170,Jeans LouisVuitton,67000
11084,1690,Cap H&M,73000
11085,1724,Backpack Uniqlo,95000
11086,1473,Handbag Nike,45000
11087,657,Cap H&M,96000
11088,485,Sneakers Zara,69000
11089,1646,Handbag H&M,15000
11090,504,Jeans Puma,97000
11091,553,Backpack Uniqlo,34000
11092,1700,Hoodie Uniqlo,56000
11093,330,Cap LouisVuitton,18000
11094,1360,Jeans Zara,11000
11095,1771,TShirt Nike,46000
11096,1272,TShirt Puma,17000
11097,1160,Sneakers Puma,19000
11098,1608,Jacket Gucci,89000
11099,1007,Sneakers Zara,36000
11100,17,Jeans Gucci,42000
11101,1185,Handbag Adidas,90000
11102,387,Handbag Zara,78000
11103,1519,Jacket Puma,35000
11104,1761,Jacket Uniqlo,40000
11105,221,Jeans Zara,60000
11106,1231,Backpack H&M,51000
11107,593,Handbag H&M,19000
11108,1687,Sneakers Nike,26000
11109,324,Backpack Zara,75000
11110,367,Hoodie H&M,55000
11111,1359,Sneakers LouisVuitton,16000
11112,1171,Backpack Nike,66000
11113,287,Backpack H&M,70000
11114,1921,Cap Puma,37000
11115,1282,Hoodie H&M,88000
11116,1992,Handbag Gucci,45000
11117,631,Sneakers H&M,37000
11118,775,Sneakers Zara,39000
11119,161,Handbag Puma,51000
11120,1172,Handbag Nike,26000
11121,308,Backpack Gucci,56000
11122,226,Jacket Adidas,66000
11123,294,Jeans Adidas,71000
11124,488,Hoodie Uniqlo,98000
11125,623,Backpack Puma,71000
11126,1249,Jeans Adidas,42000
11127,1657,TShirt H&M,40000
11128,758,Cap Uniqlo,19000
11129,1888,Jacket H&M,46000
11130,341,Sneakers Gucci,99000
11131,130,Handbag H&M,80000
11132,1245,Cap Adidas,35000
11133,1567,Sneakers Adidas,84000
11134,1855,Hoodie Puma,45000
11135,745,Cap H&M,72000
11136,478,Backpack Uniqlo,14000
11137,405,Backpack Puma,96000
11138,575,Cap Uniqlo,80000
11139,1080,TShirt LouisVuitton,68000
11140,1338,TShirt Puma,28000
11141,1835,Sneakers Puma,29000
11142,22,Jacket Nike,75000
11143,727,TShirt Zara,68000
11144,304,Jacket LouisVuitton,47000
11145,985,Handbag Uniqlo,59000
11146,196,Jeans Adidas,48000
11147,1326,Handbag Nike,27000
11148,722,Sneakers H&M,64000
11149,759,Hoodie Puma,74000
11150,1114,Handbag Adidas,46000
11151,1958,Jacket Adidas,93000
11152,1551,Handbag Uniqlo,36000
11153,1711,Jacket Nike,17000
11154,968,Jeans Gucci,90000
11155,920,Cap Uniqlo,91000
11156,10,Jacket Nike,99000
11157,1368,Handbag H&M,89000
11158,382,TShirt Uniqlo,35000
11159,379,Hoodie Adidas,98000
11160,321,Hoodie Zara,34000
11161,971,Jacket Adidas,48000
11162,1310,Cap LouisVuitton,68000
11163,1592,Sneakers Zara,45000
11164,1509,Hoodie Puma,83000
11165,273,Jeans Uniqlo,38000
11166,1384,TShirt Adidas,47000
11167,56,Handbag Adidas,70000
11168,1704,Backpack LouisVuitton,71000
11169,418,Hoodie LouisVuitton,45000
11170,1147,TShirt Zara,71000
11171,916,Jacket LouisVuitton,55000
11172,1577,Sneakers Puma,78000
11173,1383,Hoodie Gucci,68000
11174,1178,Sneakers Uniqlo,50000
11175,1715,Cap Zara,52000
11176,921,Jacket Gucci,27000
11177,1815,Hoodie Nike,60000
11178,1379,TShirt Adidas,26000
11179,1231,Handbag Gucci,55000
11180,1640,Backpack Adidas,13000
11181,1228,Jacket LouisVuitton,11000
11182,1065,Cap LouisVuitton,43000
11183,1168,Handbag LouisVuitton,43000
11184,744,Jacket Zara,84000
11185,318,Sneakers Uniqlo,21000
11186,394,Cap H&M,48000
11187,222,Hoodie Puma,96000
11188,311,Cap Nike,97000
11189,1302,Handbag Uniqlo,51000
11190,440,Backpack Gucci,29000
11191,897,Handbag H&M,89000
11192,216,Jacket Nike,67000
11193,1420,Jeans Zara,78000
11194,1204,TShirt Zara,81000
11195,1907,Jacket LouisVuitton,66000
11196,1098,Sneakers H&M,59000
11197,1768,Cap Adidas,47000
11198,909,Cap LouisVuitton,98000
11199,268,Jacket Zara,72000
11200,1534,Cap H&M,79000
11201,436,Cap LouisVuitton,40000
11202,916,Sneakers LouisVuitton,15000
11203,452,Handbag Adidas,17000
11204,1093,TShirt Puma,69000
11205,1239,Jacket Gucci,25000
11206,1626,Handbag Adidas,73000
11207,516,Cap Adidas,72000
11208,1631,Jacket Puma,83000
11209,954,Hoodie Adidas,73000
11210,1535,TShirt Nike,35000
11211,869,Jacket Gucci,71000
11212,1148,Backpack Puma,74000
11213,645,Cap Zara,23000
11214,1716,TShirt Uniqlo,57000
11215,254,Hoodie Uniqlo,83000
11216,1932,Handbag Adidas,57000
11217,290,Jacket Puma,83000
11218,1449,TShirt Gucci,15000
11219,536,Handbag Puma,81000
11220,1250,Jacket Uniqlo,61000
11221,1272,Backpack Puma,96000
11222,879,Jeans Zara,83000
11223,940,Jacket Zara,66000
11224,1052,Handbag Adidas,96000
11225,737,TShirt Gucci,67000
11226,838,Handbag LouisVuitton,93000
11227,787,Jeans Gucci,31000
11228,1164,Backpack Zara,24000
11229,900,Cap Uniqlo,14000
11230,1759,Cap H&M,40000
11231,1444,Hoodie Nike,44000
11232,1057,Cap Nike,63000
11233,1114,Backpack Gucci,91000
11234,1177,Cap Puma,67000
11235,1545,Jeans Zara,91000
11236,142,Sneakers Puma,16000
11237,1163,Handbag Zara,69000
11238,39,Hoodie LouisVuitton,28000
11239,1754,Jeans Adidas,54000
11240,1857,Sneakers Adidas,36000
11241,1393,TShirt Uniqlo,99000
11242,1608,Hoodie LouisVuitton,99000
11243,1918,Backpack Puma,96000
11244,1083,Cap Adidas,60000
11245,1379,Handbag LouisVuitton,72000
11246,892,TShirt Zara,43000
11247,1184,Jacket Puma,90000
11248,462,Cap H&M,62000
11249,1994,Jacket Uniqlo,36000
11250,453,Hoodie Uniqlo,75000
11251,1367,Backpack H&M,20000
11252,121,Jacket Gucci,36000
11253,47,Sneakers Adidas,57000
11254,1026,Cap LouisVuitton,34000
11255,1628,Jeans Puma,36000
11256,1180,Hoodie Zara,72000
11257,266,Handbag Gucci,54000
11258,1605,Jeans Uniqlo,19000
11259,1063,Backpack Adidas,57000
11260,1114,Sneakers LouisVuitton,63000
11261,947,Jeans Nike,22000
11262,1805,Jacket Uniqlo,24000
11263,1761,Jacket Adidas,16000
11264,1633,Hoodie Zara,28000
11265,100,TShirt Zara,69000
11266,1947,Jeans Nike,99000
11267,1122,Hoodie LouisVuitton,94000
11268,995,Handbag Gucci,88000
11269,324,Hoodie Zara,83000
11270,1840,Jacket Gucci,54000
11271,291,Sneakers Nike,89000
11272,1935,Sneakers Gucci,35000
11273,1452,TShirt Puma,74000
11274,1757,Hoodie Zara,15000
11275,493,Backpack Uniqlo,87000
11276,1655,Jeans Adidas,71000
11277,69,Handbag Uniqlo,13000
11278,305,Sneakers LouisVuitton,33000
11279,295,Jacket Gucci,82000
11280,523,Backpack Adidas,84000
11281,519,Hoodie Uniqlo,17000
11282,141,TShirt LouisVuitton,55000
11283,1899,Backpack Uniqlo,14000
11284,108,Backpack Zara,11000
11285,234,TShirt Nike,44000
11286,658,Jacket Uniqlo,51000
11287,1872,Jacket Zara,48000
11288,1737,Sneakers Nike,68000
11289,1224,TShirt Uniqlo,74000
11290,1456,Hoodie LouisVuitton,97000
11291,1200,Cap Gucci,12000
11292,1892,Hoodie Zara,65000
11293,248,TShirt Zara,42000
11294,1095,Sneakers Adidas,26000
11295,1074,Jeans Zara,13000
11296,1341,Jeans Uniqlo,97000
11297,195,Backpack Nike,80000
11298,1001,Sneakers LouisVuitton,51000
11299,400,Hoodie Nike,23000
11300,628,Hoodie H&M,26000
11301,1810,Jacket Nike,26000
11302,710,Jacket Nike,93000
11303,1746,Backpack LouisVuitton,49000
11304,506,Jacket Puma,63000
11305,1052,Sneakers Puma,61000
11306,46,TShirt H&M,77000
11307,1888,Sneakers Nike,85000
11308,1536,Handbag Uniqlo,30000
11309,1788,Jeans LouisVuitton,44000
11310,1537,Jeans LouisVuitton,19000
11311,563,Jacket Puma,92000
11312,1494,TShirt LouisVuitton,72000
11313,1944,TShirt Gucci,85000
11314,1297,Handbag Gucci,67000
11315,1155,Backpack Adidas,12000
11316,1212,Cap Gucci,41000
11317,90,Handbag LouisVuitton,44000
11318,1150,Sneakers H&M,57000
11319,1001,Sneakers Puma,42000
11320,1923,Jacket Zara,45000
11321,1450,Hoodie Gucci,15000
11322,1239,Hoodie Adidas,92000
11323,1805,Jeans Zara,33000
11324,1483,Hoodie Uniqlo,99000
11325,353,Sneakers Uniqlo,73000
11326,895,Cap Zara,10000
11327,376,Hoodie Nike,68000
11328,261,Handbag H&M,40000
11329,918,Cap Gucci,55000
11330,1156,Backpack Adidas,90000
11331,1042,Backpack Adidas,19000
11332,706,Backpack Uniqlo,75000
11333,1140,Backpack LouisVuitton,25000
11334,1864,Sneakers Uniqlo,60000
11335,1461,Cap Zara,87000
11336,146,Cap H&M,99000
11337,1521,Handbag LouisVuitton,13000
11338,1132,Jeans Adidas,69000
11339,503,Cap Nike,57000
11340,1845,Handbag Adidas,21000
11341,1607,Jeans H&M,92000
11342,1679,TShirt H&M,12000
11343,706,Jacket Nike,31000
11344,268,Cap H&M,47000
11345,798,Hoodie Gucci,53000
11346,498,Hoodie Uniqlo,58000
11347,1567,Hoodie Uniqlo,91000
11348,344,Jeans Adidas,49000
11349,1438,Backpack Adidas,77000
11350,758,Sneakers Nike,61000
11351,1622,Handbag Adidas,84000
11352,1800,Handbag Puma,77000
11353,1329,Jacket Adidas,80000
11354,443,Jacket Zara,90000
11355,846,Cap Uniqlo,76000
11356,782,Jeans Gucci,14000
11357,1246,Hoodie LouisVuitton,16000
11358,370,Backpack Zara,17000
11359,770,Hoodie H&M,86000
11360,922,Jeans Adidas,84000
11361,1726,Sneakers Zara,20000
11362,1067,Backpack Adidas,19000
11363,1673,Jacket LouisVuitton,19000
11364,1325,Sneakers H&M,91000
11365,1130,Cap LouisVuitton,93000
11366,1447,Sneakers Nike,87000
11367,556,Backpack Nike,25000
11368,1462,Backpack Gucci,73000
11369,1162,Jacket LouisVuitton,75000
11370,1654,Jeans Nike,22000
11371,355,Jeans Nike,68000
11372,247,TShirt Puma,47000
11373,1463,Cap LouisVuitton,92000
11374,1529,TShirt Puma,80000
11375,1463,Hoodie Gucci,42000
11376,63,Sneakers Puma,22000
11377,1624,TShirt Gucci,30000
11378,448,Cap Zara,16000
11379,1136,Backpack Nike,15000
11380,369,Sneakers Puma,37000
11381,183,Jeans Gucci,66000
11382,363,Sneakers LouisVuitton,76000
11383,727,Handbag Adidas,11000
11384,1579,Cap Zara,57000
11385,1244,TShirt Puma,85000
11386,1532,Jacket Adidas,52000
11387,1221,Sneakers Zara,98000
11388,750,Handbag Nike,47000
11389,208,Backpack H&M,46000
11390,338,Cap Gucci,72000
11391,929,Sneakers H&M,32000
11392,284,Jeans LouisVuitton,25000
11393,1115,TShirt Uniqlo,22000
11394,863,Hoodie Gucci,37000
11395,148,Jeans LouisVuitton,65000
11396,644,Hoodie Zara,32000
11397,1461,Sneakers Adidas,75000
11398,1570,Jeans Zara,77000
11399,1256,Cap H&M,72000
11400,727,TShirt Nike,85000
11401,1416,TShirt H&M,78000
11402,1277,Sneakers Gucci,97000
11403,643,Cap Nike,33000
11404,581,Backpack Adidas,38000
11405,1371,Handbag H&M,45000
11406,63,TShirt Adidas,95000
11407,1392,Handbag H&M,45000
11408,1695,Backpack Nike,58000
11409,1847,Hoodie Uniqlo,21000
11410,74,TShirt Zara,98000
11411,1350,Jacket Nike,33000
11412,86,Cap Gucci,86000
11413,468,Cap Nike,21000
11414,1453,Backpack H&M,21000
11415,669,Jeans Gucci,46000
11416,1354,Cap LouisVuitton,73000
11417,1260,Cap Adidas,11000
11418,985,Handbag Uniqlo,59000
11419,559,Sneakers Adidas,43000
11420,43,Jeans Nike,35000
11421,326,Jeans Adidas,60000
11422,1247,TShirt Zara,88000
11423,1604,Sneakers Nike,51000
11424,426,Hoodie Adidas,38000
11425,1948,Hoodie Puma,11000
11426,239,Jeans Gucci,68000
11427,68,Backpack Adidas,40000
11428,391,Backpack Nike,83000
11429,837,Handbag Nike,66000
11430,650,Handbag Nike,86000
11431,1992,Sneakers Gucci,28000
11432,1972,Hoodie Puma,76000
11433,74,Hoodie Adidas,97000
11434,320,Backpack Puma,63000
11435,1208,TShirt Puma,31000
11436,255,Sneakers Puma,87000
11437,883,Hoodie Nike,27000
11438,1698,Sneakers Gucci,84000
11439,445,Hoodie LouisVuitton,29000
11440,619,Handbag H&M,42000
11441,1930,Handbag Puma,99000
11442,1456,TShirt H&M,30000
11443,640,Jacket Puma,31000
11444,1624,Sneakers Adidas,98000
11445,598,TShirt Puma,80000
11446,571,Jeans Puma,13000
11447,1320,Jacket LouisVuitton,96000
11448,853,Cap Uniqlo,76000
11449,1169,Backpack LouisVuitton,55000
11450,1043,Sneakers Uniqlo,66000
11451,94,Sneakers Gucci,48000
11452,1108,Jacket Nike,13000
11453,1361,Jeans Nike,14000
11454,568,Jeans Gucci,81000
11455,1900,Backpack Uniqlo,44000
11456,292,TShirt Uniqlo,77000
11457,561,Backpack Nike,74000
11458,1388,Cap Gucci,52000
11459,1880,Hoodie Uniqlo,72000
11460,1383,Jacket Uniqlo,12000
11461,201,Backpack Puma,98000
11462,799,Handbag Zara,81000
11463,29,Hoodie LouisVuitton,68000
11464,621,Hoodie Adidas,98000
11465,848,Jacket Puma,48000
11466,208,Cap H&M,13000
11467,1858,Cap Uniqlo,57000
11468,935,TShirt Nike,64000
11469,1713,Cap Uniqlo,49000
11470,1458,Hoodie Uniqlo,52000
11471,479,TShirt Nike,80000
11472,1972,Handbag LouisVuitton,79000
11473,1298,Handbag Puma,67000
11474,275,Hoodie Zara,31000
11475,1358,Sneakers Uniqlo,78000
11476,1478,Jacket LouisVuitton,28000
11477,1197,Handbag H&M,12000
11478,245,Backpack Zara,89000
11479,231,Sneakers Adidas,70000
11480,365,Jeans Adidas,29000
11481,57,Cap Nike,78000
11482,633,TShirt LouisVuitton,23000
11483,226,Jeans Zara,88000
11484,761,Jacket Gucci,80000
11485,1665,Cap LouisVuitton,40000
11486,430,Sneakers H&M,42000
11487,728,Sneakers Gucci,92000
11488,27,Jacket LouisVuitton,93000
11489,1979,Jeans Nike,61000
11490,1797,Sneakers Gucci,88000
11491,209,Backpack Gucci,52000
11492,676,Sneakers Uniqlo,57000
11493,897,Cap LouisVuitton,65000
11494,863,Jacket Gucci,84000
11495,1862,Backpack Zara,64000
11496,1939,Cap LouisVuitton,89000
11497,475,Jeans Puma,32000
11498,1453,Cap H&M,22000
11499,415,Backpack Zara,66000
11500,634,Backpack LouisVuitton,32000
11501,834,Jacket Adidas,99000
11502,477,Sneakers H&M,30000
11503,470,Backpack Nike,47000
11504,665,Cap Nike,48000
11505,494,Cap Nike,14000
11506,851,Handbag Puma,18000
11507,529,Sneakers Adidas,19000
11508,849,Jacket Adidas,29000
11509,775,Sneakers Adidas,91000
11510,1436,Jacket LouisVuitton,24000
11511,202,TShirt LouisVuitton,11000
11512,129,Cap H&M,43000
11513,935,Jacket Adidas,19000
11514,1467,Cap Zara,65000
11515,1738,Cap Adidas,74000
11516,43,Cap Zara,73000
11517,1637,Jeans Puma,67000
11518,768,Backpack Gucci,81000
11519,1081,Jacket LouisVuitton,61000
11520,959,Hoodie Uniqlo,98000
11521,1834,Sneakers Zara,93000
11522,235,Backpack Zara,77000
11523,1310,Hoodie Puma,19000
11524,1901,Hoodie Uniqlo,87000
11525,1294,Handbag Nike,36000
11526,413,Cap Gucci,82000
11527,900,Handbag Nike,61000
11528,662,Sneakers Uniqlo,92000
11529,43,Handbag Nike,55000
11530,1989,Jacket Gucci,53000
11531,994,Hoodie Nike,47000
11532,1946,Jeans Zara,23000
11533,1816,Sneakers Gucci,64000
11534,1638,Hoodie Adidas,41000
11535,1025,Backpack Nike,83000
11536,1611,Backpack Uniqlo,74000
11537,399,Sneakers Adidas,33000
11538,719,Cap Zara,42000
11539,1417,Jacket Adidas,25000
11540,1384,Backpack Adidas,78000
11541,1543,Jacket Puma,35000
11542,1520,Hoodie Nike,43000
11543,851,Cap Adidas,57000
11544,1138,Sneakers H&M,14000
11545,777,TShirt Uniqlo,49000
11546,139,Cap Nike,64000
11547,551,Cap Uniqlo,76000
11548,1145,Hoodie Puma,21000
11549,1645,Sneakers Puma,51000
11550,607,Cap Zara,57000
11551,190,Cap Gucci,21000
11552,750,Backpack Puma,37000
11553,1821,Hoodie LouisVuitton,66000
11554,1789,Hoodie H&M,54000
11555,1936,Sneakers LouisVuitton,58000
11556,1602,TShirt Puma,39000
11557,1536,Cap Gucci,18000
11558,1478,Jeans Gucci,91000
11559,214,Jacket Nike,69000
11560,1685,Sneakers Puma,54000
11561,1039,Sneakers H&M,88000
11562,1979,Hoodie Nike,41000
11563,1209,Cap Adidas,39000
11564,1543,TShirt Puma,79000
11565,1219,Cap Puma,52000
11566,603,Sneakers Adidas,86000
11567,1600,Hoodie H&M,55000
11568,1577,TShirt Uniqlo,98000
11569,1092,Jacket Zara,81000
11570,1191,TShirt Zara,47000
11571,741,Backpack Nike,10000
11572,460,TShirt Zara,27000
11573,1322,Jeans Uniqlo,75000
11574,32,Sneakers Nike,29000
11575,1711,Sneakers H&M,20000
11576,1007,Jeans Gucci,21000
11577,207,Jeans LouisVuitton,58000
11578,1990,TShirt H&M,27000
11579,1752,Handbag Gucci,93000
11580,452,Handbag Puma,79000
11581,1834,Jacket LouisVuitton,70000
11582,746,Hoodie H&M,11000
11583,1335,Jeans H&M,89000
11584,1979,Backpack Uniqlo,61000
11585,1268,Cap Uniqlo,17000
11586,556,Hoodie Zara,12000
11587,1606,Hoodie H&M,94000
11588,980,Jeans Gucci,88000
11589,1814,Cap Zara,80000
11590,893,Backpack Nike,80000
11591,461,TShirt H&M,93000
11592,161,Handbag Uniqlo,68000
11593,328,Backpack Adidas,90000
11594,381,Jeans Puma,56000
11595,340,Jeans Zara,16000
11596,160,Sneakers Puma,79000
11597,514,TShirt H&M,95000
11598,156,Handbag Puma,29000
11599,660,Backpack H&M,57000
11600,1412,TShirt H&M,75000
11601,366,Backpack LouisVuitton,53000
11602,1820,Sneakers Puma,74000
11603,245,Jeans Puma,93000
11604,684,Cap H&M,71000
11605,67,Sneakers Zara,45000
11606,1949,Jeans H&M,25000
11607,512,Sneakers Uniqlo,99000
11608,1129,Handbag Nike,10000
11609,1898,Sneakers Adidas,13000
11610,974,Backpack Nike,23000
11611,1645,Hoodie Zara,77000
11612,1579,Jeans H&M,44000
11613,395,Jacket H&M,85000
11614,1858,Cap Adidas,56000
11615,822,Sneakers Adidas,99000
11616,580,Cap Nike,63000
11617,1648,Jeans Puma,34000
11618,679,Handbag LouisVuitton,16000
11619,1009,Backpack Gucci,36000
11620,227,TShirt Puma,41000
11621,880,Jeans Puma,88000
11622,1328,Sneakers Gucci,87000
11623,744,Handbag Puma,67000
11624,1481,Cap Zara,93000
11625,1365,Jacket Adidas,88000
11626,1403,Sneakers Zara,46000
11627,1252,Handbag Nike,64000
11628,582,Jacket Adidas,13000
11629,598,Jacket Puma,30000
11630,1002,Backpack Uniqlo,75000
11631,1948,Cap Uniqlo,56000
11632,843,Hoodie Puma,37000
11633,1292,Handbag Adidas,72000
11634,14,Jacket Puma,31000
11635,1098,Sneakers H&M,52000
11636,1417,Hoodie Uniqlo,50000
11637,367,TShirt Nike,90000
11638,134,Handbag Uniqlo,54000
11639,1334,Backpack Puma,85000
11640,1007,Jacket Gucci,88000
11641,1545,Jacket Uniqlo,14000
11642,227,Jeans Adidas,51000
11643,24,Hoodie Zara,11000
11644,1119,Cap Adidas,71000
11645,1377,TShirt Puma,69000
11646,1766,Handbag Gucci,51000
11647,1432,Backpack Zara,71000
11648,1129,Hoodie Puma,65000
11649,145,Jacket Zara,12000
11650,1039,Jeans LouisVuitton,13000
11651,1328,Cap Uniqlo,73000
11652,1214,Hoodie Puma,99000
11653,1264,Hoodie LouisVuitton,22000
11654,687,Hoodie Puma,95000
11655,776,Cap Gucci,26000
11656,1965,Jacket Zara,16000
11657,598,Backpack Gucci,59000
11658,838,Hoodie H&M,38000
11659,792,Sneakers LouisVuitton,82000
11660,88,Backpack Puma,41000
11661,62,Jacket Zara,65000
11662,341,Jacket Adidas,38000
11663,1945,Backpack Uniqlo,92000
11664,111,Jacket Gucci,40000
11665,1679,Jacket Nike,47000
11666,1852,Cap LouisVuitton,71000
11667,1924,Jeans LouisVuitton,80000
11668,626,Jacket LouisVuitton,55000
11669,1025,Sneakers Nike,22000
11670,27,TShirt Gucci,81000
11671,176,Sneakers H&M,13000
11672,242,Handbag Puma,60000
11673,973,TShirt LouisVuitton,12000
11674,516,Jacket Nike,57000
11675,1382,Backpack Uniqlo,79000
11676,272,Cap Zara,23000
11677,1548,Hoodie Adidas,81000
11678,599,Sneakers Uniqlo,83000
11679,1647,Handbag LouisVuitton,70000
11680,1643,Jeans Adidas,14000
11681,166,Backpack Puma,79000
11682,995,Sneakers LouisVuitton,36000
11683,52,Jeans Uniqlo,56000
11684,1237,Backpack Zara,86000
11685,723,Hoodie Gucci,77000
11686,1739,Hoodie Nike,92000
11687,445,Backpack Puma,11000
11688,958,Cap Uniqlo,82000
11689,797,Handbag Uniqlo,52000
11690,1101,Cap Zara,13000
11691,177,Hoodie Uniqlo,53000
11692,1735,Backpack LouisVuitton,94000
11693,299,Backpack Zara,44000
11694,316,Backpack Adidas,19000
11695,1435,Jeans Zara,24000
11696,415,Cap LouisVuitton,19000
11697,1398,Jeans H&M,63000
11698,1238,Backpack Gucci,46000
11699,850,Jacket Puma,12000
11700,168,Handbag Gucci,85000
11701,1206,Hoodie Puma,66000
11702,1629,Cap Zara,93000
11703,1118,Jacket Nike,64000
11704,273,Hoodie Zara,49000
11705,53,Handbag LouisVuitton,64000
11706,578,Handbag Gucci,76000
11707,377,Jacket Uniqlo,24000
11708,237,Jeans Zara,97000
11709,315,Hoodie Nike,68000
11710,660,Handbag Puma,80000
11711,859,Jacket LouisVuitton,77000
11712,1210,Backpack LouisVuitton,78000
11713,1503,TShirt Nike,54000
11714,1316,Handbag Zara,14000
11715,1132,Cap Gucci,67000
11716,297,TShirt Uniqlo,37000
11717,875,TShirt Adidas,18000
11718,915,Hoodie Uniqlo,61000
11719,677,Cap Zara,75000
11720,108,Sneakers Uniqlo,80000
11721,503,Jeans Adidas,89000
11722,1921,Backpack Gucci,46000
11723,687,Cap Gucci,86000
11724,450,Handbag H&M,28000
11725,716,Sneakers Gucci,12000
11726,1295,TShirt H&M,91000
11727,17,TShirt LouisVuitton,61000
11728,492,Hoodie Adidas,71000
11729,433,TShirt Gucci,71000
11730,1885,Sneakers Adidas,51000
11731,484,Jacket Gucci,13000
11732,1178,Backpack H&M,81000
11733,17,Jacket LouisVuitton,41000
11734,540,Cap Adidas,19000
11735,1537,Jeans Uniqlo,23000
11736,1421,Cap Zara,33000
11737,1922,Jacket Gucci,27000
11738,1804,Cap Nike,50000
11739,1745,Backpack Nike,20000
11740,1254,Handbag LouisVuitton,32000
11741,1182,Cap Adidas,91000
11742,285,Cap LouisVuitton,39000
11743,1531,TShirt Gucci,67000
11744,1029,Backpack Uniqlo,92000
11745,605,Backpack Uniqlo,43000
11746,33,Jacket Nike,94000
11747,1257,Backpack LouisVuitton,48000
11748,1898,Handbag H&M,90000
11749,1352,Backpack Nike,48000
11750,888,Hoodie Uniqlo,20000
11751,1251,Cap Adidas,36000
11752,1462,Sneakers Puma,52000
11753,1958,Sneakers H&M,53000
11754,673,Handbag H&M,25000
11755,992,Jeans Adidas,14000
11756,1721,Hoodie Adidas,74000
11757,657,Jeans Gucci,59000
11758,1023,Hoodie Gucci,91000
11759,1323,Backpack H&M,64000
11760,1061,TShirt Gucci,35000
11761,210,Hoodie Nike,46000
11762,1056,Backpack H&M,52000
11763,75,Sneakers H&M,85000
11764,761,Jeans Nike,86000
11765,656,Hoodie Gucci,78000
11766,407,Jeans H&M,94000
11767,969,Sneakers Puma,15000
11768,870,Hoodie Zara,49000
11769,787,TShirt Nike,72000
11770,1282,TShirt Uniqlo,88000
11771,1869,Backpack H&M,58000
11772,940,TShirt LouisVuitton,19000
11773,1670,Jeans LouisVuitton,47000
11774,420,Handbag H&M,22000
11775,768,Hoodie H&M,35000
11776,1452,Sneakers LouisVuitton,24000
11777,384,Handbag Uniqlo,91000
11778,1611,Sneakers Nike,11000
11779,10,Sneakers Gucci,76000
11780,327,Cap LouisVuitton,84000
11781,665,Jacket Adidas,96000
11782,1017,Hoodie Adidas,74000
11783,116,Sneakers Gucci,19000
11784,1452,Handbag Adidas,94000
11785,554,Jeans Gucci,82000
11786,830,Jacket Zara,60000
11787,1911,Jacket Nike,28000
11788,1230,Jeans Nike,68000
11789,860,TShirt Gucci,24000
11790,1899,TShirt H&M,98000
11791,234,Handbag Uniqlo,63000
11792,219,Handbag H&M,17000
11793,694,Sneakers Uniqlo,47000
11794,1552,Handbag Adidas,42000
11795,1319,Sneakers Gucci,16000
11796,676,TShirt Adidas,75000
11797,1635,Jacket LouisVuitton,95000
11798,1502,Backpack H&M,87000
11799,325,Sneakers Uniqlo,15000
11800,410,Jacket Nike,71000
11801,1145,Hoodie Uniqlo,84000
11802,485,Backpack Adidas,95000
11803,1182,Handbag Uniqlo,88000
11804,382,Jacket Adidas,89000
11805,1826,TShirt Adidas,13000
11806,1062,Jacket Gucci,10000
11807,473,Backpack Zara,78000
11808,672,Cap Uniqlo,93000
11809,1430,Hoodie LouisVuitton,54000
11810,1505,Cap Uniqlo,92000
11811,384,Cap Nike,43000
11812,1456,Sneakers Uniqlo,48000
11813,1070,Backpack Adidas,79000
11814,39,Handbag H&M,43000
11815,747,Jeans LouisVuitton,20000
11816,288,Sneakers Zara,23000
11817,1106,Backpack LouisVuitton,31000
11818,1240,Jacket Uniqlo,70000
11819,1378,Jacket Uniqlo,47000
11820,350,Jeans LouisVuitton,99000
11821,74,Jeans LouisVuitton,15000
11822,1316,TShirt Uniqlo,97000
11823,334,Backpack Zara,56000
11824,365,Backpack Gucci,93000
11825,1616,TShirt H&M,19000
11826,397,Handbag Gucci,66000
11827,983,Jacket Puma,71000
11828,1084,Cap Gucci,10000
11829,347,TShirt Zara,69000
11830,818,Sneakers Zara,87000
11831,1702,Jeans H&M,96000
11832,780,Hoodie H&M,96000
11833,996,TShirt Nike,17000
11834,661,Backpack Adidas,66000
11835,195,Hoodie Nike,73000
11836,1069,Cap Puma,43000
11837,1091,TShirt Zara,72000
11838,1253,Handbag Gucci,32000
11839,1623,Jeans Uniqlo,16000
11840,1761,Cap Puma,71000
11841,530,Sneakers Puma,61000
11842,388,Sneakers Gucci,10000
11843,698,Jeans Nike,97000
11844,614,Sneakers Nike,11000
11845,1080,Backpack Gucci,28000
11846,401,Cap Nike,40000
11847,166,Hoodie Uniqlo,50000
11848,1695,TShirt Puma,73000
11849,367,Handbag H&M,55000
11850,1870,Hoodie H&M,50000
11851,1553,Hoodie Nike,78000
11852,1323,Sneakers Gucci,91000
11853,173,TShirt H&M,85000
11854,106,Cap Uniqlo,34000
11855,1237,Hoodie Zara,38000
11856,1003,Cap Gucci,10000
11857,733,Backpack Adidas,95000
11858,934,Handbag Adidas,17000
11859,715,Jacket H&M,80000
11860,1824,Sneakers Puma,20000
11861,167,Jeans LouisVuitton,98000
11862,1459,Handbag Nike,39000
11863,651,Cap Nike,91000
11864,1050,Handbag Puma,69000
11865,707,Handbag Uniqlo,66000
11866,1169,Jeans Gucci,75000
11867,1196,Hoodie LouisVuitton,37000
11868,1337,Jacket H&M,52000
11869,1513,Handbag LouisVuitton,51000
11870,1761,Cap Puma,93000
11871,665,Sneakers H&M,27000
11872,62,Jeans Puma,45000
11873,226,Backpack Gucci,82000
11874,243,Backpack Zara,44000
11875,761,Handbag Zara,53000
11876,793,Jacket H&M,92000
11877,1031,Handbag LouisVuitton,94000
11878,1656,Jacket Puma,10000
11879,757,Handbag H&M,41000
11880,1499,Sneakers Nike,12000
11881,1536,Jeans LouisVuitton,91000
11882,496,Jeans Gucci,13000
11883,741,Hoodie H&M,27000
11884,165,Hoodie Puma,91000
11885,1365,Backpack Adidas,79000
11886,1228,Hoodie H&M,49000
11887,290,Handbag Adidas,27000
11888,375,Backpack Nike,35000
11889,944,Jeans Adidas,90000
11890,811,Backpack Zara,73000
11891,612,Jeans H&M,91000
11892,865,Jeans Uniqlo,53000
11893,1784,Jeans Uniqlo,57000
11894,1920,Backpack Uniqlo,18000
11895,1988,Backpack LouisVuitton,49000
11896,612,Backpack Uniqlo,39000
11897,1526,Handbag Nike,89000
11898,522,Jeans Gucci,85000
11899,635,TShirt H&M,43000
11900,1408,Cap H&M,47000
11901,1907,Jeans H&M,67000
11902,1529,Jeans Adidas,29000
11903,1552,Backpack LouisVuitton,60000
11904,823,Hoodie Nike,98000
11905,1686,TShirt Uniqlo,54000
11906,703,TShirt Adidas,26000
11907,28,Backpack Adidas,14000
11908,520,Backpack Nike,12000
11909,1946,Jacket Nike,40000
11910,795,Sneakers Puma,66000
11911,73,Handbag H&M,56000
11912,772,TShirt Gucci,33000
11913,773,Jeans Zara,82000
11914,1039,TShirt Gucci,24000
11915,1197,Jacket LouisVuitton,78000
11916,187,Sneakers Puma,63000
11917,817,Jeans Uniqlo,86000
11918,1050,Cap Uniqlo,47000
11919,1891,Jeans Adidas,31000
11920,846,Jeans Nike,59000
11921,198,Handbag LouisVuitton,73000
11922,317,Handbag Adidas,29000
11923,1026,Cap Adidas,59000
11924,990,Jeans H&M,46000
11925,1245,Jacket Zara,72000
11926,890,Jacket Gucci,97000
11927,658,Jeans Adidas,39000
11928,923,Handbag Uniqlo,56000
11929,446,Sneakers Puma,83000
11930,1423,Hoodie H&M,36000
11931,109,Sneakers Puma,13000
11932,325,Backpack Puma,96000
11933,1073,Handbag Nike,61000
11934,254,Jacket Zara,60000
11935,1787,Hoodie LouisVuitton,97000
11936,941,Jacket Puma,73000
11937,863,Backpack Nike,89000
11938,791,Backpack Zara,52000
11939,580,Hoodie Nike,47000
11940,1363,Handbag Puma,33000
11941,49,Backpack H&M,33000
11942,1995,Sneakers LouisVuitton,76000
11943,1105,TShirt Uniqlo,71000
11944,761,Hoodie Gucci,37000
11945,1471,Jeans Zara,37000
11946,1306,Jeans LouisVuitton,52000
11947,106,TShirt Puma,88000
11948,798,Sneakers H&M,20000
11949,354,Cap Puma,26000
11950,1797,Jacket Uniqlo,78000
11951,360,TShirt Adidas,51000
11952,1603,Cap Gucci,81000
11953,1666,Jeans Uniqlo,27000
11954,1180,Sneakers Uniqlo,57000
11955,484,Cap Nike,39000
11956,1432,Backpack Nike,28000
11957,1287,TShirt LouisVuitton,38000
11958,176,Sneakers H&M,95000
11959,5,Jacket Gucci,38000
11960,542,Jacket Puma,29000
11961,1770,Hoodie Zara,93000
11962,1456,Jeans Puma,77000
11963,404,Cap Gucci,52000
11964,1094,Jeans Uniqlo,59000
11965,1012,Jacket Gucci,83000
11966,831,Backpack H&M,91000
11967,699,Sneakers Adidas,44000
11968,1999,Sneakers H&M,44000
11969,1357,TShirt Adidas,60000
11970,204,Sneakers LouisVuitton,11000
11971,1520,Jeans Puma,71000
11972,859,Jacket Gucci,33000
11973,573,Cap LouisVuitton,36000
11974,599,Cap LouisVuitton,79000
11975,1150,Jeans Puma,15000
11976,394,Cap H&M,65000
11977,62,Cap Puma,60000
11978,1682,Cap H&M,42000
11979,1628,Backpack Uniqlo,64000
11980,1837,Handbag LouisVuitton,84000
11981,1191,Cap H&M,12000
11982,236,Sneakers Zara,78000
11983,690,Cap Uniqlo,43000
11984,35,Jacket Puma,22000
11985,945,Handbag Zara,89000
11986,1495,Handbag H&M,66000
11987,1850,Handbag Gucci,74000
11988,1614,Jacket Nike,68000
11989,1141,Jeans Puma,37000
11990,1154,Cap Puma,89000
11991,876,Hoodie LouisVuitton,95000
11992,414,Cap Gucci,26000
11993,923,Sneakers Uniqlo,24000
11994,479,Jeans Adidas,29000
11995,944,Handbag Adidas,22000
11996,323,Backpack Nike,97000
11997,1435,TShirt LouisVuitton,39000
11998,45,Jeans Zara,38000
11999,655,Jacket H&M,92000
12000,1902,Handbag Uniqlo,80000
